{
  "type": "FeatureCollection",
  "features": [
    {
      "type": "Feature",
      "properties": {
        "name": "Colonia"
      },
      "geometry": {
        "type": "MultiLineString",
        "coordinates": [
          [
            [
              -147.2368079597176,
              -85.52559276184473
            ],
            [
              -147.23680793527373,
              -85.52559276312756
            ],
            [
              -147.23680792326064,
              -85.52559276769986
            ],
            [
              -147.2368079317982,
              -85.52559277460286
            ],
            [
              -147.2368079444774,
              -85.52559278256692
            ],
            [
              -147.23680794737578,
              -85.5255927858595
            ],
            [
              -147.2368079475734,
              -85.5255927895779
            ],
            [
              -147.23680793816544,
              -85.52559279191829
            ],
            [
              -147.23680791658612,
              -85.52559279585623
            ],
            [
              -147.23680790447702,
              -85.52559279862244
            ],
            [
              -147.23680790462947,
              -85.52559280149093
            ],
            [
              -147.23680791289044,
              -85.52559280318816
            ],
            [
              -147.23680794566866,
              -85.52559280498366
            ],
            [
              -147.23680798518222,
              -85.52559280539585
            ],
            [
              -147.23680802329443,
              -85.5255928050648
            ],
            [
              -147.23680805314584,
              -85.52559280303653
            ],
            [
              -147.23680807618314,
              -85.52559280090422
            ],
            [
              -147.23680811973682,
              -85.52559280046518
            ],
            [
              -147.2368081496955,
              -85.52559280045548
            ],
            [
              -147.23680817146126,
              -85.52559280002347
            ],
            [
              -147.23680818913584,
              -85.52559279948655
            ],
            [
              -147.2368082122351,
              -85.52559279852291
            ],
            [
              -147.2368082462732,
              -85.52559279840564
            ],
            [
              -147.23680828445882,
              -85.52559279945572
            ],
            [
              -147.23680832128304,
              -85.52559280050623
            ],
            [
              -147.2368083663452,
              -85.52559280282898
            ],
            [
              -147.23680840737887,
              -85.52559280621547
            ],
            [
              -147.23680842929127,
              -85.52559280854572
            ],
            [
              -147.2368084389309,
              -85.5255928105612
            ],
            [
              -147.23680844455285,
              -85.5255928138529
            ],
            [
              -147.23680844059746,
              -85.52559281629775
            ],
            [
              -147.2368084149158,
              -85.52559281991829
            ],
            [
              -147.2368083864603,
              -85.52559282258356
            ],
            [
              -147.23680837158233,
              -85.52559282450073
            ],
            [
              -147.23680836627074,
              -85.52559282705226
            ],
            [
              -147.23680838284912,
              -85.52559283150907
            ],
            [
              -147.23680839933138,
              -85.5255928341598
            ],
            [
              -147.2368084266851,
              -85.52559283638205
            ],
            [
              -147.23680845395407,
              -85.52559283701068
            ],
            [
              -147.23680848118389,
              -85.52559283689563
            ],
            [
              -147.23680850698958,
              -85.52559283561237
            ],
            [
              -147.23680853552995,
              -85.52559283454072
            ],
            [
              -147.23680857636586,
              -85.52559283420878
            ],
            [
              -147.2368086172073,
              -85.5255928339831
            ],
            [
              -147.23680864995742,
              -85.52559283524741
            ],
            [
              -147.2368086610492,
              -85.5255928389623
            ],
            [
              -147.23680866258027,
              -85.52559284214907
            ],
            [
              -147.23680866414506,
              -85.52559284597329
            ],
            [
              -147.23680868204562,
              -85.52559284968598
            ],
            [
              -147.23680869985586,
              -85.52559285169883
            ],
            [
              -147.23680872439598,
              -85.52559285222209
            ],
            [
              -147.23680875851312,
              -85.52559285359222
            ],
            [
              -147.23680878582184,
              -85.52559285496453
            ],
            [
              -147.2368088145543,
              -85.52559285750505
            ],
            [
              -147.2368088283693,
              -85.52559286121907
            ],
            [
              -147.2368088381162,
              -85.52559286525312
            ],
            [
              -147.23680884924198,
              -85.52559286960546
            ],
            [
              -147.2368088400202,
              -85.52559287545176
            ],
            [
              -147.23680881169403,
              -85.52559288056055
            ],
            [
              -147.23680874009085,
              -85.52559289131419
            ],
            [
              -147.23680871712165,
              -85.52559289472137
            ],
            [
              -147.23680870910925,
              -85.52559289769876
            ],
            [
              -147.23680870263902,
              -85.5255929040754
            ],
            [
              -147.23680867580478,
              -85.52559291162727
            ],
            [
              -147.23680866244675,
              -85.52559291651872
            ],
            [
              -147.23680865714095,
              -85.5255929191765
            ],
            [
              -147.2368086559428,
              -85.52559292225791
            ],
            [
              -147.2368086669612,
              -85.52559292459169
            ],
            [
              -147.23680869028047,
              -85.52559292777141
            ],
            [
              -147.23680871761175,
              -85.52559292956869
            ],
            [
              -147.23680874490333,
              -85.5255929306223
            ],
            [
              -147.2368087953,
              -85.52559293081848
            ],
            [
              -147.23680887160364,
              -85.52559293164373
            ],
            [
              -147.23680891112866,
              -85.5255929322684
            ],
            [
              -147.23680894661896,
              -85.52559293385056
            ],
            [
              -147.23680896303347,
              -85.5255929352264
            ],
            [
              -147.23680897676977,
              -85.52559293745304
            ],
            [
              -147.23680899745034,
              -85.52559294222726
            ],
            [
              -147.236809012723,
              -85.52559294774693
            ],
            [
              -147.2368090224473,
              -85.525592951356
            ],
            [
              -147.23680903073634,
              -85.52559295358441
            ],
            [
              -147.23680906765088,
              -85.52559295633478
            ],
            [
              -147.23680914830496,
              -85.52559296215202
            ],
            [
              -147.23680921809373,
              -85.52559296850399
            ],
            [
              -147.2368092686649,
              -85.52559297199363
            ],
            [
              -147.23680931373318,
              -85.52559297442264
            ],
            [
              -147.2368093533595,
              -85.52559297695962
            ],
            [
              -147.23680938076984,
              -85.52559298024426
            ],
            [
              -147.23680938635823,
              -85.52559298289852
            ],
            [
              -147.23680939462452,
              -85.52559298470196
            ],
            [
              -147.23680940559774,
              -85.5255929861858
            ],
            [
              -147.23680942067315,
              -85.52559298798705
            ],
            [
              -147.23680945909007,
              -85.52559299339299
            ],
            [
              -147.2368094741374,
              -85.52559299466301
            ],
            [
              -147.23680951914324,
              -85.52559299592338
            ],
            [
              -147.23680954915838,
              -85.52559299697609
            ],
            [
              -147.23680956556177,
              -85.52559299813944
            ],
            [
              -147.23680957524638,
              -85.52559300100484
            ],
            [
              -147.23680957461218,
              -85.52559300342962
            ],
            [
              -147.23680957464606,
              -85.52559300406706
            ],
            [
              -147.23680957638504,
              -85.5255930060426
            ],
            [
              -147.23680957673113,
              -85.52559300626828
            ],
            [
              -147.23680957892455,
              -85.52559300769916
            ],
            [
              -147.23680957570352,
              -85.52559300859264
            ],
            [
              -147.23680957370894,
              -85.52559300905152
            ],
            [
              -147.23680956764392,
              -85.5255930104468
            ],
            [
              -147.23680956511146,
              -85.5255930107926
            ],
            [
              -147.23680955706695,
              -85.52559301153096
            ],
            [
              -147.23680954244807,
              -85.52559301319306
            ],
            [
              -147.23680953269073,
              -85.52559301408866
            ],
            [
              -147.23680952884393,
              -85.52559301419811
            ],
            [
              -147.23680951229503,
              -85.52559301466897
            ],
            [
              -147.23680949597085,
              -85.52559301499296
            ],
            [
              -147.23680947966005,
              -85.52559301557194
            ],
            [
              -147.23680947234706,
              -85.52559301633927
            ],
            [
              -147.23680946834668,
              -85.52559301793418
            ],
            [
              -147.2368094697856,
              -85.52559301869748
            ],
            [
              -147.23680947086908,
              -85.52559301927204
            ],
            [
              -147.23680947584597,
              -85.52559302067282
            ],
            [
              -147.23680947673037,
              -85.52559302194744
            ],
            [
              -147.2368094776461,
              -85.52559302379575
            ],
            [
              -147.2368094770293,
              -85.52559302612596
            ],
            [
              -147.23680947683079,
              -85.52559302687587
            ],
            [
              -147.2368094756047,
              -85.52559303150962
            ],
            [
              -147.23680947645215,
              -85.52559303208305
            ],
            [
              -147.23680948061534,
              -85.52559303354785
            ],
            [
              -147.23680948966052,
              -85.5255930346286
            ],
            [
              -147.2368095036454,
              -85.52559303640894
            ],
            [
              -147.23680951452695,
              -85.5255930371622
            ],
            [
              -147.23680951922694,
              -85.52559303748757
            ],
            [
              -147.23680954054817,
              -85.52559303894682
            ],
            [
              -147.23680955942848,
              -85.5255930405981
            ],
            [
              -147.23680956253008,
              -85.52559304115367
            ],
            [
              -147.2368095665849,
              -85.52559304188011
            ],
            [
              -147.23680958500142,
              -85.52559304517948
            ],
            [
              -147.23680960720756,
              -85.52559304791335
            ],
            [
              -147.23680961281693,
              -85.52559304860115
            ],
            [
              -147.236809631058,
              -85.52559305083793
            ],
            [
              -147.23680964095405,
              -85.52559305255586
            ],
            [
              -147.23680965414903,
              -85.52559305484641
            ],
            [
              -147.23680965664096,
              -85.52559305561056
            ],
            [
              -147.23680965802615,
              -85.52559305611358
            ],
            [
              -147.23680965997343,
              -85.52559305682064
            ],
            [
              -147.23680965920738,
              -85.52559305777707
            ],
            [
              -147.2368096543726,
              -85.52559305905353
            ],
            [
              -147.23680964633746,
              -85.52559306160596
            ],
            [
              -147.23680963178276,
              -85.5255930644792
            ],
            [
              -147.2368096206558,
              -85.52559306650554
            ],
            [
              -147.23680961074282,
              -85.52559306831074
            ],
            [
              -147.23680959855437,
              -85.52559306958959
            ],
            [
              -147.23680958307784,
              -85.52559307048702
            ],
            [
              -147.2368095725037,
              -85.52559307138289
            ],
            [
              -147.23680956438045,
              -85.52559307227794
            ],
            [
              -147.2368095579117,
              -85.52559307355494
            ],
            [
              -147.23680955631482,
              -85.52559307425665
            ],
            [
              -147.23680955637244,
              -85.52559307534031
            ],
            [
              -147.23680955777232,
              -85.52559307550867
            ],
            [
              -147.23680956377365,
              -85.52559307623035
            ],
            [
              -147.2368095670621,
              -85.52559307661177
            ],
            [
              -147.23680957773448,
              -85.52559307756448
            ],
            [
              -147.2368095851388,
              -85.52559307851828
            ],
            [
              -147.23680958683727,
              -85.52559307972889
            ],
            [
              -147.23680958727985,
              -85.52559308153873
            ],
            [
              -147.2368095878814,
              -85.5255930839995
            ],
            [
              -147.2368095879593,
              -85.52559308546562
            ],
            [
              -147.23680959211566,
              -85.52559308680293
            ],
            [
              -147.2368095935014,
              -85.52559308713596
            ],
            [
              -147.2368095987367,
              -85.52559308839442
            ],
            [
              -147.236809604482,
              -85.52559308978314
            ],
            [
              -147.23680960453075,
              -85.52559308979494
            ],
            [
              -147.2368096095043,
              -85.52559309113198
            ],
            [
              -147.23680961117566,
              -85.52559309183265
            ],
            [
              -147.23680961124003,
              -85.52559309304378
            ],
            [
              -147.23680961054464,
              -85.52559309533883
            ],
            [
              -147.2368096103712,
              -85.52559309963596
            ],
            [
              -147.2368096102568,
              -85.52559310246127
            ],
            [
              -147.23680961019176,
              -85.52559310407206
            ],
            [
              -147.2368096069948,
              -85.52559310541176
            ],
            [
              -147.2368096013261,
              -85.52559310636977
            ],
            [
              -147.23680960139723,
              -85.5255931077084
            ],
            [
              -147.2368095966202,
              -85.52559311006853
            ],
            [
              -147.23680959422668,
              -85.52559311115297
            ],
            [
              -147.2368095942944,
              -85.52559311242787
            ],
            [
              -147.23680959683696,
              -85.52559311414817
            ],
            [
              -147.23680959757777,
              -85.52559311444952
            ],
            [
              -147.23680959934245,
              -85.52559311516728
            ],
            [
              -147.23680960272233,
              -85.52559311726979
            ],
            [
              -147.23680960196972,
              -85.52559311848118
            ],
            [
              -147.23680959466702,
              -85.52559311943975
            ],
            [
              -147.23680958898493,
              -85.52559312014277
            ],
            [
              -147.23680958658784,
              -85.52559312116347
            ],
            [
              -147.23680958666236,
              -85.52559312256585
            ],
            [
              -147.23680958916788,
              -85.52559312358495
            ],
            [
              -147.23680959003227,
              -85.52559312447711
            ],
            [
              -147.23680959088313,
              -85.5255931251143
            ],
            [
              -147.23680959207968,
              -85.52559313225339
            ],
            [
              -147.23680959577675,
              -85.52559313472129
            ],
            [
              -147.23680960303676,
              -85.52559313856064
            ],
            [
              -147.2368096112853,
              -85.52559314002411
            ],
            [
              -147.2368096113192,
              -85.52559314066156
            ],
            [
              -147.2368096105324,
              -85.52559314123552
            ],
            [
              -147.23680960729138,
              -85.52559314174654
            ],
            [
              -147.2368095934691,
              -85.5255931430259
            ],
            [
              -147.23680956991,
              -85.52559314558334
            ],
            [
              -147.2368095634651,
              -85.52559314730655
            ],
            [
              -147.2368095602358,
              -85.52559314868161
            ],
            [
              -147.23680955938732,
              -85.52559315432836
            ],
            [
              -147.2368095578466,
              -85.52559316458337
            ],
            [
              -147.23680955961947,
              -85.52559316719636
            ],
            [
              -147.23680955319492,
              -85.52559316930203
            ],
            [
              -147.23680954839077,
              -85.5255931711522
            ],
            [
              -147.23680953633828,
              -85.52559317498083
            ],
            [
              -147.23680953075424,
              -85.52559317753246
            ],
            [
              -147.236809523489,
              -85.52559317919217
            ],
            [
              -147.23680951544355,
              -85.52559318155335
            ],
            [
              -147.23680951061232,
              -85.52559318289357
            ],
            [
              -147.2368095041639,
              -85.52559318455303
            ],
            [
              -147.23680950397966,
              -85.52559318459973
            ],
            [
              -147.23680950013284,
              -85.52559318557427
            ],
            [
              -147.23680948964338,
              -85.52559318806374
            ],
            [
              -147.2368094804615,
              -85.52559318976883
            ],
            [
              -147.23680947848564,
              -85.5255931933582
            ],
            [
              -147.2368094769699,
              -85.52559319558979
            ],
            [
              -147.23680946969108,
              -85.52559319699454
            ],
            [
              -147.236809464019,
              -85.52559319788881
            ],
            [
              -147.23680945590965,
              -85.52559319903885
            ],
            [
              -147.23680944698623,
              -85.5255932002529
            ],
            [
              -147.23680944052776,
              -85.52559320172112
            ],
            [
              -147.23680943648998,
              -85.52559320261487
            ],
            [
              -147.23680943494375,
              -85.52559320427274
            ],
            [
              -147.2368094349912,
              -85.52559320516517
            ],
            [
              -147.2368094375068,
              -85.52559320637552
            ],
            [
              -147.23680944327714,
              -85.52559320732983
            ],
            [
              -147.236809450705,
              -85.52559320872983
            ],
            [
              -147.23680947385347,
              -85.52559321382198
            ],
            [
              -147.23680949712488,
              -85.52559322018831
            ],
            [
              -147.2368095003855,
              -85.52559322108036
            ],
            [
              -147.23680951691634,
              -85.52559322464475
            ],
            [
              -147.2368095243579,
              -85.52559322629972
            ],
            [
              -147.23680952943286,
              -85.52559322954912
            ],
            [
              -147.23680952956158,
              -85.52559323197138
            ],
            [
              -147.23680952971404,
              -85.52559323483989
            ],
            [
              -147.23680953638282,
              -85.52559323732379
            ],
            [
              -147.23680954056613,
              -85.52559323917106
            ],
            [
              -147.23680954555,
              -85.52559324069932
            ],
            [
              -147.23680955057753,
              -85.52559324305629
            ],
            [
              -147.23680955063173,
              -85.5255932440762
            ],
            [
              -147.23680954823803,
              -85.52559324516064
            ],
            [
              -147.23680953850814,
              -85.52559324656619
            ],
            [
              -147.23680953118497,
              -85.52559324714227
            ],
            [
              -147.23680952222767,
              -85.52559324771886
            ],
            [
              -147.2368095075715,
              -85.5255932486798
            ],
            [
              -147.23680949293242,
              -85.52559324995944
            ],
            [
              -147.2368094799204,
              -85.52559325111105
            ],
            [
              -147.23680947098356,
              -85.52559325207012
            ],
            [
              -147.23680946204337,
              -85.52559325296545
            ],
            [
              -147.23680945145887,
              -85.52559325367008
            ],
            [
              -147.23680944086084,
              -85.52559325411973
            ],
            [
              -147.2368094302594,
              -85.52559325450562
            ],
            [
              -147.23680941474564,
              -85.52559325470189
            ],
            [
              -147.2368093835679,
              -85.5255932558497
            ],
            [
              -147.23680937102776,
              -85.52559325632437
            ],
            [
              -147.236809350253,
              -85.52559325732565
            ],
            [
              -147.2368093120811,
              -85.5255932600897
            ],
            [
              -147.23680930642254,
              -85.52559326123894
            ],
            [
              -147.23680930240153,
              -85.5255932624514
            ],
            [
              -147.2368093016355,
              -85.52559326340783
            ],
            [
              -147.23680930170326,
              -85.52559326468273
            ],
            [
              -147.23680930843963,
              -85.52559326844153
            ],
            [
              -147.23680930930723,
              -85.52559326939742
            ],
            [
              -147.23680930936393,
              -85.52559327046397
            ],
            [
              -147.2368093094258,
              -85.52559327162847
            ],
            [
              -147.23680931115834,
              -85.52559327347652
            ],
            [
              -147.23680931124642,
              -85.52559327513389
            ],
            [
              -147.23680931049378,
              -85.52559327634529
            ],
            [
              -147.23680930243816,
              -85.52559327851523
            ],
            [
              -147.2368092959594,
              -85.525593279601
            ],
            [
              -147.23680928380855,
              -85.52559328158104
            ],
            [
              -147.2368092765294,
              -85.5255932829858
            ],
            [
              -147.23680926763677,
              -85.52559328477355
            ],
            [
              -147.23680926284635,
              -85.52559328687867
            ],
            [
              -147.23680926044915,
              -85.52559328789938
            ],
            [
              -147.23680925483478,
              -85.5255932898773
            ],
            [
              -147.2368092508173,
              -85.52559329115351
            ],
            [
              -147.2368092427381,
              -85.52559329287726
            ],
            [
              -147.23680924033118,
              -85.52559329370672
            ],
            [
              -147.2368092379475,
              -85.5255932949824
            ],
            [
              -147.23680923802542,
              -85.52559329644852
            ],
            [
              -147.23680924228017,
              -85.52559329963442
            ],
            [
              -147.23680924642287,
              -85.52559330071675
            ],
            [
              -147.23680925236448,
              -85.52559330167571
            ],
            [
              -147.23680925846804,
              -85.52559330242153
            ],
            [
              -147.236809277671,
              -85.5255933044676
            ],
            [
              -147.2368093292677,
              -85.52559330674576
            ],
            [
              -147.23680936690988,
              -85.52559330781725
            ],
            [
              -147.23680937062204,
              -85.5255933081707
            ],
            [
              -147.23680940961353,
              -85.52559331188316
            ],
            [
              -147.23680942687326,
              -85.52559331378993
            ],
            [
              -147.23680943596588,
              -85.52559331576309
            ],
            [
              -147.23680944338375,
              -85.52559331697185
            ],
            [
              -147.23680944914392,
              -85.52559331773493
            ],
            [
              -147.23680945654803,
              -85.52559331868873
            ],
            [
              -147.23680947051596,
              -85.52559332015036
            ],
            [
              -147.23680948035462,
              -85.52559332078461
            ],
            [
              -147.23680948853848,
              -85.52559332103695
            ],
            [
              -147.23680950161167,
              -85.52559332103273
            ],
            [
              -147.236809508148,
              -85.52559332103061
            ],
            [
              -147.23680952694022,
              -85.52559332102453
            ],
            [
              -147.23680954003697,
              -85.52559332146653
            ],
            [
              -147.23680955068565,
              -85.52559332197303
            ],
            [
              -147.23680955890032,
              -85.52559332279908
            ],
            [
              -147.23680956383305,
              -85.52559332337118
            ],
            [
              -147.2368095687627,
              -85.52559332387956
            ],
            [
              -147.23680957207145,
              -85.52559332464341
            ],
            [
              -147.23680957994088,
              -85.52559332771025
            ],
            [
              -147.23680957899396,
              -85.52559333190817
            ],
            [
              -147.2368095841575,
              -85.5255933368149
            ],
            [
              -147.2368095875238,
              -85.5255933386624
            ],
            [
              -147.2368095908869,
              -85.52559334044619
            ],
            [
              -147.23680959505683,
              -85.52559334203848
            ],
            [
              -147.23680961571034,
              -85.52559334630274
            ],
            [
              -147.23680962726084,
              -85.52559334840261
            ],
            [
              -147.23680963059346,
              -85.52559334961268
            ],
            [
              -147.23680963887233,
              -85.52559335164986
            ],
            [
              -147.2368096438965,
              -85.52559335394307
            ],
            [
              -147.23680964478817,
              -85.52559335534518
            ],
            [
              -147.23680964485254,
              -85.52559335655633
            ],
            [
              -147.23680964493045,
              -85.52559335802245
            ],
            [
              -147.2368096417435,
              -85.52559335955337
            ],
            [
              -147.23680963772938,
              -85.52559336089331
            ],
            [
              -147.23680963455936,
              -85.52559336274297
            ],
            [
              -147.23680962734474,
              -85.52559336535884
            ],
            [
              -147.23680961437657,
              -85.52559336733914
            ],
            [
              -147.23680957941633,
              -85.52559337060148
            ],
            [
              -147.2368095362477,
              -85.52559337316525
            ],
            [
              -147.2368094810361,
              -85.5255933767067
            ],
            [
              -147.23680945075492,
              -85.5255933784097
            ],
            [
              -147.2368093913399,
              -85.5255933831564
            ],
            [
              -147.2368093758532,
              -85.52559338386261
            ],
            [
              -147.23680936117668,
              -85.52559338444107
            ],
            [
              -147.23680933914315,
              -85.52559338495816
            ],
            [
              -147.23680932118148,
              -85.52559338521894
            ],
            [
              -147.23680929752075,
              -85.52559338586406
            ],
            [
              -147.23680928365107,
              -85.525593386251
            ],
            [
              -147.2368092746362,
              -85.52559338640697
            ],
            [
              -147.23680923708577,
              -85.52559338639357
            ],
            [
              -147.23680920597994,
              -85.52559338531995
            ],
            [
              -147.23680915522758,
              -85.52559338355148
            ],
            [
              -147.2368091298447,
              -85.52559338253978
            ],
            [
              -147.23680911102872,
              -85.52559338209966
            ],
            [
              -147.23680909059865,
              -85.5255933820425
            ],
            [
              -147.23680907672573,
              -85.52559338236573
            ],
            [
              -147.23680906204928,
              -85.52559338294417
            ],
            [
              -147.23680905148495,
              -85.52559338403127
            ],
            [
              -147.23680903933084,
              -85.52559338594756
            ],
            [
              -147.23680902800052,
              -85.52559338799108
            ],
            [
              -147.23680901928623,
              -85.52559338949679
            ],
            [
              -147.23680901099823,
              -85.52559339092886
            ],
            [
              -147.23680900372574,
              -85.5255933924611
            ],
            [
              -147.23680899724695,
              -85.52559339354687
            ],
            [
              -147.23680898585567,
              -85.525593394443
            ],
            [
              -147.23680897444726,
              -85.5255933950204
            ],
            [
              -147.23680896220833,
              -85.52559339534308
            ],
            [
              -147.23680894857702,
              -85.52559339608901
            ],
            [
              -147.23680891163892,
              -85.5255933970168
            ],
            [
              -147.2368088929043,
              -85.52559339810655
            ],
            [
              -147.2368088807363,
              -85.52559339976786
            ],
            [
              -147.23680887014032,
              -85.52559340115869
            ],
            [
              -147.2368088629306,
              -85.52559340296088
            ],
            [
              -147.2368088581331,
              -85.52559340493855
            ],
            [
              -147.2368088573874,
              -85.52559340627744
            ],
            [
              -147.23680885747208,
              -85.52559340787106
            ],
            [
              -147.23680885925185,
              -85.52559341061152
            ],
            [
              -147.2368088593772,
              -85.52559341297005
            ],
            [
              -147.23680885945512,
              -85.52559341443617
            ],
            [
              -147.23680885707495,
              -85.52559341577559
            ],
            [
              -147.236808850613,
              -85.52559341718009
            ],
            [
              -147.23680884088986,
              -85.52559341871313
            ],
            [
              -147.2368088327902,
              -85.5255934200544
            ],
            [
              -147.23680882873543,
              -85.52559342062942
            ],
            [
              -147.2368088214597,
              -85.52559342209791
            ],
            [
              -147.23680881496722,
              -85.52559342292871
            ],
            [
              -147.23680880437612,
              -85.52559342350582
            ],
            [
              -147.23680878887907,
              -85.52559342402081
            ],
            [
              -147.2368087766369,
              -85.52559342427975
            ],
            [
              -147.23680875785826,
              -85.52559342454082
            ],
            [
              -147.23680874559545,
              -85.52559342441728
            ],
            [
              -147.23680872922384,
              -85.52559342384886
            ],
            [
              -147.23680871938535,
              -85.5255934232146
            ],
            [
              -147.23680871035353,
              -85.52559342238884
            ],
            [
              -147.23680869641288,
              -85.52559342143716
            ],
            [
              -147.23680868739802,
              -85.52559342093012
            ],
            [
              -147.2368086751289,
              -85.5255934206791
            ],
            [
              -147.23680866122857,
              -85.52559342049237
            ],
            [
              -147.23680863836128,
              -85.525593420691
            ],
            [
              -147.2368086188266,
              -85.5255934220997
            ],
            [
              -147.23680860743835,
              -85.52559342305958
            ],
            [
              -147.23680859765406,
              -85.52559342344522
            ],
            [
              -147.2368085788649,
              -85.52559342351505
            ],
            [
              -147.23680855843193,
              -85.52559342339414
            ],
            [
              -147.23680854533873,
              -85.5255934230159
            ],
            [
              -147.23680853406404,
              -85.52559342246545
            ],
            [
              -147.23680852977398,
              -85.525593422256
            ],
            [
              -147.23680851502633,
              -85.52559342149583
            ],
            [
              -147.23680850029902,
              -85.52559342111813
            ],
            [
              -147.23680848229313,
              -85.52559342055024
            ],
            [
              -147.23680846999017,
              -85.52559341966177
            ],
            [
              -147.23680846177209,
              -85.52559341877199
            ],
            [
              -147.23680845600512,
              -85.52559341788142
            ],
            [
              -147.2368084422891,
              -85.52559341496566
            ],
            [
              -147.23680843492005,
              -85.52559341397973
            ],
            [
              -147.23680843043593,
              -85.52559341336378
            ],
            [
              -147.23680841568486,
              -85.52559341253986
            ],
            [
              -147.23680840831753,
              -85.52559341228725
            ],
            [
              -147.2368083968654,
              -85.52559341203597
            ],
            [
              -147.23680838379255,
              -85.5255934120402
            ],
            [
              -147.23680837725942,
              -85.52559341210608
            ],
            [
              -147.23680836848226,
              -85.52559341242556
            ],
            [
              -147.23680836665798,
              -85.52559341249197
            ],
            [
              -147.23680836015873,
              -85.52559341319528
            ],
            [
              -147.23680835366628,
              -85.52559341402606
            ],
            [
              -147.23680834392925,
              -85.52559341530412
            ],
            [
              -147.23680833501632,
              -85.52559341670941
            ],
            [
              -147.23680832688987,
              -85.52559341754072
            ],
            [
              -147.23680831466768,
              -85.52559341818211
            ],
            [
              -147.23680829915727,
              -85.52559341844213
            ],
            [
              -147.2368082860878,
              -85.5255934185101
            ],
            [
              -147.2368082656579,
              -85.52559341845296
            ],
            [
              -147.23680824929664,
              -85.52559341807579
            ],
            [
              -147.2368082353865,
              -85.5255934176978
            ],
            [
              -147.23680821983154,
              -85.52559341712914
            ],
            [
              -147.23680821000676,
              -85.52559341674984
            ],
            [
              -147.23680819936115,
              -85.52559341630705
            ],
            [
              -147.23680818380328,
              -85.52559341567465
            ],
            [
              -147.23680817481568,
              -85.52559341567755
            ],
            [
              -147.23680816584502,
              -85.52559341599917
            ],
            [
              -147.23680815688448,
              -85.52559341651204
            ],
            [
              -147.2368081462932,
              -85.52559341708917
            ],
            [
              -147.23680814340574,
              -85.52559341737565
            ],
            [
              -147.23680808853274,
              -85.52559342182501
            ],
            [
              -147.23680805106332,
              -85.52559342400447
            ],
            [
              -147.2368080257754,
              -85.5255934247776
            ],
            [
              -147.23680795522404,
              -85.52559342742356
            ],
            [
              -147.23680793461406,
              -85.52559342810427
            ],
            [
              -147.2368079134105,
              -85.52559342849527
            ],
            [
              -147.23680789023624,
              -85.52559342892259
            ],
            [
              -147.23680787799697,
              -85.52559342933966
            ],
            [
              -147.23680785121314,
              -85.52559343025241
            ],
            [
              -147.23680784386286,
              -85.52559343031854
            ],
            [
              -147.23680783160714,
              -85.5255934303225
            ],
            [
              -147.23680782015148,
              -85.52559343000749
            ],
            [
              -147.2368078021456,
              -85.52559342943958
            ],
            [
              -147.23680779149672,
              -85.52559342893306
            ],
            [
              -147.23680777347087,
              -85.52559342798273
            ],
            [
              -147.23680775461767,
              -85.52559342684141
            ],
            [
              -147.23680772425783,
              -85.52559342442889
            ],
            [
              -147.23680770779814,
              -85.52559342220314
            ],
            [
              -147.2368076929655,
              -85.52559341984936
            ],
            [
              -147.23680767816043,
              -85.52559341800551
            ],
            [
              -147.23680766829824,
              -85.52559341692503
            ],
            [
              -147.23680766093443,
              -85.52559341673619
            ],
            [
              -147.23680764541385,
              -85.52559341680495
            ],
            [
              -147.2368076274657,
              -85.52559341732072
            ],
            [
              -147.236807616888,
              -85.52559341815282
            ],
            [
              -147.23680761041922,
              -85.52559341942982
            ],
            [
              -147.23680760399128,
              -85.52559342147177
            ],
            [
              -147.23680760247555,
              -85.52559342370334
            ],
            [
              -147.23680759542708,
              -85.52559342944271
            ],
            [
              -147.23680758653077,
              -85.52559343116673
            ],
            [
              -147.23680758247923,
              -85.52559343180548
            ],
            [
              -147.23680757273223,
              -85.5255934328923
            ],
            [
              -147.23680755483844,
              -85.52559343442798
            ],
            [
              -147.2368074732953,
              -85.52559343751413
            ],
            [
              -147.23680746351425,
              -85.52559343796351
            ],
            [
              -147.23680744641374,
              -85.52559343905271
            ],
            [
              -147.2368074366735,
              -85.52559344026702
            ],
            [
              -147.2368074204711,
              -85.52559344288584
            ],
            [
              -147.2368074172469,
              -85.52559344371556
            ],
            [
              -147.23680741566355,
              -85.52559344467225
            ],
            [
              -147.23680741412446,
              -85.52559344645762
            ],
            [
              -147.23680741829116,
              -85.52559344798615
            ],
            [
              -147.23680742325095,
              -85.52559344906821
            ],
            [
              -147.2368074298891,
              -85.52559345097845
            ],
            [
              -147.2368074365438,
              -85.52559345320738
            ],
            [
              -147.23680743907303,
              -85.5255934546727
            ],
            [
              -147.23680744410413,
              -85.5255934570934
            ],
            [
              -147.2368074458533,
              -85.5255934592602
            ],
            [
              -147.23680744597522,
              -85.52559346155498
            ],
            [
              -147.2368074476568,
              -85.52559346244686
            ],
            [
              -147.23680745097937,
              -85.52559346346573
            ],
            [
              -147.23680745347792,
              -85.52559346435734
            ],
            [
              -147.23680745926885,
              -85.52559346510328
            ],
            [
              -147.23680746335043,
              -85.52559346562906
            ],
            [
              -147.2368074666321,
              -85.52559346588296
            ],
            [
              -147.2368074732194,
              -85.52559346683704
            ],
            [
              -147.23680748391553,
              -85.52559346823595
            ],
            [
              -147.23680749299476,
              -85.52559346995415
            ],
            [
              -147.2368075005005,
              -85.52559347282026
            ],
            [
              -147.2368075005852,
              -85.52559347441387
            ],
            [
              -147.23680749665223,
              -85.52559347728369
            ],
            [
              -147.23680749265864,
              -85.52559347900609
            ],
            [
              -147.23680747083864,
              -85.52559348353908
            ],
            [
              -147.2368074498187,
              -85.52559348775307
            ],
            [
              -147.2368074296327,
              -85.52559349228554
            ],
            [
              -147.23680742075703,
              -85.525593494392
            ],
            [
              -147.23680741998376,
              -85.52559349522095
            ],
            [
              -147.2368074200549,
              -85.52559349655957
            ],
            [
              -147.2368074205336,
              -85.52559349726205
            ],
            [
              -147.2368074465768,
              -85.52559350362672
            ],
            [
              -147.23680746056505,
              -85.52559350547081
            ],
            [
              -147.23680746960687,
              -85.52559350648782
            ],
            [
              -147.236807474918,
              -85.5255935068694
            ],
            [
              -147.23680748108964,
              -85.5255935073128
            ],
            [
              -147.23680749502043,
              -85.52559350807323
            ],
            [
              -147.2368075105815,
              -85.5255935087694
            ],
            [
              -147.2368075498309,
              -85.52559350933042
            ],
            [
              -147.23680756280228,
              -85.52559350961968
            ],
            [
              -147.23680759626234,
              -85.52559351140403
            ],
            [
              -147.2368076079977,
              -85.52559351224387
            ],
            [
              -147.23680762196884,
              -85.52559351376927
            ],
            [
              -147.23680763842188,
              -85.52559351586756
            ],
            [
              -147.23680765080294,
              -85.52559351822211
            ],
            [
              -147.23680768635987,
              -85.52559352617878
            ],
            [
              -147.2368077307384,
              -85.52559353100908
            ],
            [
              -147.2368077693094,
              -85.52559353418387
            ],
            [
              -147.23680778323666,
              -85.52559353488056
            ],
            [
              -147.23680778899316,
              -85.5255935355799
            ],
            [
              -147.23680779231898,
              -85.5255935366625
            ],
            [
              -147.23680779235963,
              -85.52559353742744
            ],
            [
              -147.23680779240703,
              -85.52559353831987
            ],
            [
              -147.2368077916783,
              -85.52559353997746
            ],
            [
              -147.23680778847424,
              -85.52559354118968
            ],
            [
              -147.23680778121897,
              -85.52559354304061
            ],
            [
              -147.23680777310287,
              -85.52559354406318
            ],
            [
              -147.2368077625758,
              -85.52559354585145
            ],
            [
              -147.23680774959087,
              -85.52559354751304
            ],
            [
              -147.23680773493467,
              -85.52559354847396
            ],
            [
              -147.23680771536257,
              -85.5255935491815
            ],
            [
              -147.23680769986555,
              -85.52559354969648
            ],
            [
              -147.2368076851992,
              -85.52559355046616
            ],
            [
              -147.23680767218715,
              -85.52559355161779
            ],
            [
              -147.23680766325728,
              -85.52559355270434
            ],
            [
              -147.23680766182343,
              -85.52559355283265
            ],
            [
              -147.2368076414074,
              -85.52559355465962
            ],
            [
              -147.23680763373127,
              -85.52559355537039
            ],
            [
              -147.23680759125375,
              -85.52559355750122
            ],
            [
              -147.23680756473433,
              -85.52559355943647
            ],
            [
              -147.23680752141226,
              -85.52559356488398
            ],
            [
              -147.236807487465,
              -85.52559357260631
            ],
            [
              -147.23680746095027,
              -85.52559357741414
            ],
            [
              -147.23680742325308,
              -85.5255935825154
            ],
            [
              -147.23680739655734,
              -85.52559358703104
            ],
            [
              -147.23680732208402,
              -85.52559359962851
            ],
            [
              -147.2368073205829,
              -85.52559360257257
            ],
            [
              -147.23680731489372,
              -85.52559361373046
            ],
            [
              -147.23680732199617,
              -85.52559362139979
            ],
            [
              -147.2368073428376,
              -85.5255936259286
            ],
            [
              -147.2368073822896,
              -85.5255936317029
            ],
            [
              -147.23680738296068,
              -85.5255936317744
            ],
            [
              -147.23680739954278,
              -85.52559363354116
            ],
            [
              -147.23680740634077,
              -85.52559363426545
            ],
            [
              -147.236807433462,
              -85.52559363715518
            ],
            [
              -147.23680744211393,
              -85.52559363807701
            ],
            [
              -147.2368074589302,
              -85.52559363986877
            ],
            [
              -147.2368074763843,
              -85.52559364203563
            ],
            [
              -147.23680750855993,
              -85.52559364603017
            ],
            [
              -147.23680752278977,
              -85.52559364730047
            ],
            [
              -147.23680752430798,
              -85.52559364760128
            ],
            [
              -147.236807530497,
              -85.52559364882786
            ],
            [
              -147.23680753164498,
              -85.5255936499324
            ],
            [
              -147.2368075284535,
              -85.52559365137834
            ],
            [
              -147.2368075031675,
              -85.52559365651845
            ],
            [
              -147.23680749430468,
              -85.52559365831347
            ],
            [
              -147.23680749601215,
              -85.52559366701111
            ],
            [
              -147.23680749651606,
              -85.5255936695766
            ],
            [
              -147.23680748820317,
              -85.5255936729798
            ],
            [
              -147.2368074859665,
              -85.52559367358232
            ],
            [
              -147.23680748283283,
              -85.52559367442642
            ],
            [
              -147.23680747113778,
              -85.52559367582751
            ],
            [
              -147.23680745793476,
              -85.52559367740926
            ],
            [
              -147.23680744061247,
              -85.52559367945472
            ],
            [
              -147.23680736313327,
              -85.52559368653573
            ],
            [
              -147.23680729638036,
              -85.52559369191046
            ],
            [
              -147.23680727143264,
              -85.5255936939584
            ],
            [
              -147.23680725303447,
              -85.52559369625916
            ],
            [
              -147.2368072483215,
              -85.52559369713597
            ],
            [
              -147.2368072196196,
              -85.5255937029845
            ],
            [
              -147.23680721645525,
              -85.52559370494038
            ],
            [
              -147.2368072164927,
              -85.5255937056454
            ],
            [
              -147.2368072165469,
              -85.52559370666532
            ],
            [
              -147.23680721657269,
              -85.52559370715018
            ],
            [
              -147.23680721617967,
              -85.52559370792972
            ],
            [
              -147.23680721361623,
              -85.52559371301571
            ],
            [
              -147.23680722371424,
              -85.52559371853705
            ],
            [
              -147.2368072303364,
              -85.52559372014979
            ],
            [
              -147.23680723693633,
              -85.52559372133757
            ],
            [
              -147.2368072468177,
              -85.52559372277926
            ],
            [
              -147.23680725234175,
              -85.52559372422236
            ],
            [
              -147.23680725349874,
              -85.5255937254969
            ],
            [
              -147.2368072535981,
              -85.52559372736674
            ],
            [
              -147.23680724665482,
              -85.5255937306937
            ],
            [
              -147.23680724212068,
              -85.52559373286641
            ],
            [
              -147.23680724537866,
              -85.52559373604731
            ],
            [
              -147.2368072815854,
              -85.52559374173111
            ],
            [
              -147.23680728843314,
              -85.52559374599879
            ],
            [
              -147.236807296329,
              -85.5255937471736
            ],
            [
              -147.2368073222385,
              -85.52559374790137
            ],
            [
              -147.23680735228078,
              -85.52559374821918
            ],
            [
              -147.23680736463083,
              -85.52559374896333
            ],
            [
              -147.23680738395134,
              -85.52559375012753
            ],
            [
              -147.23680741453745,
              -85.52559375502918
            ],
            [
              -147.23680742877295,
              -85.52559375654846
            ],
            [
              -147.23680745355517,
              -85.52559375900478
            ],
            [
              -147.2368074677491,
              -85.52559375959514
            ],
            [
              -147.23680747190912,
              -85.52559375964012
            ],
            [
              -147.23680749827054,
              -85.52559375992524
            ],
            [
              -147.23680755931377,
              -85.52559376058545
            ],
            [
              -147.23680757678463,
              -85.52559376134475
            ],
            [
              -147.23680758772414,
              -85.52559376219114
            ],
            [
              -147.2368076214616,
              -85.5255937653387
            ],
            [
              -147.23680764707788,
              -85.52559376762355
            ],
            [
              -147.23680766295973,
              -85.52559376970022
            ],
            [
              -147.23680766938963,
              -85.52559377019286
            ],
            [
              -147.23680771710067,
              -85.52559377384826
            ],
            [
              -147.23680773994218,
              -85.52559377473781
            ],
            [
              -147.23680777637435,
              -85.52559377802906
            ],
            [
              -147.23680778544255,
              -85.52559377949993
            ],
            [
              -147.2368077883838,
              -85.5255937817847
            ],
            [
              -147.23680777950793,
              -85.52559378390193
            ],
            [
              -147.23680777047437,
              -85.52559378861119
            ],
            [
              -147.2368077689153,
              -85.52559379330046
            ],
            [
              -147.23680779547317,
              -85.525593798911
            ],
            [
              -147.23680785662285,
              -85.52559380562487
            ],
            [
              -147.23680789856613,
              -85.52559380741118
            ],
            [
              -147.23680793853865,
              -85.52559381089783
            ],
            [
              -147.236807950666,
              -85.52559381283591
            ],
            [
              -147.2368079512555,
              -85.52559381702189
            ],
            [
              -147.23680794391478,
              -85.5255938186838
            ],
            [
              -147.23680794625824,
              -85.52559383288228
            ],
            [
              -147.23680790800637,
              -85.52559383930733
            ],
            [
              -147.23680790276916,
              -85.52559384194879
            ],
            [
              -147.2368079053183,
              -85.5255938467043
            ],
            [
              -147.23680791305955,
              -85.52559385119952
            ],
            [
              -147.23680792600894,
              -85.52559385297117
            ],
            [
              -147.23680793261096,
              -85.5255938567305
            ],
            [
              -147.23680792167536,
              -85.525593860701
            ],
            [
              -147.23680786393464,
              -85.52559386975382
            ],
            [
              -147.23680782098467,
              -85.52559387365741
            ],
            [
              -147.2368077702473,
              -85.52559387641945
            ],
            [
              -147.23680769195514,
              -85.52559388393182
            ],
            [
              -147.23680767553813,
              -85.5255938858978
            ],
            [
              -147.23680763790074,
              -85.52559389040498
            ],
            [
              -147.23680759548046,
              -85.52559389318758
            ],
            [
              -147.2368075902322,
              -85.52559389401965
            ],
            [
              -147.23680760050198,
              -85.52559390696644
            ],
            [
              -147.23680759423223,
              -85.52559390883444
            ],
            [
              -147.23680756243937,
              -85.52559391296612
            ],
            [
              -147.23680753362808,
              -85.52559391506652
            ],
            [
              -147.23680740925946,
              -85.52559392029941
            ],
            [
              -147.23680737700394,
              -85.5255939244322
            ],
            [
              -147.2368073506615,
              -85.52559392712402
            ],
            [
              -147.23680722195928,
              -85.52559393562889
            ],
            [
              -147.236807193707,
              -85.52559393699792
            ],
            [
              -147.23680717627627,
              -85.52559393700356
            ],
            [
              -147.23680715230955,
              -85.52559393701131
            ],
            [
              -147.23680712834252,
              -85.52559393701907
            ],
            [
              -147.23680708267855,
              -85.525593935473
            ],
            [
              -147.23680705755132,
              -85.52559393538237
            ],
            [
              -147.23680700405043,
              -85.5255939351894
            ],
            [
              -147.23680699098642,
              -85.52559393536362
            ],
            [
              -147.23680694093707,
              -85.52559393656972
            ],
            [
              -147.23680690614827,
              -85.52559393794087
            ],
            [
              -147.23680688444136,
              -85.52559393947777
            ],
            [
              -147.2368068497608,
              -85.52559394288876
            ],
            [
              -147.2368068411448,
              -85.52559394476141
            ],
            [
              -147.2368068282707,
              -85.5255939485053
            ],
            [
              -147.23680680882404,
              -85.52559395157137
            ],
            [
              -147.236806789341,
              -85.5255939539575
            ],
            [
              -147.2368067676794,
              -85.52559395634434
            ],
            [
              -147.23680669225416,
              -85.52559396174662
            ],
            [
              -147.2368066240466,
              -85.52559396584931
            ],
            [
              -147.23680658796602,
              -85.52559396695015
            ],
            [
              -147.23680654365242,
              -85.52559396830219
            ],
            [
              -147.2368063357931,
              -85.52559397228642
            ],
            [
              -147.2368063115249,
              -85.52559397209689
            ],
            [
              -147.23680622941143,
              -85.52559397145559
            ],
            [
              -147.23680620432503,
              -85.52559397125967
            ],
            [
              -147.23680609732054,
              -85.52559397154508
            ],
            [
              -147.23680605776252,
              -85.52559397044911
            ],
            [
              -147.23680602646255,
              -85.52559396958189
            ],
            [
              -147.23680595560535,
              -85.52559396761873
            ],
            [
              -147.23680588453675,
              -85.5255939650536
            ],
            [
              -147.23680583470698,
              -85.52559396410135
            ],
            [
              -147.2368057848772,
              -85.52559396314909
            ],
            [
              -147.23680572919014,
              -85.5255939627698
            ],
            [
              -147.2368055823411,
              -85.52559396348474
            ],
            [
              -147.2368054634423,
              -85.52559396510233
            ],
            [
              -147.2368053867851,
              -85.52559396614522
            ],
            [
              -147.23680529064947,
              -85.52559396941533
            ],
            [
              -147.23680527819062,
              -85.52559396983911
            ],
            [
              -147.23680521803823,
              -85.5255939718852
            ],
            [
              -147.23680518376483,
              -85.52559397305102
            ],
            [
              -147.23680517029652,
              -85.52559397350916
            ],
            [
              -147.23680516959578,
              -85.52559397353298
            ],
            [
              -147.23680513709766,
              -85.52559397568018
            ],
            [
              -147.23680511901458,
              -85.52559397687496
            ],
            [
              -147.2368051082541,
              -85.52559397758588
            ],
            [
              -147.23680506772146,
              -85.52559398026393
            ],
            [
              -147.2368049889322,
              -85.52559398693538
            ],
            [
              -147.2368049072985,
              -85.52559399684822
            ],
            [
              -147.23680483965623,
              -85.52559400666509
            ],
            [
              -147.23680480950742,
              -85.5255940110406
            ],
            [
              -147.23680471898757,
              -85.52559402294837
            ],
            [
              -147.2368047002809,
              -85.52559402540926
            ],
            [
              -147.23680458383188,
              -85.52559404072798
            ],
            [
              -147.23680451702592,
              -85.5255940488052
            ],
            [
              -147.23680441332934,
              -85.52559406704073
            ],
            [
              -147.23680436295103,
              -85.52559407589916
            ],
            [
              -147.23680433505396,
              -85.52559408080455
            ],
            [
              -147.2368042566565,
              -85.52559409458985
            ],
            [
              -147.2368042397651,
              -85.52559409755983
            ],
            [
              -147.23680421261278,
              -85.52559410233395
            ],
            [
              -147.23680416401777,
              -85.52559411087832
            ],
            [
              -147.23680410221456,
              -85.52559412174507
            ],
            [
              -147.23680408057018,
              -85.52559412836091
            ],
            [
              -147.23680405892515,
              -85.52559413497669
            ],
            [
              -147.2368040489189,
              -85.52559414439271
            ],
            [
              -147.23680402265543,
              -85.52559415739266
            ],
            [
              -147.2368039606578,
              -85.52559416952434
            ],
            [
              -147.23680383358925,
              -85.52559418720166
            ],
            [
              -147.23680374443566,
              -85.52559420082952
            ],
            [
              -147.2368036918505,
              -85.52559420527191
            ],
            [
              -147.2368036270925,
              -85.52559421132679
            ],
            [
              -147.23680359239088,
              -85.52559421475176
            ],
            [
              -147.2368035393626,
              -85.5255942210241
            ],
            [
              -147.23680351910699,
              -85.52559422457198
            ],
            [
              -147.23680350836764,
              -85.52559422645297
            ],
            [
              -147.23680348340903,
              -85.52559423376367
            ],
            [
              -147.23680336373428,
              -85.52559425533919
            ],
            [
              -147.23680331733232,
              -85.52559426415651
            ],
            [
              -147.2368033107173,
              -85.52559426847985
            ],
            [
              -147.23680332037767,
              -85.52559427695815
            ],
            [
              -147.2368033503052,
              -85.52559428483795
            ],
            [
              -147.23680339624033,
              -85.52559429185763
            ],
            [
              -147.23680347235123,
              -85.52559429946437
            ],
            [
              -147.23680351916806,
              -85.52559430400028
            ],
            [
              -147.23680357936598,
              -85.5255943113545
            ],
            [
              -147.23680359156677,
              -85.52559431363215
            ],
            [
              -147.23680360307367,
              -85.52559431578035
            ],
            [
              -147.23680363127895,
              -85.5255943214154
            ],
            [
              -147.23680363062468,
              -85.52559432255372
            ],
            [
              -147.2368036277904,
              -85.52559432748903
            ],
            [
              -147.23680361290596,
              -85.52559433465393
            ],
            [
              -147.23680360021015,
              -85.52559434721195
            ],
            [
              -147.23680359162898,
              -85.5255943546445
            ],
            [
              -147.23680351683598,
              -85.52559438102226
            ],
            [
              -147.23680350436834,
              -85.52559438481231
            ],
            [
              -147.23680346955857,
              -85.52559439204887
            ],
            [
              -147.2368034580646,
              -85.52559439443836
            ],
            [
              -147.23680336684697,
              -85.52559440527625
            ],
            [
              -147.2368033130402,
              -85.52559441401554
            ],
            [
              -147.23680324456237,
              -85.52559442962462
            ],
            [
              -147.2368031743718,
              -85.525594441334
            ],
            [
              -147.2368031233927,
              -85.52559445579944
            ],
            [
              -147.23680311819388,
              -85.52559446047576
            ],
            [
              -147.23680311580924,
              -85.52559446685109
            ],
            [
              -147.23680311627217,
              -85.5255944755628
            ],
            [
              -147.23680311864584,
              -85.52559448597516
            ],
            [
              -147.23680312032295,
              -85.52559449147269
            ],
            [
              -147.23680315799487,
              -85.52559450677603
            ],
            [
              -147.23680317007657,
              -85.52559451103394
            ],
            [
              -147.23680324585067,
              -85.5255945226386
            ],
            [
              -147.23680325086013,
              -85.52559452340579
            ],
            [
              -147.23680325784056,
              -85.52559452514735
            ],
            [
              -147.23680328955712,
              -85.52559453306068
            ],
            [
              -147.23680332593506,
              -85.5255945488335
            ],
            [
              -147.236803330752,
              -85.52559455092201
            ],
            [
              -147.23680335453304,
              -85.52559455676496
            ],
            [
              -147.23680336158208,
              -85.52559455977357
            ],
            [
              -147.2368033899529,
              -85.52559457188276
            ],
            [
              -147.23680339964145,
              -85.52559458214604
            ],
            [
              -147.2368034101781,
              -85.52559459330821
            ],
            [
              -147.23680341072856,
              -85.52559460469665
            ],
            [
              -147.2368034109801,
              -85.52559460989812
            ],
            [
              -147.23680340438122,
              -85.5255946251469
            ],
            [
              -147.23680338393584,
              -85.52559463407044
            ],
            [
              -147.23680335234127,
              -85.52559465770972
            ],
            [
              -147.2368033208966,
              -85.52559467847128
            ],
            [
              -147.23680331667873,
              -85.52559468125605
            ],
            [
              -147.23680328316553,
              -85.52559470176912
            ],
            [
              -147.23680324848254,
              -85.52559472227485
            ],
            [
              -147.23680320733894,
              -85.5255947408559
            ],
            [
              -147.23680320995803,
              -85.52559474952926
            ],
            [
              -147.23680322769397,
              -85.52559476140355
            ],
            [
              -147.23680324992225,
              -85.52559476968327
            ],
            [
              -147.23680326381097,
              -85.52559477477841
            ],
            [
              -147.23680326952922,
              -85.52559477987619
            ],
            [
              -147.23680326703135,
              -85.5255947841267
            ],
            [
              -147.2368032563404,
              -85.52559478795487
            ],
            [
              -147.23680324022527,
              -85.52559479220977
            ],
            [
              -147.23680323456847,
              -85.525594793502
            ],
            [
              -147.2368032160069,
              -85.5255947977422
            ],
            [
              -147.23680319176614,
              -85.52559480284968
            ],
            [
              -147.23680309881217,
              -85.52559481752755
            ],
            [
              -147.2368030524087,
              -85.52559482364511
            ],
            [
              -147.23680300357353,
              -85.52559483008322
            ],
            [
              -147.23680290725133,
              -85.52559483904842
            ],
            [
              -147.2368029020499,
              -85.52559484918605
            ],
            [
              -147.236802898444,
              -85.52559485621389
            ],
            [
              -147.23680289610834,
              -85.5255948667417
            ],
            [
              -147.23680291049422,
              -85.5255948779979
            ],
            [
              -147.2368029642033,
              -85.52559489197941
            ],
            [
              -147.23680297604488,
              -85.5255948947731
            ],
            [
              -147.23680301416206,
              -85.5255949026342
            ],
            [
              -147.2368030199849,
              -85.52559490560404
            ],
            [
              -147.23680306483018,
              -85.52559491755487
            ],
            [
              -147.23680309321423,
              -85.52559492910977
            ],
            [
              -147.236803131717,
              -85.52559495415812
            ],
            [
              -147.23680313228158,
              -85.52559496478219
            ],
            [
              -147.23680307846263,
              -85.52559497662892
            ],
            [
              -147.23680301362108,
              -85.52559498691896
            ],
            [
              -147.23680294057132,
              -85.52559499607943
            ],
            [
              -147.23680283759674,
              -85.52559500588703
            ],
            [
              -147.23680276966678,
              -85.52559500888378
            ],
            [
              -147.23680273704116,
              -85.52559500995675
            ],
            [
              -147.23680266927138,
              -85.52559501211124
            ],
            [
              -147.23680261236342,
              -85.52559501392041
            ],
            [
              -147.2368025250918,
              -85.52559501916215
            ],
            [
              -147.23680245467526,
              -85.52559502662189
            ],
            [
              -147.23680242219612,
              -85.5255950304571
            ],
            [
              -147.23680238734374,
              -85.52559504088013
            ],
            [
              -147.23680237394055,
              -85.52559504492167
            ],
            [
              -147.2368023523783,
              -85.52559504917835
            ],
            [
              -147.23680233074802,
              -85.52559505216011
            ],
            [
              -147.23680227648097,
              -85.52559505600239
            ],
            [
              -147.23680217114017,
              -85.5255950620477
            ],
            [
              -147.23680194073174,
              -85.52559507333179
            ],
            [
              -147.23680186713273,
              -85.52559507556593
            ],
            [
              -147.23680183348975,
              -85.52559507641496
            ],
            [
              -147.23680169911128,
              -85.52559508088721
            ],
            [
              -147.23680156473253,
              -85.52559508535936
            ],
            [
              -147.2368014986275,
              -85.52559508801659
            ],
            [
              -147.236801422356,
              -85.52559509051362
            ],
            [
              -147.23680138433377,
              -85.52559509214679
            ],
            [
              -147.23680135969033,
              -85.52559509322631
            ],
            [
              -147.23680125400736,
              -85.52559509785583
            ],
            [
              -147.23680118220136,
              -85.5255951014964
            ],
            [
              -147.23680101034495,
              -85.52559511335778
            ],
            [
              -147.23680091271598,
              -85.52559512125129
            ],
            [
              -147.23680082332527,
              -85.52559513041703
            ],
            [
              -147.23680080718725,
              -85.52559513424697
            ],
            [
              -147.236800755971,
              -85.52559514425032
            ],
            [
              -147.23680071886508,
              -85.52559515728873
            ],
            [
              -147.23680070660131,
              -85.52559516276051
            ],
            [
              -147.23680069855985,
              -85.52559516845443
            ],
            [
              -147.23680068463764,
              -85.52559518570787
            ],
            [
              -147.23680067160723,
              -85.5255951967613
            ],
            [
              -147.23680063125096,
              -85.52559520612368
            ],
            [
              -147.23680060433196,
              -85.52559521208195
            ],
            [
              -147.23680053661656,
              -85.52559521911584
            ],
            [
              -147.2368004606626,
              -85.52559522487749
            ],
            [
              -147.23680036825473,
              -85.52559522851962
            ],
            [
              -147.23680025495517,
              -85.52559523351584
            ],
            [
              -147.23680019672486,
              -85.52559523606905
            ],
            [
              -147.23680012647384,
              -85.52559523977828
            ],
            [
              -147.23680000723186,
              -85.5255952534737
            ],
            [
              -147.2367999902547,
              -85.52559525603664
            ],
            [
              -147.2367999740502,
              -85.52559525911711
            ],
            [
              -147.23679993556834,
              -85.52559526643256
            ],
            [
              -147.23679993149617,
              -85.52559526769177
            ],
            [
              -147.23679991381104,
              -85.52559527316032
            ],
            [
              -147.2367998909174,
              -85.5255952802394
            ],
            [
              -147.23679988721543,
              -85.52559528138414
            ],
            [
              -147.23679988454165,
              -85.5255952838168
            ],
            [
              -147.2367998680046,
              -85.525595296464
            ],
            [
              -147.23679982221287,
              -85.52559530604063
            ],
            [
              -147.23679968967477,
              -85.52559532329474
            ],
            [
              -147.23679960310906,
              -85.52559533437193
            ],
            [
              -147.23679952863947,
              -85.52559534303488
            ],
            [
              -147.23679949829187,
              -85.52559534662386
            ],
            [
              -147.23679949566915,
              -85.52559534752861
            ],
            [
              -147.2367994620459,
              -85.52559535912698
            ],
            [
              -147.23679945634785,
              -85.52559536109246
            ],
            [
              -147.23679944381124,
              -85.52559537082041
            ],
            [
              -147.2367994447948,
              -85.52559537484807
            ],
            [
              -147.23679956293705,
              -85.52559539597497
            ],
            [
              -147.2367995690616,
              -85.52559539707033
            ],
            [
              -147.23679963868355,
              -85.52559540952186
            ],
            [
              -147.23679973012284,
              -85.52559542587521
            ],
            [
              -147.2367998058811,
              -85.52559543942421
            ],
            [
              -147.23679996432853,
              -85.5255954673557
            ],
            [
              -147.23680019115199,
              -85.52559550734064
            ],
            [
              -147.2368002710589,
              -85.52559558259222
            ],
            [
              -147.2368003738329,
              -85.52559560009304
            ],
            [
              -147.23680062893848,
              -85.52559564353349
            ],
            [
              -147.23680129955562,
              -85.52559568294672
            ],
            [
              -147.23680149260935,
              -85.52559569429276
            ],
            [
              -147.23680161930398,
              -85.52559570285567
            ],
            [
              -147.2368016840509,
              -85.52559570723173
            ],
            [
              -147.23680173969922,
              -85.52559571320558
            ],
            [
              -147.23680201542948,
              -85.52559573939585
            ],
            [
              -147.2368020987431,
              -85.52559574781863
            ],
            [
              -147.23680221887795,
              -85.52559576369809
            ],
            [
              -147.2368022988853,
              -85.52559577027267
            ],
            [
              -147.23680245537653,
              -85.52559578301374
            ],
            [
              -147.23680247939075,
              -85.52559578645885
            ],
            [
              -147.23680249997253,
              -85.52559578937387
            ],
            [
              -147.2368025062315,
              -85.52559579043644
            ],
            [
              -147.23680251461724,
              -85.5255957958885
            ],
            [
              -147.23680251694066,
              -85.5255957973991
            ],
            [
              -147.23680251994668,
              -85.52559580777707
            ],
            [
              -147.23680252262267,
              -85.52559581328168
            ],
            [
              -147.23680256121511,
              -85.52559582198107
            ],
            [
              -147.2368025668203,
              -85.52559582495404
            ],
            [
              -147.23680256961157,
              -85.52559582622804
            ],
            [
              -147.23680255889806,
              -85.52559582963126
            ],
            [
              -147.23680254818453,
              -85.52559583303449
            ],
            [
              -147.23680253769697,
              -85.52559584068732
            ],
            [
              -147.2368025432344,
              -85.5255958423854
            ],
            [
              -147.23680255428633,
              -85.52559584535662
            ],
            [
              -147.23680258190572,
              -85.52559585257215
            ],
            [
              -147.23680271105883,
              -85.52559587558348
            ],
            [
              -147.23680283080859,
              -85.52559588910908
            ],
            [
              -147.2368029167906,
              -85.52559589378494
            ],
            [
              -147.23680297875035,
              -85.52559589578519
            ],
            [
              -147.2368030639302,
              -85.52559589737903
            ],
            [
              -147.23680309097205,
              -85.52559589767401
            ],
            [
              -147.2368034558164,
              -85.52559589859781
            ],
            [
              -147.23680357562927,
              -85.52559590010935
            ],
            [
              -147.2368036882648,
              -85.52559590343456
            ],
            [
              -147.2368038679769,
              -85.52559591234953
            ],
            [
              -147.23680392649013,
              -85.52559591455157
            ],
            [
              -147.23680401075381,
              -85.52559591772267
            ],
            [
              -147.23680412774706,
              -85.52559592712188
            ],
            [
              -147.23680415473768,
              -85.52559592858346
            ],
            [
              -147.23680422945694,
              -85.52559593262966
            ],
            [
              -147.23680434604267,
              -85.52559593630534
            ],
            [
              -147.23680438837383,
              -85.52559593689902
            ],
            [
              -147.2368044775038,
              -85.52559593814902
            ],
            [
              -147.23680452141733,
              -85.5255959379079
            ],
            [
              -147.23680459284785,
              -85.52559593751565
            ],
            [
              -147.23680466981224,
              -85.52559593733275
            ],
            [
              -147.23680476289434,
              -85.52559593781477
            ],
            [
              -147.2368048125081,
              -85.52559593807172
            ],
            [
              -147.23680486700388,
              -85.52559594009838
            ],
            [
              -147.23680492908127,
              -85.52559594488127
            ],
            [
              -147.23680494004304,
              -85.52559594615262
            ],
            [
              -147.2368049402463,
              -85.52559594997729
            ],
            [
              -147.23680494318455,
              -85.52559595401354
            ],
            [
              -147.23680494186033,
              -85.52559595866411
            ],
            [
              -147.23680491939524,
              -85.52559596762026
            ],
            [
              -147.2368048926908,
              -85.52559597761567
            ],
            [
              -147.23680484426586,
              -85.52559598889302
            ],
            [
              -147.23680477387188,
              -85.52559599677771
            ],
            [
              -147.23680473316597,
              -85.52559599955319
            ],
            [
              -147.23680459862652,
              -85.52559600847542
            ],
            [
              -147.23680457605178,
              -85.52559601032574
            ],
            [
              -147.23680444765745,
              -85.52559602101033
            ],
            [
              -147.23680440931258,
              -85.52559602574979
            ],
            [
              -147.2368044071973,
              -85.52559602608915
            ],
            [
              -147.2368043520654,
              -85.52559603493266
            ],
            [
              -147.23680433867307,
              -85.52559604928327
            ],
            [
              -147.23680433377973,
              -85.52559606516115
            ],
            [
              -147.23680434364834,
              -85.52559606896315
            ],
            [
              -147.23680435075727,
              -85.52559607309331
            ],
            [
              -147.23680436212854,
              -85.5255960796999
            ],
            [
              -147.23680437859113,
              -85.52559608524408
            ],
            [
              -147.23680445292044,
              -85.52559610737352
            ],
            [
              -147.23680446646185,
              -85.52559611232678
            ],
            [
              -147.23680449180614,
              -85.5255961215974
            ],
            [
              -147.23680450524068,
              -85.52559612887678
            ],
            [
              -147.23680451467368,
              -85.52559613265946
            ],
            [
              -147.23680457466173,
              -85.52559614229989
            ],
            [
              -147.23680484064516,
              -85.52559618504493
            ],
            [
              -147.23680490548736,
              -85.52559619546544
            ],
            [
              -147.23680529459557,
              -85.52559623906603
            ],
            [
              -147.23680582975578,
              -85.52559622810699
            ],
            [
              -147.236805859008,
              -85.52559622874819
            ],
            [
              -147.23680588820108,
              -85.5255962294867
            ],
            [
              -147.23680609655506,
              -85.52559623475764
            ],
            [
              -147.2368068246393,
              -85.52559625152092
            ],
            [
              -147.23680694297897,
              -85.52559625428397
            ],
            [
              -147.23680691217652,
              -85.52559629573983
            ],
            [
              -147.23680685956504,
              -85.52559630368025
            ],
            [
              -147.23680691816762,
              -85.52559637125161
            ],
            [
              -147.236807003759,
              -85.52559637920093
            ],
            [
              -147.23680704557609,
              -85.52559638308475
            ],
            [
              -147.2368074727165,
              -85.5255964068144
            ],
            [
              -147.236807620099,
              -85.52559641500314
            ],
            [
              -147.23680762364296,
              -85.52559641520007
            ],
            [
              -147.23680780788854,
              -85.52559642543697
            ],
            [
              -147.23680818644982,
              -85.52559644164175
            ],
            [
              -147.23680832289423,
              -85.52559644664414
            ],
            [
              -147.23680848294362,
              -85.52559644738918
            ],
            [
              -147.23680866380045,
              -85.52559645529885
            ],
            [
              -147.23680869834288,
              -85.52559645660023
            ],
            [
              -147.2368087316165,
              -85.52559647643297
            ],
            [
              -147.23680929142682,
              -85.52559649973279
            ],
            [
              -147.23680953595687,
              -85.52559650991034
            ],
            [
              -147.23680971069444,
              -85.52559651718308
            ],
            [
              -147.23681002644997,
              -85.52559653032512
            ],
            [
              -147.23681087886675,
              -85.52559656580347
            ],
            [
              -147.23681097600053,
              -85.52559656984626
            ],
            [
              -147.2368113494499,
              -85.5255966156383
            ],
            [
              -147.23681158058764,
              -85.525596621945
            ],
            [
              -147.23681169187807,
              -85.52559664541708
            ],
            [
              -147.23681197080035,
              -85.52559665353104
            ],
            [
              -147.23681216332741,
              -85.52559666358417
            ],
            [
              -147.23681217270686,
              -85.52559666407396
            ],
            [
              -147.23681238061383,
              -85.52559666799799
            ],
            [
              -147.23681310784795,
              -85.52559675727316
            ],
            [
              -147.23681304351675,
              -85.52559676401467
            ],
            [
              -147.2368128543535,
              -85.5255967877798
            ],
            [
              -147.23681284901946,
              -85.52559678990637
            ],
            [
              -147.23681283709996,
              -85.52559680041574
            ],
            [
              -147.23681280249926,
              -85.52559683916473
            ],
            [
              -147.2368127226566,
              -85.52559687425051
            ],
            [
              -147.2368126655411,
              -85.52559688780549
            ],
            [
              -147.23681265003594,
              -85.52559689148526
            ],
            [
              -147.23681262606615,
              -85.52559690169228
            ],
            [
              -147.2368126101991,
              -85.52559691062176
            ],
            [
              -147.2368125859248,
              -85.5255969150918
            ],
            [
              -147.23681255351352,
              -85.52559692020189
            ],
            [
              -147.236812504795,
              -85.52559692595473
            ],
            [
              -147.23681231782,
              -85.52559694386393
            ],
            [
              -147.23681177552302,
              -85.5255969957581
            ],
            [
              -147.2368117213463,
              -85.52559700130021
            ],
            [
              -147.23681169978389,
              -85.52559700555686
            ],
            [
              -147.23681169587454,
              -85.52559700630266
            ],
            [
              -147.23681166742895,
              -85.52559701172939
            ],
            [
              -147.2368115488359,
              -85.52559703514106
            ],
            [
              -147.2368114921387,
              -85.52559704450873
            ],
            [
              -147.236811421711,
              -85.52559705175598
            ],
            [
              -147.23681138915296,
              -85.52559705410384
            ],
            [
              -147.23681134843557,
              -85.52559705666681
            ],
            [
              -147.2368112115108,
              -85.52559706121244
            ],
            [
              -147.23681116536576,
              -85.5255970628307
            ],
            [
              -147.23681109365464,
              -85.52559706502014
            ],
            [
              -147.2368108129246,
              -85.52559707670174
            ],
            [
              -147.23681044796578,
              -85.5255970920481
            ],
            [
              -147.23681035735095,
              -85.5255970984678
            ],
            [
              -147.23681031474203,
              -85.52559710477885
            ],
            [
              -147.2368103056531,
              -85.52559711204985
            ],
            [
              -147.2368103152267,
              -85.52559711709667
            ],
            [
              -147.23681034021678,
              -85.52559713027047
            ],
            [
              -147.23681037042127,
              -85.52559714608427
            ],
            [
              -147.23681037259686,
              -85.52559715402042
            ],
            [
              -147.2368103479807,
              -85.52559717524252
            ],
            [
              -147.23681034569438,
              -85.52559717721357
            ],
            [
              -147.23681034003343,
              -85.52559718158801
            ],
            [
              -147.23681033103227,
              -85.52559718920398
            ],
            [
              -147.23681026965724,
              -85.52559720798618
            ],
            [
              -147.23681025458842,
              -85.52559722044938
            ],
            [
              -147.2368102479219,
              -85.52559722363318
            ],
            [
              -147.23681024151415,
              -85.52559722669344
            ],
            [
              -147.23681025962176,
              -85.52559723500676
            ],
            [
              -147.2368102956001,
              -85.52559724168805
            ],
            [
              -147.23681033994293,
              -85.52559724716673
            ],
            [
              -147.23681046280635,
              -85.52559725286407
            ],
            [
              -147.23681061304057,
              -85.52559726110239
            ],
            [
              -147.236810637688,
              -85.52559726364423
            ],
            [
              -147.23681065140704,
              -85.52559726555216
            ],
            [
              -147.23681065970175,
              -85.52559726788681
            ],
            [
              -147.23681066808706,
              -85.5255972719213
            ],
            [
              -147.2368106657021,
              -85.52559727829662
            ],
            [
              -147.2368106522991,
              -85.52559728233817
            ],
            [
              -147.23681060127467,
              -85.52559729595367
            ],
            [
              -147.2368105393338,
              -85.52559730914776
            ],
            [
              -147.23681048254934,
              -85.52559732546491
            ],
            [
              -147.23681046395257,
              -85.52559733569478
            ],
            [
              -147.23681045190105,
              -85.52559734239846
            ],
            [
              -147.23681044227914,
              -85.52559734775078
            ],
            [
              -147.23681043889022,
              -85.5255973503013
            ],
            [
              -147.23681044069895,
              -85.52559735695598
            ],
            [
              -147.2368104055499,
              -85.52559737331131
            ],
            [
              -147.2368104210142,
              -85.52559738166175
            ],
            [
              -147.2368104209869,
              -85.52559739280507
            ],
            [
              -147.23681044655987,
              -85.52559740023317
            ],
            [
              -147.23681050317256,
              -85.52559741667758
            ],
            [
              -147.23681055087243,
              -85.52559743478508
            ],
            [
              -147.23681058763475,
              -85.5255974438282
            ],
            [
              -147.23681064514147,
              -85.52559745427094
            ],
            [
              -147.23681073945363,
              -85.52559746839938
            ],
            [
              -147.2368107501876,
              -85.52559747317525
            ],
            [
              -147.23681076074885,
              -85.52559747635762
            ],
            [
              -147.23681085199897,
              -85.52559750389501
            ],
            [
              -147.2368108883757,
              -85.52559752215691
            ],
            [
              -147.2368108947653,
              -85.52559753779697
            ],
            [
              -147.23681089808792,
              -85.52559754278147
            ],
            [
              -147.2368108917878,
              -85.52559755857968
            ],
            [
              -147.23681090063118,
              -85.525597562013
            ],
            [
              -147.23681092455732,
              -85.5255975727316
            ],
            [
              -147.23681094778357,
              -85.52559758057235
            ],
            [
              -147.23681096501807,
              -85.52559759557879
            ],
            [
              -147.23681096674247,
              -85.52559760740289
            ],
            [
              -147.2368109681461,
              -85.52559761702891
            ],
            [
              -147.23681104892623,
              -85.52559764366563
            ],
            [
              -147.23681106917797,
              -85.5255976502801
            ],
            [
              -147.23681108065549,
              -85.52559765370766
            ],
            [
              -147.23681114113543,
              -85.52559766269984
            ],
            [
              -147.23681121691337,
              -85.52559766968535
            ],
            [
              -147.2368112893924,
              -85.52559767421177
            ],
            [
              -147.23681141272144,
              -85.52559768327647
            ],
            [
              -147.23681144264526,
              -85.5255976861746
            ],
            [
              -147.23681152671244,
              -85.52559769512543
            ],
            [
              -147.2368115514386,
              -85.52559769915463
            ],
            [
              -147.23681155160796,
              -85.52559770234183
            ],
            [
              -147.23681155175458,
              -85.5255977051041
            ],
            [
              -147.236811613298,
              -85.52559773568197
            ],
            [
              -147.2368116194115,
              -85.5255977482166
            ],
            [
              -147.23681161963734,
              -85.5255977524662
            ],
            [
              -147.23681163042014,
              -85.52559776884648
            ],
            [
              -147.2368116449836,
              -85.52559777338892
            ],
            [
              -147.23681164484125,
              -85.52559778769486
            ],
            [
              -147.23681165201998,
              -85.525597799765
            ],
            [
              -147.23681165291882,
              -85.52559780020177
            ],
            [
              -147.2368116997689,
              -85.5255978253225
            ],
            [
              -147.2368117000173,
              -85.5255978299971
            ],
            [
              -147.23681170340708,
              -85.52559784253259
            ],
            [
              -147.23681170352,
              -85.52559784465741
            ],
            [
              -147.23681171732937,
              -85.52559784826518
            ],
            [
              -147.23681176772814,
              -85.52559786117875
            ],
            [
              -147.2368117940323,
              -85.52559786770914
            ],
            [
              -147.2368118323864,
              -85.5255978829179
            ],
            [
              -147.2368118428599,
              -85.52559788608119
            ],
            [
              -147.23681186938205,
              -85.52559789409152
            ],
            [
              -147.23681196607225,
              -85.5255979202731
            ],
            [
              -147.2368120254558,
              -85.52559793518998
            ],
            [
              -147.23681206805523,
              -85.52559794921315
            ],
            [
              -147.23681210063853,
              -85.52559795993916
            ],
            [
              -147.23681218673002,
              -85.52559798705076
            ],
            [
              -147.23681222138356,
              -85.52559799832213
            ],
            [
              -147.2368122381228,
              -85.52559800173908
            ],
            [
              -147.23681226400285,
              -85.52559800853957
            ],
            [
              -147.23681230637163,
              -85.52559801614997
            ],
            [
              -147.23681233100746,
              -85.52559801847934
            ],
            [
              -147.23681235281828,
              -85.52559801889726
            ],
            [
              -147.23681241002345,
              -85.52559801909123
            ],
            [
              -147.2368124535999,
              -85.52559801907714
            ],
            [
              -147.23681253719235,
              -85.52559801732284
            ],
            [
              -147.23681260005796,
              -85.52559801622063
            ],
            [
              -147.23681271781265,
              -85.52559801522851
            ],
            [
              -147.2368129622179,
              -85.52559801710927
            ],
            [
              -147.236812992877,
              -85.52559801734522
            ],
            [
              -147.2368130745546,
              -85.52559801775674
            ],
            [
              -147.23681320254678,
              -85.52559801840992
            ],
            [
              -147.2368132652668,
              -85.52559801987702
            ],
            [
              -147.2368133007292,
              -85.525598020928
            ],
            [
              -147.23681335564652,
              -85.52559802664133
            ],
            [
              -147.2368133999163,
              -85.5255980329907
            ],
            [
              -147.23681369254624,
              -85.52559806698986
            ],
            [
              -147.23681378303948,
              -85.52559807754587
            ],
            [
              -147.2368138586583,
              -85.52559808636681
            ],
            [
              -147.23681387454963,
              -85.52559808961175
            ],
            [
              -147.2368139590893,
              -85.52559809916899
            ],
            [
              -147.23681399484136,
              -85.52559810235508
            ],
            [
              -147.236814127013,
              -85.52559811884598
            ],
            [
              -147.23681414612741,
              -85.52559812127178
            ],
            [
              -147.23681419516632,
              -85.5255981270871
            ],
            [
              -147.23681423166252,
              -85.52559813153924
            ],
            [
              -147.23681431494006,
              -85.52559814198669
            ],
            [
              -147.23681432121055,
              -85.52559814277338
            ],
            [
              -147.23681441075732,
              -85.52559815400772
            ],
            [
              -147.23681445858657,
              -85.52559816033593
            ],
            [
              -147.2368145036666,
              -85.52559816630036
            ],
            [
              -147.23681458288485,
              -85.52559817649201
            ],
            [
              -147.236814613649,
              -85.5255981830874
            ],
            [
              -147.23681457017312,
              -85.525598198478
            ],
            [
              -147.23681453794572,
              -85.52559820644248
            ],
            [
              -147.23681448123438,
              -85.52559822154934
            ],
            [
              -147.23681446210267,
              -85.525598226502
            ],
            [
              -147.23681441888104,
              -85.52559823769099
            ],
            [
              -147.23681439528676,
              -85.52559825349003
            ],
            [
              -147.23681441348495,
              -85.5255982629305
            ],
            [
              -147.23681445293283,
              -85.52559827369545
            ],
            [
              -147.2368144579122,
              -85.52559827505421
            ],
            [
              -147.23681446475274,
              -85.52559827636965
            ],
            [
              -147.23681451669614,
              -85.5255982863582
            ],
            [
              -147.23681453439093,
              -85.5255982903976
            ],
            [
              -147.23681456103125,
              -85.52559829386117
            ],
            [
              -147.23681461912747,
              -85.52559830141436
            ],
            [
              -147.2368147239197,
              -85.52559831079745
            ],
            [
              -147.23681481089312,
              -85.52559831479083
            ],
            [
              -147.23681485735324,
              -85.52559831773085
            ],
            [
              -147.2368148921921,
              -85.52559831986841
            ],
            [
              -147.23681501754407,
              -85.52559832509323
            ],
            [
              -147.23681505558977,
              -85.52559832635399
            ],
            [
              -147.23681506697028,
              -85.52559832673113
            ],
            [
              -147.23681515175693,
              -85.52559832954081
            ],
            [
              -147.23681523034438,
              -85.52559833448383
            ],
            [
              -147.23681533996532,
              -85.52559834340265
            ],
            [
              -147.2368154250305,
              -85.5255983515045
            ],
            [
              -147.23681547962445,
              -85.5255983584378
            ],
            [
              -147.2368155172589,
              -85.52559836540739
            ],
            [
              -147.23681562170822,
              -85.52559838483515
            ],
            [
              -147.236815677215,
              -85.52559839529184
            ],
            [
              -147.23681576771963,
              -85.52559840853583
            ],
            [
              -147.2368157926829,
              -85.52559841218881
            ],
            [
              -147.23681587066307,
              -85.52559842409254
            ],
            [
              -147.23681593894483,
              -85.5255984329362
            ],
            [
              -147.23681600081187,
              -85.52559843768597
            ],
            [
              -147.23681600819563,
              -85.52559843825283
            ],
            [
              -147.2368161041461,
              -85.52559844474654
            ],
            [
              -147.23681618415523,
              -85.5255984479253
            ],
            [
              -147.23681630615266,
              -85.52559845133553
            ],
            [
              -147.23681641122084,
              -85.525598455156
            ],
            [
              -147.23681642127406,
              -85.52559845552156
            ],
            [
              -147.2368165524432,
              -85.52559845970981
            ],
            [
              -147.23681657573692,
              -85.52559846035948
            ],
            [
              -147.23681667248795,
              -85.52559846305789
            ],
            [
              -147.2368167520858,
              -85.52559846465131
            ],
            [
              -147.23681678385685,
              -85.52559846493145
            ],
            [
              -147.2368168111465,
              -85.52559846540107
            ],
            [
              -147.2368170160729,
              -85.52559846892771
            ],
            [
              -147.23681725493208,
              -85.52559847146915
            ],
            [
              -147.23681753333113,
              -85.5255984768862
            ],
            [
              -147.23681766106083,
              -85.52559848018429
            ],
            [
              -147.236817693811,
              -85.52559848144861
            ],
            [
              -147.2368177122877,
              -85.52559848235754
            ],
            [
              -147.23681772384862,
              -85.52559848292627
            ],
            [
              -147.23681775665509,
              -85.52559848525298
            ],
            [
              -147.23681775721928,
              -85.52559848538326
            ],
            [
              -147.23681776768476,
              -85.52559848779926
            ],
            [
              -147.2368178097686,
              -85.52559849322897
            ],
            [
              -147.23681791120632,
              -85.5255985121598
            ],
            [
              -147.23681791935113,
              -85.52559852324904
            ],
            [
              -147.23681788592077,
              -85.52559853435041
            ],
            [
              -147.2368178707305,
              -85.52559853939482
            ],
            [
              -147.23681779483493,
              -85.52559855214278
            ],
            [
              -147.23681776092587,
              -85.52559855513306
            ],
            [
              -147.2368176916031,
              -85.52559856124635
            ],
            [
              -147.23681767723104,
              -85.52559856324459
            ],
            [
              -147.23681759170103,
              -85.52559856934889
            ],
            [
              -147.23681752149145,
              -85.52559857344623
            ],
            [
              -147.23681736368724,
              -85.52559858265937
            ],
            [
              -147.23681728266956,
              -85.52559858579215
            ],
            [
              -147.23681725960904,
              -85.5255985871173
            ],
            [
              -147.23681725145752,
              -85.52559858758573
            ],
            [
              -147.2368169287091,
              -85.52559860306671
            ],
            [
              -147.2368168530297,
              -85.5255986064347
            ],
            [
              -147.23681679159358,
              -85.52559861034138
            ],
            [
              -147.23681678734033,
              -85.52559861065744
            ],
            [
              -147.23681662279228,
              -85.5255986228848
            ],
            [
              -147.23681657403986,
              -85.5255986280002
            ],
            [
              -147.23681655785668,
              -85.52559863098021
            ],
            [
              -147.23681653915352,
              -85.52559863778578
            ],
            [
              -147.23681653389852,
              -85.52559864139972
            ],
            [
              -147.2368165343615,
              -85.52559865011143
            ],
            [
              -147.2368165347906,
              -85.52559865818571
            ],
            [
              -147.23681654632807,
              -85.5255986702936
            ],
            [
              -147.23681656304188,
              -85.52559867730018
            ],
            [
              -147.23681658512368,
              -85.52559868281764
            ],
            [
              -147.23681662407472,
              -85.52559869157201
            ],
            [
              -147.23681663425234,
              -85.52559869382583
            ],
            [
              -147.2368167229035,
              -85.52559871345758
            ],
            [
              -147.2368167421676,
              -85.52559871922136
            ],
            [
              -147.23681675329468,
              -85.5255987218072
            ],
            [
              -147.2368167926828,
              -85.52559873096081
            ],
            [
              -147.2368168165591,
              -85.52559873660887
            ],
            [
              -147.236816821795,
              -85.52559873784746
            ],
            [
              -147.23681694158194,
              -85.52559876618568
            ],
            [
              -147.23681695032462,
              -85.52559877024945
            ],
            [
              -147.2368169674672,
              -85.52559877452221
            ],
            [
              -147.23681712029224,
              -85.52559878518052
            ],
            [
              -147.23681719465714,
              -85.52559879295664
            ],
            [
              -147.23681721905865,
              -85.52559879604566
            ],
            [
              -147.23681727184376,
              -85.52559880272783
            ],
            [
              -147.2368174138921,
              -85.52559883867193
            ],
            [
              -147.23681744112824,
              -85.5255988455638
            ],
            [
              -147.23681755542356,
              -85.52559888195195
            ],
            [
              -147.2368175717524,
              -85.52559888749819
            ],
            [
              -147.23681759875552,
              -85.52559889666992
            ],
            [
              -147.236817577643,
              -85.52559890707965
            ],
            [
              -147.23681750944357,
              -85.52559892429392
            ],
            [
              -147.23681749351607,
              -85.52559892922011
            ],
            [
              -147.23681749111654,
              -85.52559894057791
            ],
            [
              -147.23681750906525,
              -85.52559895387184
            ],
            [
              -147.2368175203581,
              -85.52559896223583
            ],
            [
              -147.23681756714186,
              -85.5255989697896
            ],
            [
              -147.23681761863983,
              -85.52559897511246
            ],
            [
              -147.23681771146408,
              -85.52559897973923
            ],
            [
              -147.23681780334397,
              -85.52559898818701
            ],
            [
              -147.2368179657897,
              -85.52559901475301
            ],
            [
              -147.23681798829804,
              -85.5255990206543
            ],
            [
              -147.23681801949604,
              -85.5255990288337
            ],
            [
              -147.2368180926288,
              -85.52559904607313
            ],
            [
              -147.2368181542668,
              -85.5255990581948
            ],
            [
              -147.23681822731479,
              -85.5255990686888
            ],
            [
              -147.23681832057966,
              -85.52559908109536
            ],
            [
              -147.23681841831313,
              -85.52559909284496
            ],
            [
              -147.23681847416847,
              -85.5255990980063
            ],
            [
              -147.2368184836276,
              -85.52559909924733
            ],
            [
              -147.2368185393909,
              -85.5255991065634
            ],
            [
              -147.2368186074619,
              -85.5255991132522
            ],
            [
              -147.23681870732588,
              -85.5255991191285
            ],
            [
              -147.23681871015637,
              -85.52559911929507
            ],
            [
              -147.2368188071902,
              -85.52559912500487
            ],
            [
              -147.23681908567394,
              -85.525599138609
            ],
            [
              -147.23681913159126,
              -85.5255991420623
            ],
            [
              -147.23681913446163,
              -85.52559914405204
            ],
            [
              -147.23681913446765,
              -85.5255991464357
            ],
            [
              -147.2368191344845,
              -85.52559915358665
            ],
            [
              -147.23681911711253,
              -85.52559917485078
            ],
            [
              -147.23681910854563,
              -85.52559918310513
            ],
            [
              -147.23681909476352,
              -85.52559919638405
            ],
            [
              -147.23681907345252,
              -85.52559921691196
            ],
            [
              -147.23681906532576,
              -85.52559923181653
            ],
            [
              -147.23681906978211,
              -85.5255992454079
            ],
            [
              -147.23681907163694,
              -85.5255992510649
            ],
            [
              -147.23681907422403,
              -85.52559925896458
            ],
            [
              -147.2368190779438,
              -85.52559927031331
            ],
            [
              -147.23681908627168,
              -85.52559929575015
            ],
            [
              -147.23681922002953,
              -85.52559933149804
            ],
            [
              -147.23681928807244,
              -85.52559934578662
            ],
            [
              -147.2368193745971,
              -85.52559936232475
            ],
            [
              -147.23681941989534,
              -85.52559937064154
            ],
            [
              -147.23681942637896,
              -85.52559937183199
            ],
            [
              -147.23681942638416,
              -85.5255993718328
            ],
            [
              -147.2368194273015,
              -85.52559937198502
            ],
            [
              -147.23681954471448,
              -85.52559939147127
            ],
            [
              -147.2368196085792,
              -85.52559939887064
            ],
            [
              -147.23681965499114,
              -85.52559940380554
            ],
            [
              -147.2368196970566,
              -85.52559940827835
            ],
            [
              -147.23681982601548,
              -85.52559941739719
            ],
            [
              -147.2368199014142,
              -85.52559942341573
            ],
            [
              -147.23681993141284,
              -85.5255994273047
            ],
            [
              -147.23681996141113,
              -85.52559943119364
            ],
            [
              -147.23681997288054,
              -85.52559943487334
            ],
            [
              -147.23681999937395,
              -85.52559944592862
            ],
            [
              -147.23681996172445,
              -85.52559946444792
            ],
            [
              -147.2368199559782,
              -85.52559947310029
            ],
            [
              -147.23681995048364,
              -85.52559948137113
            ],
            [
              -147.23681994826026,
              -85.52559948471816
            ],
            [
              -147.2368199385609,
              -85.52559948819388
            ],
            [
              -147.23681994057256,
              -85.52559949633643
            ],
            [
              -147.23681993187083,
              -85.52559950392866
            ],
            [
              -147.2368199183632,
              -85.5255995157141
            ],
            [
              -147.2368199057933,
              -85.52559952668108
            ],
            [
              -147.23681984572497,
              -85.5255995362711
            ],
            [
              -147.23681981182943,
              -85.52559954168254
            ],
            [
              -147.23681979218298,
              -85.52559954764689
            ],
            [
              -147.2368197933378,
              -85.52559955233491
            ],
            [
              -147.23681981437068,
              -85.52559955735319
            ],
            [
              -147.23681982333565,
              -85.5255995594922
            ],
            [
              -147.23681983540325,
              -85.52559956237151
            ],
            [
              -147.23681985262914,
              -85.52559956801464
            ],
            [
              -147.23681986378952,
              -85.52559957046076
            ],
            [
              -147.23681991137116,
              -85.52559958147386
            ],
            [
              -147.23681992328957,
              -85.52559958700434
            ],
            [
              -147.236819935208,
              -85.52559959253485
            ],
            [
              -147.23681993780113,
              -85.52559959771379
            ],
            [
              -147.2368199403943,
              -85.52559960289277
            ],
            [
              -147.23681992656523,
              -85.5255996110671
            ],
            [
              -147.23681991137965,
              -85.52559961512173
            ],
            [
              -147.23681986810539,
              -85.52559962162718
            ],
            [
              -147.2368198737097,
              -85.52559962781994
            ],
            [
              -147.23681987146952,
              -85.52559963079659
            ],
            [
              -147.23681984868705,
              -85.52559966106827
            ],
            [
              -147.2368196905583,
              -85.52559967656113
            ],
            [
              -147.23681966304875,
              -85.52559967925642
            ],
            [
              -147.2368193416173,
              -85.52559969056252
            ],
            [
              -147.2368192868795,
              -85.52559970084529
            ],
            [
              -147.2368195000072,
              -85.52559972028713
            ],
            [
              -147.23681963675926,
              -85.52559973107961
            ],
            [
              -147.23681978105,
              -85.52559974264581
            ],
            [
              -147.2368198615734,
              -85.52559974945704
            ],
            [
              -147.2368200934625,
              -85.52559976620434
            ],
            [
              -147.23682033379475,
              -85.52559978940094
            ],
            [
              -147.2368204714065,
              -85.52559980104111
            ],
            [
              -147.23682059265118,
              -85.52559981129686
            ],
            [
              -147.2368206967802,
              -85.52559982010486
            ],
            [
              -147.23682073448782,
              -85.5255998405273
            ],
            [
              -147.23682076919496,
              -85.52559985932466
            ],
            [
              -147.23682078947826,
              -85.52559986619504
            ],
            [
              -147.2368208487331,
              -85.52559988452644
            ],
            [
              -147.2368208846469,
              -85.52559989407665
            ],
            [
              -147.23682089847904,
              -85.52559989810938
            ],
            [
              -147.23682090131567,
              -85.5255999002333
            ],
            [
              -147.2368209095539,
              -85.52559990150554
            ],
            [
              -147.23682092870894,
              -85.52559990319922
            ],
            [
              -147.23682094785252,
              -85.52559990468043
            ],
            [
              -147.23682095879187,
              -85.52559990552682
            ],
            [
              -147.23682096427268,
              -85.52559990616251
            ],
            [
              -147.23682095620384,
              -85.52559990807747
            ],
            [
              -147.23682092908157,
              -85.52559991021108
            ],
            [
              -147.2368209054006,
              -85.52559991228108
            ],
            [
              -147.23682090468253,
              -85.52559991234382
            ],
            [
              -147.2368208748819,
              -85.52559991532827
            ],
            [
              -147.23682081789107,
              -85.52559991917141
            ],
            [
              -147.236820758143,
              -85.52559992237802
            ],
            [
              -147.2368207092551,
              -85.52559992494365
            ],
            [
              -147.23682064687353,
              -85.52559992985097
            ],
            [
              -147.23682059538646,
              -85.52559993475477
            ],
            [
              -147.2368205492671,
              -85.52559993816944
            ],
            [
              -147.2368205356945,
              -85.52559993902376
            ],
            [
              -147.23682052490193,
              -85.52559994093963
            ],
            [
              -147.23682051136336,
              -85.5255999424314
            ],
            [
              -147.23682047609321,
              -85.5255999449926
            ],
            [
              -147.2368204109092,
              -85.52559994841346
            ],
            [
              -147.23682035650643,
              -85.52559994970596
            ],
            [
              -147.2368203102514,
              -85.52559995057085
            ],
            [
              -147.2368202504243,
              -85.52559995229008
            ],
            [
              -147.23682010218286,
              -85.5255999699469
            ],
            [
              -147.23681998776203,
              -85.5255999826239
            ],
            [
              -147.2368199375471,
              -85.52559998987171
            ],
            [
              -147.23681981755095,
              -85.52560000682615
            ],
            [
              -147.23681979597723,
              -85.52560001087033
            ],
            [
              -147.23681989326826,
              -85.52560003678676
            ],
            [
              -147.23681990200063,
              -85.5256000391129
            ],
            [
              -147.23681997107406,
              -85.52560005582613
            ],
            [
              -147.23681987106065,
              -85.52560007642292
            ],
            [
              -147.23681985048523,
              -85.52560008066023
            ],
            [
              -147.23681990355334,
              -85.52560008781434
            ],
            [
              -147.2368198553087,
              -85.5256000985734
            ],
            [
              -147.2368195511182,
              -85.5256001664114
            ],
            [
              -147.23681937399508,
              -85.52560017288963
            ],
            [
              -147.23681928907183,
              -85.52560017599568
            ],
            [
              -147.23681914939357,
              -85.52560020525088
            ],
            [
              -147.23681903980426,
              -85.52560022820408
            ],
            [
              -147.23681870377078,
              -85.52560025779162
            ],
            [
              -147.23681863236652,
              -85.52560026407876
            ],
            [
              -147.23681841556729,
              -85.52560027526611
            ],
            [
              -147.23681853776262,
              -85.5256003425802
            ],
            [
              -147.23681847147753,
              -85.5256003464448
            ],
            [
              -147.23681845410758,
              -85.52560034745756
            ],
            [
              -147.236818318837,
              -85.52560035534422
            ],
            [
              -147.23681811952477,
              -85.52560036787678
            ],
            [
              -147.2368181143374,
              -85.52560037276561
            ],
            [
              -147.23681811611007,
              -85.52560040612512
            ],
            [
              -147.23681811146255,
              -85.52560042715905
            ],
            [
              -147.23681811291243,
              -85.52560044436468
            ],
            [
              -147.23681801309692,
              -85.52560047022052
            ],
            [
              -147.23681776194994,
              -85.5256004954787
            ],
            [
              -147.23681765310843,
              -85.52560051050321
            ],
            [
              -147.2368174946033,
              -85.52560053238203
            ],
            [
              -147.23681708027357,
              -85.52560058957415
            ],
            [
              -147.23681709081333,
              -85.52560060803293
            ],
            [
              -147.23681709555996,
              -85.52560061634355
            ],
            [
              -147.2368170960847,
              -85.52560061726226
            ],
            [
              -147.23681710241732,
              -85.52560062835353
            ],
            [
              -147.23681711047544,
              -85.52560064246659
            ],
            [
              -147.236817097597,
              -85.5256006613476
            ],
            [
              -147.23681709589516,
              -85.52560066384252
            ],
            [
              -147.23681687281479,
              -85.52560072987221
            ],
            [
              -147.23681681744307,
              -85.52560074625899
            ],
            [
              -147.23681680588123,
              -85.525600749681
            ],
            [
              -147.2368165604507,
              -85.52560075927894
            ],
            [
              -147.23681645812073,
              -85.52560080432481
            ],
            [
              -147.23681652598927,
              -85.52560084294346
            ],
            [
              -147.23681644025757,
              -85.52560085774276
            ],
            [
              -147.23681651081785,
              -85.5256008825574
            ],
            [
              -147.23681655739205,
              -85.52560089893612
            ],
            [
              -147.2368165631245,
              -85.52560090095207
            ],
            [
              -147.23681660054586,
              -85.52560091411193
            ],
            [
              -147.23681663617197,
              -85.52560092664186
            ],
            [
              -147.2368167888818,
              -85.52560094770332
            ],
            [
              -147.23681665275703,
              -85.52560098447368
            ],
            [
              -147.23681661723444,
              -85.52560099406921
            ],
            [
              -147.2368166517247,
              -85.52560101578773
            ],
            [
              -147.23681704046825,
              -85.52560105579485
            ],
            [
              -147.23681705973632,
              -85.52560106534392
            ],
            [
              -147.23681702204033,
              -85.52560107048494
            ],
            [
              -147.23681694873602,
              -85.52560108048205
            ],
            [
              -147.23681684316367,
              -85.52560109487992
            ],
            [
              -147.2368168832931,
              -85.52560112727278
            ],
            [
              -147.236816892613,
              -85.5256011347959
            ],
            [
              -147.23681688398722,
              -85.52560113817103
            ],
            [
              -147.2368168357847,
              -85.52560115703172
            ],
            [
              -147.2368167352594,
              -85.52560117491612
            ],
            [
              -147.23681661919767,
              -85.52560119471471
            ],
            [
              -147.23681653572564,
              -85.52560120739095
            ],
            [
              -147.23681650842528,
              -85.52560121153682
            ],
            [
              -147.2368164243986,
              -85.52560122544197
            ],
            [
              -147.2368163435196,
              -85.52560123889153
            ],
            [
              -147.23681633822272,
              -85.52560123977226
            ],
            [
              -147.23681614093056,
              -85.52560125578958
            ],
            [
              -147.23681591545306,
              -85.52560128204277
            ],
            [
              -147.236815744269,
              -85.52560130197438
            ],
            [
              -147.23681575103925,
              -85.52560134369376
            ],
            [
              -147.23681575207044,
              -85.52560135005835
            ],
            [
              -147.23681573136773,
              -85.52560135816047
            ],
            [
              -147.23681570620857,
              -85.52560136800673
            ],
            [
              -147.2368156965963,
              -85.52560137176862
            ],
            [
              -147.23681561291346,
              -85.5256014045188
            ],
            [
              -147.23681541853895,
              -85.5256014166274
            ],
            [
              -147.23681517531173,
              -85.52560143177848
            ],
            [
              -147.23681476505203,
              -85.52560146451013
            ],
            [
              -147.2368147095843,
              -85.52560146893546
            ],
            [
              -147.2368146794725,
              -85.52560147041314
            ],
            [
              -147.2368142799217,
              -85.52560147454805
            ],
            [
              -147.23681424478912,
              -85.52560147530714
            ],
            [
              -147.2368142316489,
              -85.52560147559103
            ],
            [
              -147.23681395528027,
              -85.5256014812169
            ],
            [
              -147.23681373077807,
              -85.52560148578672
            ],
            [
              -147.23681353521593,
              -85.52560152716819
            ],
            [
              -147.23681339343852,
              -85.52560155716868
            ],
            [
              -147.2368132565217,
              -85.52560158614064
            ],
            [
              -147.23681337853594,
              -85.52560161366972
            ],
            [
              -147.23681340034648,
              -85.52560161771979
            ],
            [
              -147.23681351129824,
              -85.52560162585456
            ],
            [
              -147.23681360476562,
              -85.5256016407197
            ],
            [
              -147.23681351181872,
              -85.52560166530493
            ],
            [
              -147.23681351088626,
              -85.52560166555158
            ],
            [
              -147.2368134929047,
              -85.52560167030754
            ],
            [
              -147.23681339759642,
              -85.52560169556766
            ],
            [
              -147.2368133613692,
              -85.52560170516917
            ],
            [
              -147.23681324107883,
              -85.52560173705551
            ],
            [
              -147.23681297757736,
              -85.52560180593589
            ],
            [
              -147.23681283577557,
              -85.5256018444728
            ],
            [
              -147.23681279329284,
              -85.52560185573016
            ],
            [
              -147.23681276596614,
              -85.5256018629727
            ],
            [
              -147.23681274397165,
              -85.52560186880211
            ],
            [
              -147.2368124014911,
              -85.52560195513662
            ],
            [
              -147.23681236761678,
              -85.52560199113627
            ],
            [
              -147.23681234075497,
              -85.52560201968345
            ],
            [
              -147.2368123410139,
              -85.52560202207896
            ],
            [
              -147.23681233898932,
              -85.52560202876349
            ],
            [
              -147.23681232430408,
              -85.525602057111
            ],
            [
              -147.23681232195693,
              -85.52560206262415
            ],
            [
              -147.2368123157335,
              -85.52560207724248
            ],
            [
              -147.23681231345608,
              -85.52560207723248
            ],
            [
              -147.23681222939317,
              -85.5256020768636
            ],
            [
              -147.23681220959654,
              -85.52560207713334
            ],
            [
              -147.23681218501048,
              -85.52560213424641
            ],
            [
              -147.23681217229097,
              -85.52560215414984
            ],
            [
              -147.2368121727788,
              -85.52560216332903
            ],
            [
              -147.236812181774,
              -85.52560216859574
            ],
            [
              -147.2368122327091,
              -85.52560218404814
            ],
            [
              -147.23681233811436,
              -85.52560219948293
            ],
            [
              -147.23681243824132,
              -85.52560220931299
            ],
            [
              -147.23681245560954,
              -85.52560221101814
            ],
            [
              -147.23681258981702,
              -85.52560222081998
            ],
            [
              -147.236812718729,
              -85.52560222757776
            ],
            [
              -147.23681281052842,
              -85.5256022329877
            ],
            [
              -147.23681288933645,
              -85.52560223993169
            ],
            [
              -147.23681297489742,
              -85.52560225095323
            ],
            [
              -147.23681310219968,
              -85.52560226842077
            ],
            [
              -147.23681319916176,
              -85.52560228158607
            ],
            [
              -147.23681338337272,
              -85.5256023068049
            ],
            [
              -147.23681339713997,
              -85.52560230868968
            ],
            [
              -147.23681353089563,
              -85.52560232700112
            ],
            [
              -147.23681376925876,
              -85.52560235659861
            ],
            [
              -147.23681392734434,
              -85.52560237932583
            ],
            [
              -147.2368140449537,
              -85.52560239317626
            ],
            [
              -147.2368141998534,
              -85.52560240694685
            ],
            [
              -147.2368143846648,
              -85.52560242135884
            ],
            [
              -147.23681441605046,
              -85.5256024236885
            ],
            [
              -147.23681475049733,
              -85.5256024477072
            ],
            [
              -147.2368149425144,
              -85.52560246147533
            ],
            [
              -147.23681518985413,
              -85.52560247921022
            ],
            [
              -147.2368153888949,
              -85.5256024935948
            ],
            [
              -147.23681559689908,
              -85.52560250965351
            ],
            [
              -147.23681569403317,
              -85.52560251676282
            ],
            [
              -147.2368157811479,
              -85.52560252301251
            ],
            [
              -147.23681600026197,
              -85.52560253873195
            ],
            [
              -147.23681642863204,
              -85.52560256574736
            ],
            [
              -147.236816581628,
              -85.52560257539616
            ],
            [
              -147.23681664496823,
              -85.52560257902981
            ],
            [
              -147.23681675660777,
              -85.5256025854343
            ],
            [
              -147.23681722252465,
              -85.5256026126203
            ],
            [
              -147.2368175907939,
              -85.52560263411081
            ],
            [
              -147.23681792761064,
              -85.52560265376478
            ],
            [
              -147.23681818307503,
              -85.52560266868979
            ],
            [
              -147.23681826966774,
              -85.52560267807775
            ],
            [
              -147.23681833989735,
              -85.52560269392211
            ],
            [
              -147.23681835372932,
              -85.5256027062174
            ],
            [
              -147.2368183463312,
              -85.52560271990622
            ],
            [
              -147.2368183387166,
              -85.52560272341273
            ],
            [
              -147.23681833217043,
              -85.52560272574047
            ],
            [
              -147.2368182477968,
              -85.52560274408188
            ],
            [
              -147.23681816827337,
              -85.52560276467612
            ],
            [
              -147.23681809303505,
              -85.52560278390908
            ],
            [
              -147.23681808546988,
              -85.52560278632514
            ],
            [
              -147.23681806619612,
              -85.52560279248029
            ],
            [
              -147.23681797052245,
              -85.52560281556639
            ],
            [
              -147.23681793610396,
              -85.52560282390692
            ],
            [
              -147.23681792971217,
              -85.5256028266288
            ],
            [
              -147.23681791747921,
              -85.5256028424416
            ],
            [
              -147.2368178930497,
              -85.52560287474718
            ],
            [
              -147.23681788835287,
              -85.52560289528856
            ],
            [
              -147.2368178845645,
              -85.52560290771282
            ],
            [
              -147.23681788403414,
              -85.5256029094514
            ],
            [
              -147.2368178765552,
              -85.52560292523191
            ],
            [
              -147.23681785783356,
              -85.52560296473489
            ],
            [
              -147.23681785613357,
              -85.52560296832199
            ],
            [
              -147.23681785273948,
              -85.52560297454605
            ],
            [
              -147.23681783323008,
              -85.52560301028052
            ],
            [
              -147.23681782025113,
              -85.52560303405416
            ],
            [
              -147.23681780346894,
              -85.52560306476384
            ],
            [
              -147.23681778914357,
              -85.525603092535
            ],
            [
              -147.2368177883109,
              -85.52560311786344
            ],
            [
              -147.2368178038926,
              -85.52560313392549
            ],
            [
              -147.2368178094836,
              -85.5256031405213
            ],
            [
              -147.2368178556951,
              -85.52560316036701
            ],
            [
              -147.23681791633302,
              -85.52560317234813
            ],
            [
              -147.23681795480098,
              -85.52560317994903
            ],
            [
              -147.23681799171385,
              -85.5256031882813
            ],
            [
              -147.23681800723176,
              -85.52560319550048
            ],
            [
              -147.23681800757194,
              -85.52560320637234
            ],
            [
              -147.2368179691276,
              -85.5256032174815
            ],
            [
              -147.2368179509673,
              -85.52560322038428
            ],
            [
              -147.23681790834368,
              -85.52560322719754
            ],
            [
              -147.23681787845032,
              -85.52560323197571
            ],
            [
              -147.2368178544202,
              -85.52560323581675
            ],
            [
              -147.2368178229254,
              -85.52560323921315
            ],
            [
              -147.23681756963933,
              -85.5256032559736
            ],
            [
              -147.23681750182186,
              -85.52560326109517
            ],
            [
              -147.23681740696148,
              -85.52560326983772
            ],
            [
              -147.23681734463645,
              -85.52560327580744
            ],
            [
              -147.23681724978718,
              -85.52560328476248
            ],
            [
              -147.23681718216181,
              -85.52560329349622
            ],
            [
              -147.23681713082118,
              -85.52560330116228
            ],
            [
              -147.23681707676874,
              -85.52560330904167
            ],
            [
              -147.2368170598123,
              -85.52560331242881
            ],
            [
              -147.23681703095443,
              -85.52560331819335
            ],
            [
              -147.23681698247267,
              -85.5256033284083
            ],
            [
              -147.23681695846915,
              -85.52560333797787
            ],
            [
              -147.2368169534395,
              -85.52560334584142
            ],
            [
              -147.2368169620167,
              -85.5256033534881
            ],
            [
              -147.23681702531283,
              -85.52560336579172
            ],
            [
              -147.23681710221547,
              -85.52560337787847
            ],
            [
              -147.23681717352383,
              -85.52560338720474
            ],
            [
              -147.23681723156466,
              -85.5256034031223
            ],
            [
              -147.23681727276784,
              -85.525603409696
            ],
            [
              -147.2368173139255,
              -85.52560341541977
            ],
            [
              -147.23681736045125,
              -85.52560341965442
            ],
            [
              -147.23681741226616,
              -85.52560342091257
            ],
            [
              -147.23681745313044,
              -85.52560342111182
            ],
            [
              -147.23681760228786,
              -85.5256034241229
            ],
            [
              -147.23681774374748,
              -85.5256034273192
            ],
            [
              -147.23681788283366,
              -85.52560343078021
            ],
            [
              -147.2368179688452,
              -85.52560343489583
            ],
            [
              -147.23681801077328,
              -85.52560343939952
            ],
            [
              -147.23681804312557,
              -85.52560344889581
            ],
            [
              -147.23681805631824,
              -85.52560345540611
            ],
            [
              -147.23681805990708,
              -85.52560345717727
            ],
            [
              -147.23681805139537,
              -85.52560346716255
            ],
            [
              -147.23681799491848,
              -85.5256034806736
            ],
            [
              -147.2368179530537,
              -85.52560348727415
            ],
            [
              -147.2368179233658,
              -85.5256034923834
            ],
            [
              -147.23681790318798,
              -85.52560349706457
            ],
            [
              -147.23681788427555,
              -85.52560349993924
            ],
            [
              -147.23681787348895,
              -85.52560350196133
            ],
            [
              -147.23681786405226,
              -85.5256035037705
            ],
            [
              -147.23681786555542,
              -85.52560350642608
            ],
            [
              -147.23681787385593,
              -85.52560350886696
            ],
            [
              -147.23681788492485,
              -85.52560351215689
            ],
            [
              -147.23681790148055,
              -85.52560351618874
            ],
            [
              -147.2368179248281,
              -85.52560351989968
            ],
            [
              -147.23681800038034,
              -85.52560353219933
            ],
            [
              -147.23681811983022,
              -85.52560355054062
            ],
            [
              -147.23681823118338,
              -85.52560357026569
            ],
            [
              -147.2368183012204,
              -85.52560358129223
            ],
            [
              -147.23681835606374,
              -85.52560358828647
            ],
            [
              -147.23681838862865,
              -85.52560359307739
            ],
            [
              -147.23681844594714,
              -85.52560359955076
            ],
            [
              -147.2368184917138,
              -85.52560360396647
            ],
            [
              -147.2368185040034,
              -85.52560360459994
            ],
            [
              -147.23681852172916,
              -85.52560360501919
            ],
            [
              -147.23681855032623,
              -85.52560360500993
            ],
            [
              -147.23681860203934,
              -85.52560360435574
            ],
            [
              -147.23681865242483,
              -85.52560360433945
            ],
            [
              -147.23681867830945,
              -85.52560360454355
            ],
            [
              -147.23681868487935,
              -85.52560360469201
            ],
            [
              -147.2368187301694,
              -85.52560360665163
            ],
            [
              -147.23681874519949,
              -85.52560360760295
            ],
            [
              -147.23681876163113,
              -85.52560360929752
            ],
            [
              -147.2368187862728,
              -85.52560361173312
            ],
            [
              -147.23681880685714,
              -85.52560361470124
            ],
            [
              -147.2368188495067,
              -85.5256036228681
            ],
            [
              -147.23681889903847,
              -85.5256036324139
            ],
            [
              -147.23681895679698,
              -85.52560364301945
            ],
            [
              -147.23681898447825,
              -85.52560365140363
            ],
            [
              -147.23681898611426,
              -85.52560365188515
            ],
            [
              -147.23681905226616,
              -85.52560367135527
            ],
            [
              -147.23681909978603,
              -85.52560368863169
            ],
            [
              -147.2368191091994,
              -85.52560369205409
            ],
            [
              -147.23681912878337,
              -85.52560370182204
            ],
            [
              -147.2368191427907,
              -85.52560370914823
            ],
            [
              -147.23681914181256,
              -85.52560371211752
            ],
            [
              -147.23681914479056,
              -85.52560372115296
            ],
            [
              -147.2368191368401,
              -85.52560372529899
            ],
            [
              -147.23681910989265,
              -85.52560373072608
            ],
            [
              -147.23681908840365,
              -85.52560373636385
            ],
            [
              -147.23681907491576,
              -85.5256037388118
            ],
            [
              -147.23681906144512,
              -85.52560374157846
            ],
            [
              -147.23681905199166,
              -85.52560374306891
            ],
            [
              -147.23681902896607,
              -85.52560374541368
            ],
            [
              -147.23681900048743,
              -85.52560374765397
            ],
            [
              -147.2368189706416,
              -85.52560374978849
            ],
            [
              -147.23681894213487,
              -85.52560375149757
            ],
            [
              -147.23681891770792,
              -85.52560375309912
            ],
            [
              -147.2368188946933,
              -85.52560375565638
            ],
            [
              -147.23681888258434,
              -85.52560375842259
            ],
            [
              -147.23681886645178,
              -85.52560376235878
            ],
            [
              -147.2368188516814,
              -85.52560376629451
            ],
            [
              -147.23681883964585,
              -85.52560377044186
            ],
            [
              -147.23681882490365,
              -85.52560377490879
            ],
            [
              -147.23681881010472,
              -85.52560377831335
            ],
            [
              -147.23681877506584,
              -85.52560378523043
            ],
            [
              -147.23681877278253,
              -85.52560379351807
            ],
            [
              -147.23681878675018,
              -85.52560380010058
            ],
            [
              -147.2368188090016,
              -85.52560380880524
            ],
            [
              -147.23681884487058,
              -85.5256038175055
            ],
            [
              -147.23681888607342,
              -85.5256038240792
            ],
            [
              -147.2368189517881,
              -85.52560383064497
            ],
            [
              -147.23681898737462,
              -85.52560383403322
            ],
            [
              -147.23681905296505,
              -85.5256038382617
            ],
            [
              -147.23681916501366,
              -85.52560384544994
            ],
            [
              -147.2368193480095,
              -85.52560385516503
            ],
            [
              -147.23681948517722,
              -85.52560386128363
            ],
            [
              -147.23681949761735,
              -85.52560386200484
            ],
            [
              -147.2368196076142,
              -85.52560387144239
            ],
            [
              -147.2368196789,
              -85.52560388034367
            ],
            [
              -147.23681980219288,
              -85.52560389411529
            ],
            [
              -147.23681986253962,
              -85.52560390217019
            ],
            [
              -147.23681988446342,
              -85.52560390471292
            ],
            [
              -147.23681989964766,
              -85.52560390783252
            ],
            [
              -147.23681990098524,
              -85.52560390810731
            ],
            [
              -147.23681990929123,
              -85.52560391065445
            ],
            [
              -147.23681991767646,
              -85.52560391468894
            ],
            [
              -147.23681991793615,
              -85.52560391957601
            ],
            [
              -147.23681993233276,
              -85.52560393423279
            ],
            [
              -147.2368199435093,
              -85.5256039395413
            ],
            [
              -147.23681995743175,
              -85.52560394527387
            ],
            [
              -147.23681997823584,
              -85.52560395369656
            ],
            [
              -147.2368199936166,
              -85.52560395992361
            ],
            [
              -147.23682001305394,
              -85.52560396692931
            ],
            [
              -147.23682002464807,
              -85.5256039800996
            ],
            [
              -147.23682003046798,
              -85.52560398710972
            ],
            [
              -147.23682003093097,
              -85.52560399582144
            ],
            [
              -147.23682003130364,
              -85.5256040028333
            ],
            [
              -147.2368200236072,
              -85.52560401176015
            ],
            [
              -147.23682001026063,
              -85.5256040168641
            ],
            [
              -147.23681997252643,
              -85.52560402431327
            ],
            [
              -147.2368198728907,
              -85.52560403889383
            ],
            [
              -147.236819817957,
              -85.52560404981894
            ],
            [
              -147.236819814797,
              -85.52560405185979
            ],
            [
              -147.23681981005075,
              -85.52560405479362
            ],
            [
              -147.23681981020658,
              -85.52560405772586
            ],
            [
              -147.2368198120372,
              -85.5256040614225
            ],
            [
              -147.2368198203569,
              -85.5256040642246
            ],
            [
              -147.23681983031042,
              -85.52560406702618
            ],
            [
              -147.2368198451394,
              -85.5256040693162
            ],
            [
              -147.2368198599616,
              -85.52560407147877
            ],
            [
              -147.23681988418085,
              -85.52560407380803
            ],
            [
              -147.23681992850175,
              -85.5256040759409
            ],
            [
              -147.23681996809805,
              -85.5256040767984
            ],
            [
              -147.23682004492866,
              -85.5256040772835
            ],
            [
              -147.2368201033867,
              -85.52560407892541
            ],
            [
              -147.23682029530764,
              -85.52560408395954
            ],
            [
              -147.23682037884402,
              -85.52560408762976
            ],
            [
              -147.23682045581674,
              -85.52560409079211
            ],
            [
              -147.23682058024013,
              -85.52560409508656
            ],
            [
              -147.23682072579174,
              -85.52560409720682
            ],
            [
              -147.2368208075925,
              -85.52560409896523
            ],
            [
              -147.23682088943377,
              -85.52560410148857
            ],
            [
              -147.2368209533475,
              -85.52560410491016
            ],
            [
              -147.23682099434262,
              -85.52560410757421
            ],
            [
              -147.2368210568861,
              -85.52560411596835
            ],
            [
              -147.23682107504433,
              -85.52560411940472
            ],
            [
              -147.23682108334373,
              -85.52560412182439
            ],
            [
              -147.23682108841567,
              -85.52560412501
            ],
            [
              -147.23682109377765,
              -85.52560412902513
            ],
            [
              -147.2368210952229,
              -85.52560413010744
            ],
            [
              -147.23682110685812,
              -85.52560413380091
            ],
            [
              -147.23682112339574,
              -85.52560413749279
            ],
            [
              -147.23682113012944,
              -85.52560413961416
            ],
            [
              -147.23682113835363,
              -85.52560414220511
            ],
            [
              -147.23682119286892,
              -85.52560415327918
            ],
            [
              -147.2368212275578,
              -85.52560416027995
            ],
            [
              -147.2368212325959,
              -85.52560416282812
            ],
            [
              -147.23682123765397,
              -85.52560416575879
            ],
            [
              -147.2368212398483,
              -85.52560416769957
            ],
            [
              -147.23682128044638,
              -85.5256042050141
            ],
            [
              -147.23682128053295,
              -85.52560420866398
            ],
            [
              -147.23682129959937,
              -85.52560421212375
            ],
            [
              -147.23682136313963,
              -85.52560422079422
            ],
            [
              -147.23682144534015,
              -85.52560423007444
            ],
            [
              -147.2368215947562,
              -85.52560424341264
            ],
            [
              -147.23682164893924,
              -85.52560424823977
            ],
            [
              -147.23682167859016,
              -85.52560425178251
            ],
            [
              -147.23682176576804,
              -85.52560426337338
            ],
            [
              -147.2368217757217,
              -85.52560426617495
            ],
            [
              -147.2368217840345,
              -85.52560426884959
            ],
            [
              -147.23682178739773,
              -85.52560427063335
            ],
            [
              -147.23682179103156,
              -85.52560427751669
            ],
            [
              -147.2368217820874,
              -85.52560429371091
            ],
            [
              -147.23682175015037,
              -85.52560430774523
            ],
            [
              -147.23682170507917,
              -85.52560432063636
            ],
            [
              -147.23682162717705,
              -85.52560433073333
            ],
            [
              -147.2368215541093,
              -85.52560433955384
            ],
            [
              -147.2368215103065,
              -85.52560434556007
            ],
            [
              -147.2368214747013,
              -85.5256043520736
            ],
            [
              -147.23682145702412,
              -85.52560435768892
            ],
            [
              -147.23682144102173,
              -85.52560436406864
            ],
            [
              -147.23682144131308,
              -85.52560436955065
            ],
            [
              -147.2368214387562,
              -85.525604382938
            ],
            [
              -147.23682144239712,
              -85.52560438994882
            ],
            [
              -147.23682145907702,
              -85.52560439631796
            ],
            [
              -147.23682146760677,
              -85.52560440307221
            ],
            [
              -147.23682147266484,
              -85.52560440600287
            ],
            [
              -147.236821476177,
              -85.5256044105914
            ],
            [
              -147.23682147968225,
              -85.52560441505243
            ],
            [
              -147.23682148163482,
              -85.52560442104387
            ],
            [
              -147.23682148295265,
              -85.52560442434137
            ],
            [
              -147.23682148351966,
              -85.52560442576043
            ],
            [
              -147.23682146772728,
              -85.52560443609228
            ],
            [
              -147.23682143871957,
              -85.5256044437511
            ],
            [
              -147.2368214259245,
              -85.52560444898238
            ],
            [
              -147.23682139050237,
              -85.5256044589381
            ],
            [
              -147.23682131741322,
              -85.52560448102474
            ],
            [
              -147.23682128522776,
              -85.52560449038448
            ],
            [
              -147.23682127458198,
              -85.52560449506258
            ],
            [
              -147.23682127409552,
              -85.5256044963137
            ],
            [
              -147.2368212721859,
              -85.52560450122542
            ],
            [
              -147.23682126262307,
              -85.52560450404302
            ],
            [
              -147.23682126288477,
              -85.52560450896773
            ],
            [
              -147.2368212771586,
              -85.5256045195092
            ],
            [
              -147.23682128686497,
              -85.52560452119421
            ],
            [
              -147.23682129779215,
              -85.52560452393833
            ],
            [
              -147.23682136589122,
              -85.5256045328609
            ],
            [
              -147.23682137744623,
              -85.5256045339081
            ],
            [
              -147.2368214620688,
              -85.52560453951962
            ],
            [
              -147.2368215661414,
              -85.52560454454758
            ],
            [
              -147.23682156791176,
              -85.52560454461229
            ],
            [
              -147.23682157546838,
              -85.52560454481834
            ],
            [
              -147.23682158707948,
              -85.52560454513494
            ],
            [
              -147.23682160888276,
              -85.52560454572945
            ],
            [
              -147.2368216311292,
              -85.52560454633606
            ],
            [
              -147.2368216454761,
              -85.52560454672727
            ],
            [
              -147.23682164921516,
              -85.52560454681176
            ],
            [
              -147.23682167329008,
              -85.52560454735573
            ],
            [
              -147.2368216732661,
              -85.52560454742441
            ],
            [
              -147.2368217138269,
              -85.52560454842899
            ],
            [
              -147.23682199287,
              -85.52560455122853
            ],
            [
              -147.2368222697432,
              -85.52560455419875
            ],
            [
              -147.23682245954458,
              -85.52560455872703
            ],
            [
              -147.23682259255204,
              -85.52560456055386
            ],
            [
              -147.23682271018143,
              -85.52560456000586
            ],
            [
              -147.2368227602132,
              -85.52560455845979
            ],
            [
              -147.2368228493281,
              -85.52560455435125
            ],
            [
              -147.23682297902354,
              -85.52560454211623
            ],
            [
              -147.23682312216653,
              -85.52560452966082
            ],
            [
              -147.23682326566185,
              -85.52560452383484
            ],
            [
              -147.23682349418522,
              -85.52560451900126
            ],
            [
              -147.2368238993379,
              -85.52560451683036
            ],
            [
              -147.23682418592387,
              -85.5256045151191
            ],
            [
              -147.2368242379122,
              -85.5256045154283
            ],
            [
              -147.23682424679407,
              -85.52560451510986
            ],
            [
              -147.23682439376785,
              -85.52560450770414
            ],
            [
              -147.23682442289413,
              -85.52560450623653
            ],
            [
              -147.23682445051688,
              -85.5256045048447
            ],
            [
              -147.23682445447704,
              -85.52560450462566
            ],
            [
              -147.2368244874388,
              -85.52560450280262
            ],
            [
              -147.23682467851347,
              -85.52560449223483
            ],
            [
              -147.23682472574703,
              -85.5256044896225
            ],
            [
              -147.2368247519477,
              -85.5256044881734
            ],
            [
              -147.23682479022125,
              -85.5256044860108
            ],
            [
              -147.23682488169607,
              -85.52560448084213
            ],
            [
              -147.2368250696519,
              -85.52560447022192
            ],
            [
              -147.236825184312,
              -85.52560446470423
            ],
            [
              -147.23682529515494,
              -85.5256044593702
            ],
            [
              -147.2368253630479,
              -85.52560445610304
            ],
            [
              -147.23682544458444,
              -85.5256044528894
            ],
            [
              -147.23682588516954,
              -85.525604440954
            ],
            [
              -147.23682611765847,
              -85.5256044338668
            ],
            [
              -147.2368264399564,
              -85.52560442547565
            ],
            [
              -147.23682665208648,
              -85.52560441966995
            ],
            [
              -147.23682678674885,
              -85.52560441675784
            ],
            [
              -147.23682689701798,
              -85.52560441608472
            ],
            [
              -147.23682701549143,
              -85.5256044160464
            ],
            [
              -147.23682707680453,
              -85.52560441666402
            ],
            [
              -147.23682710955475,
              -85.52560441792832
            ],
            [
              -147.23682712191228,
              -85.5256044198367
            ],
            [
              -147.2368271385077,
              -85.52560442461224
            ],
            [
              -147.23682715068836,
              -85.52560443903049
            ],
            [
              -147.23682716208478,
              -85.52560444987749
            ],
            [
              -147.23682718956363,
              -85.52560446284295
            ],
            [
              -147.23682721848252,
              -85.5256044688894
            ],
            [
              -147.23682725965716,
              -85.5256044749319
            ],
            [
              -147.23682730496802,
              -85.52560448192924
            ],
            [
              -147.23682735836485,
              -85.52560448733033
            ],
            [
              -147.23682744046022,
              -85.52560449463448
            ],
            [
              -147.23682755111892,
              -85.52560450129195
            ],
            [
              -147.23682764121554,
              -85.52560450540626
            ],
            [
              -147.23682782152724,
              -85.52560451586592
            ],
            [
              -147.23682796105402,
              -85.5256045276137
            ],
            [
              -147.23682805132037,
              -85.5256045349152
            ],
            [
              -147.236828121109,
              -85.52560454126719
            ],
            [
              -147.2368281491306,
              -85.52560454281507
            ],
            [
              -147.2368282071541,
              -85.52560454602025
            ],
            [
              -147.23682834247677,
              -85.52560455553828
            ],
            [
              -147.23682840834954,
              -85.52560456507878
            ],
            [
              -147.2368284741549,
              -85.5256045733444
            ],
            [
              -147.23682853192477,
              -85.52560458416242
            ],
            [
              -147.23682859389865,
              -85.52560459721019
            ],
            [
              -147.23682863507344,
              -85.52560460325269
            ],
            [
              -147.2368286842663,
              -85.52560460642403
            ],
            [
              -147.2368288153177,
              -85.52560461243745
            ],
            [
              -147.23682895043706,
              -85.52560461813084
            ],
            [
              -147.23682900764814,
              -85.52560461843106
            ],
            [
              -147.2368290852856,
              -85.52560461872467
            ],
            [
              -147.23682922828817,
              -85.52560461899714
            ],
            [
              -147.23682994803156,
              -85.5256046225513
            ],
            [
              -147.23683001991498,
              -85.52560462218807
            ],
            [
              -147.23683016369,
              -85.5256046216316
            ],
            [
              -147.23683025524574,
              -85.52560462245192
            ],
            [
              -147.2368303163072,
              -85.52560462345208
            ],
            [
              -147.2368304035864,
              -85.52560462580368
            ],
            [
              -147.23683047566837,
              -85.52560462918014
            ],
            [
              -147.23683057188896,
              -85.52560463577852
            ],
            [
              -147.23683062228173,
              -85.52560464103185
            ],
            [
              -147.23683070126145,
              -85.52560465120557
            ],
            [
              -147.23683072777783,
              -85.52560465816647
            ],
            [
              -147.23683076092988,
              -85.52560466699511
            ],
            [
              -147.2368307766151,
              -85.52560467514945
            ],
            [
              -147.23683079483163,
              -85.52560468993248
            ],
            [
              -147.23683081929576,
              -85.5256046992739
            ],
            [
              -147.23683081783045,
              -85.5256047127034
            ],
            [
              -147.23683081461107,
              -85.5256047341229
            ],
            [
              -147.23683081719645,
              -85.52560474177149
            ],
            [
              -147.23683084158813,
              -85.52560474975304
            ],
            [
              -147.23683093834143,
              -85.52560476638052
            ],
            [
              -147.23683101736646,
              -85.52560477740415
            ],
            [
              -147.23683115048976,
              -85.52560479422175
            ],
            [
              -147.2368312434855,
              -85.52560481445208
            ],
            [
              -147.2368312589631,
              -85.52560481869676
            ],
            [
              -147.2368313559245,
              -85.5256048392339
            ],
            [
              -147.2368314507885,
              -85.52560486130163
            ],
            [
              -147.23683147512583,
              -85.52560486826326
            ],
            [
              -147.23683152153134,
              -85.52560488048735
            ],
            [
              -147.2368315392963,
              -85.52560488677115
            ],
            [
              -147.23683155271235,
              -85.52560489322634
            ],
            [
              -147.23683156630054,
              -85.52560490291125
            ],
            [
              -147.23683157559375,
              -85.52560491378746
            ],
            [
              -147.23683158093613,
              -85.52560493231438
            ],
            [
              -147.236831590846,
              -85.52560493616653
            ],
            [
              -147.23683160428726,
              -85.52560494139131
            ],
            [
              -147.2368316126538,
              -85.52560494357931
            ],
            [
              -147.2368316560124,
              -85.52560495226082
            ],
            [
              -147.23683168463262,
              -85.52560495658908
            ],
            [
              -147.23683173941052,
              -85.52560496235094
            ],
            [
              -147.23683182255806,
              -85.52560496895356
            ],
            [
              -147.2368319056151,
              -85.52560497385633
            ],
            [
              -147.2368320870356,
              -85.52560498467687
            ],
            [
              -147.2368322225836,
              -85.5256049933024
            ],
            [
              -147.23683243244614,
              -85.52560500632356
            ],
            [
              -147.23683257016364,
              -85.5256050147784
            ],
            [
              -147.23683286308355,
              -85.52560503270234
            ],
            [
              -147.23683297461008,
              -85.52560504031571
            ],
            [
              -147.23683303799478,
              -85.52560504403495
            ],
            [
              -147.23683307949167,
              -85.52560504589138
            ],
            [
              -147.2368332083315,
              -85.52560505128932
            ],
            [
              -147.23683329130756,
              -85.52560505466224
            ],
            [
              -147.2368333633802,
              -85.52560505786869
            ],
            [
              -147.23683348783507,
              -85.52560506275806
            ],
            [
              -147.23683371571084,
              -85.52560507166453
            ],
            [
              -147.2368338044422,
              -85.52560507540473
            ],
            [
              -147.2368339456825,
              -85.5256050815129
            ],
            [
              -147.23683399799785,
              -85.52560508493053
            ],
            [
              -147.2368340845233,
              -85.52560509253802
            ],
            [
              -147.23683415013167,
              -85.52560510009596
            ],
            [
              -147.23683425890235,
              -85.52560511956078
            ],
            [
              -147.2368343157556,
              -85.52560512880451
            ],
            [
              -147.2368344080353,
              -85.5256051409035
            ],
            [
              -147.23683446296033,
              -85.52560514635282
            ],
            [
              -147.23683454173198,
              -85.52560515261689
            ],
            [
              -147.2368346554014,
              -85.52560515954961
            ],
            [
              -147.23683485155175,
              -85.52560517210169
            ],
            [
              -147.23683535942504,
              -85.52560519916096
            ],
            [
              -147.23683540938092,
              -85.5256052023126
            ],
            [
              -147.23683550373735,
              -85.52560520919589
            ],
            [
              -147.23683560280762,
              -85.52560521720949
            ],
            [
              -147.23683565226926,
              -85.52560522178263
            ],
            [
              -147.23683577275492,
              -85.52560523398277
            ],
            [
              -147.236835893295,
              -85.52560524720279
            ],
            [
              -147.23683601418008,
              -85.52560525961722
            ],
            [
              -147.23683609735787,
              -85.52560526554859
            ],
            [
              -147.23683622033465,
              -85.52560527337073
            ],
            [
              -147.23683634860026,
              -85.5256052782164
            ],
            [
              -147.23683647401822,
              -85.52560528072564
            ],
            [
              -147.23683657483372,
              -85.52560528154297
            ],
            [
              -147.2368368636749,
              -85.52560528421184
            ],
            [
              -147.23683698604233,
              -85.52560528602903
            ],
            [
              -147.23683724800424,
              -85.52560528860073
            ],
            [
              -147.23683730667534,
              -85.52560528964426
            ],
            [
              -147.23683741550917,
              -85.52560529088973
            ],
            [
              -147.23683755974565,
              -85.525605293464
            ],
            [
              -147.23683767823763,
              -85.52560529677179
            ],
            [
              -147.23683780051385,
              -85.52560530166187
            ],
            [
              -147.23683790101953,
              -85.52560530689898
            ],
            [
              -147.23683802706003,
              -85.52560531588824
            ],
            [
              -147.23683814567272,
              -85.52560532504175
            ],
            [
              -147.23683817225077,
              -85.5256053266998
            ],
            [
              -147.23683822032032,
              -85.52560532923407
            ],
            [
              -147.23683824186267,
              -85.52560533009671
            ],
            [
              -147.23683830242553,
              -85.52560533185475
            ],
            [
              -147.2368383381395,
              -85.52560533225574
            ],
            [
              -147.2368384035404,
              -85.52560533291455
            ],
            [
              -147.23683852779652,
              -85.52560533406425
            ],
            [
              -147.2368386637045,
              -85.52560533448518
            ],
            [
              -147.23683873041136,
              -85.52560533448931
            ],
            [
              -147.23683886440813,
              -85.52560533595634
            ],
            [
              -147.2368389201742,
              -85.52560533750706
            ],
            [
              -147.2368389991712,
              -85.52560534002282
            ],
            [
              -147.2368390883505,
              -85.52560534510212
            ],
            [
              -147.23683912558005,
              -85.52560534865981
            ],
            [
              -147.23683914490414,
              -85.52560535095064
            ],
            [
              -147.2368391691155,
              -85.5256053548948
            ],
            [
              -147.23683920256184,
              -85.52560536223393
            ],
            [
              -147.236839220236,
              -85.52560536681787
            ],
            [
              -147.23683926316227,
              -85.52560538275449
            ],
            [
              -147.23683929467708,
              -85.52560539921186
            ],
            [
              -147.2368393225761,
              -85.5256054116863
            ],
            [
              -147.23683935379447,
              -85.52560542256604
            ],
            [
              -147.23683939882807,
              -85.5256054371598
            ],
            [
              -147.23683944718155,
              -85.52560545015884
            ],
            [
              -147.2368394818327,
              -85.52560546156869
            ],
            [
              -147.23683954011705,
              -85.5256054692524
            ],
            [
              -147.2368396121743,
              -85.52560547985331
            ],
            [
              -147.23683969428947,
              -85.52560548752932
            ],
            [
              -147.23683980363987,
              -85.52560549519652
            ],
            [
              -147.2368399219523,
              -85.52560550059931
            ],
            [
              -147.2368400295669,
              -85.52560550316444
            ],
            [
              -147.2368400388976,
              -85.52560550338687
            ],
            [
              -147.2368400866864,
              -85.52560550413554
            ],
            [
              -147.2368401717966,
              -85.52560550410803
            ],
            [
              -147.23684023104383,
              -85.52560550526015
            ],
            [
              -147.23684042042095,
              -85.52560549174049
            ],
            [
              -147.2368404991137,
              -85.52560548587579
            ],
            [
              -147.23684073436579,
              -85.52560548465226
            ],
            [
              -147.23684074920965,
              -85.52560548610715
            ],
            [
              -147.23684110418873,
              -85.52560552651467
            ],
            [
              -147.2368413829086,
              -85.52560555735471
            ],
            [
              -147.2368416717574,
              -85.5256055321448
            ],
            [
              -147.2368420368348,
              -85.52560549969262
            ],
            [
              -147.2368420588481,
              -85.52560549759707
            ],
            [
              -147.2368420848921,
              -85.52560549567629
            ],
            [
              -147.23684234793765,
              -85.52560549469875
            ],
            [
              -147.23684303412497,
              -85.52560549179947
            ],
            [
              -147.23684313703367,
              -85.52560549100124
            ],
            [
              -147.23684320060832,
              -85.5256054880484
            ],
            [
              -147.2368433456721,
              -85.52560548098947
            ],
            [
              -147.23684358199608,
              -85.52560546918387
            ],
            [
              -147.2368438085283,
              -85.52560545763643
            ],
            [
              -147.2368439283655,
              -85.52560545185179
            ],
            [
              -147.23684396491598,
              -85.52560544840651
            ],
            [
              -147.23684397093078,
              -85.52560543858776
            ],
            [
              -147.2368439960195,
              -85.52560541869109
            ],
            [
              -147.2368440305065,
              -85.52560539114192
            ],
            [
              -147.2368440619422,
              -85.52560536767346
            ],
            [
              -147.23684407444594,
              -85.52560535696017
            ],
            [
              -147.23684409043506,
              -85.5256053503255
            ],
            [
              -147.23684412898277,
              -85.52560533769145
            ],
            [
              -147.23684418867268,
              -85.52560532313818
            ],
            [
              -147.23684423242804,
              -85.52560531623953
            ],
            [
              -147.2368443249834,
              -85.52560530511789
            ],
            [
              -147.23684436561973,
              -85.52560530043009
            ],
            [
              -147.23684441918613,
              -85.5256052942507
            ],
            [
              -147.2368445054013,
              -85.52560528682837
            ],
            [
              -147.23684457549254,
              -85.52560528247099
            ],
            [
              -147.2368446406947,
              -85.5256052793901
            ],
            [
              -147.2368447091853,
              -85.52560527669065
            ],
            [
              -147.2368448608737,
              -85.52560527128698
            ],
            [
              -147.23684494890597,
              -85.52560526730628
            ],
            [
              -147.23684530437117,
              -85.52560525265734
            ],
            [
              -147.2368455473467,
              -85.52560524301694
            ],
            [
              -147.2368457348703,
              -85.52560523543433
            ],
            [
              -147.23684584904188,
              -85.52560523131768
            ],
            [
              -147.2368459598636,
              -85.52560522567225
            ],
            [
              -147.23684608859296,
              -85.52560521874611
            ],
            [
              -147.23684615207966,
              -85.52560521413591
            ],
            [
              -147.23684617319432,
              -85.52560521170673
            ],
            [
              -147.23684622659184,
              -85.5256052017452
            ],
            [
              -147.236846263709,
              -85.52560519293631
            ],
            [
              -147.2368462732768,
              -85.52560518847105
            ],
            [
              -147.23684628892647,
              -85.52560517546192
            ],
            [
              -147.2368463029898,
              -85.52560516334574
            ],
            [
              -147.2368463213121,
              -85.52560513911658
            ],
            [
              -147.23684634931672,
              -85.52560511258945
            ],
            [
              -147.2368463540294,
              -85.52560510901817
            ],
            [
              -147.23684668835784,
              -85.52560508690804
            ],
            [
              -147.23684668197933,
              -85.52560508495202
            ],
            [
              -147.23684667352424,
              -85.52560507960014
            ],
            [
              -147.23684667342937,
              -85.5256050778153
            ],
            [
              -147.23684666495396,
              -85.52560507208096
            ],
            [
              -147.23684665656663,
              -85.52560506800396
            ],
            [
              -147.23684665439052,
              -85.52560506342589
            ],
            [
              -147.2368466508174,
              -85.52560505206948
            ],
            [
              -147.23684664880378,
              -85.52560504493066
            ],
            [
              -147.2368466567302,
              -85.52560504033842
            ],
            [
              -147.2368466696203,
              -85.525605036892
            ],
            [
              -147.23684668906728,
              -85.52560503382593
            ],
            [
              -147.23684673289713,
              -85.52560502832965
            ],
            [
              -147.23684677347228,
              -85.5256050230894
            ],
            [
              -147.23684679298668,
              -85.52560502129822
            ],
            [
              -147.23684681742412,
              -85.5256050198879
            ],
            [
              -147.23684684517002,
              -85.52560501924148
            ],
            [
              -147.23684687127513,
              -85.5256050184681
            ],
            [
              -147.23684689087116,
              -85.52560501820678
            ],
            [
              -147.2368469088124,
              -85.52560501756352
            ],
            [
              -147.23684692999498,
              -85.52560501640924
            ],
            [
              -147.23684695765988,
              -85.52560501423295
            ],
            [
              -147.23684698369044,
              -85.5256050120572
            ],
            [
              -147.23684700976867,
              -85.52560501077384
            ],
            [
              -147.2368470456447,
              -85.52560500935984
            ],
            [
              -147.23684710026535,
              -85.52560500755989
            ],
            [
              -147.23684711578295,
              -85.52560500691482
            ],
            [
              -147.23684714186794,
              -85.52560500575896
            ],
            [
              -147.23684717286883,
              -85.52560500485652
            ],
            [
              -147.23684720387635,
              -85.52560500408153
            ],
            [
              -147.23684722508605,
              -85.5256050034372
            ],
            [
              -147.23684725933472,
              -85.52560500215122
            ],
            [
              -147.23684730415846,
              -85.52560500038388
            ],
            [
              -147.23684744393844,
              -85.52560499395982
            ],
            [
              -147.2368474700076,
              -85.52560499307448
            ],
            [
              -147.23684751748527,
              -85.5256049909841
            ],
            [
              -147.23684757570982,
              -85.52560498993726
            ],
            [
              -147.2368476034831,
              -85.52560498980078
            ],
            [
              -147.23684762469261,
              -85.52560498915646
            ],
            [
              -147.23684763608378,
              -85.52560498826035
            ],
            [
              -147.23684764580744,
              -85.52560498672732
            ],
            [
              -147.23684766699,
              -85.52560498557305
            ],
            [
              -147.23684770778877,
              -85.52560498453994
            ],
            [
              -147.23684776001258,
              -85.52560498324813
            ],
            [
              -147.23684781379146,
              -85.52560498063211
            ],
            [
              -147.23684787415706,
              -85.52560497862153
            ],
            [
              -147.23684790189648,
              -85.5256049778476
            ],
            [
              -147.23684792474015,
              -85.52560497720276
            ],
            [
              -147.23684799171872,
              -85.52560497679863
            ],
            [
              -147.23684801296213,
              -85.52560497679175
            ],
            [
              -147.2368480439969,
              -85.52560497652674
            ],
            [
              -147.23684806357903,
              -85.52560497601044
            ],
            [
              -147.23684807989326,
              -85.5256049754952
            ],
            [
              -147.23684810923953,
              -85.52560497421081
            ],
            [
              -147.2368481402403,
              -85.52560497330833
            ],
            [
              -147.23684816798666,
              -85.52560497266191
            ],
            [
              -147.23684819245088,
              -85.52560497176155
            ],
            [
              -147.2368482168746,
              -85.52560497009628
            ],
            [
              -147.236848253802,
              -85.52560496757984
            ],
            [
              -147.23684827994668,
              -85.52560496592766
            ],
            [
              -147.23684830989097,
              -85.52560496402623
            ],
            [
              -147.23684836513192,
              -85.52560496163393
            ],
            [
              -147.236848412474,
              -85.52560496072618
            ],
            [
              -147.2368484565341,
              -85.5256049595645
            ],
            [
              -147.23684850056046,
              -85.52560495776538
            ],
            [
              -147.23684858344552,
              -85.52560495310301
            ],
            [
              -147.2368486015775,
              -85.5256049521231
            ],
            [
              -147.23684862768957,
              -85.52560495147722
            ],
            [
              -147.23684864400363,
              -85.52560495096198
            ],
            [
              -147.2368486799476,
              -85.52560495082285
            ],
            [
              -147.23684874081408,
              -85.52560495036035
            ],
            [
              -147.23684876488082,
              -85.52560495003043
            ],
            [
              -147.23684880568652,
              -85.52560494912478
            ],
            [
              -147.23684886609453,
              -85.52560494808533
            ],
            [
              -147.23684890203157,
              -85.52560494781874
            ],
            [
              -147.23684892490925,
              -85.52560494781133
            ],
            [
              -147.23684891012093,
              -85.52560494628624
            ],
            [
              -147.23684888385978,
              -85.52560494412737
            ],
            [
              -147.23684886418258,
              -85.52560494285883
            ],
            [
              -147.2368488379284,
              -85.52560494082748
            ],
            [
              -147.23684879367164,
              -85.52560493829198
            ],
            [
              -147.23684876536552,
              -85.52560493689947
            ],
            [
              -147.23684872631245,
              -85.52560493464665
            ],
            [
              -147.2368487002288,
              -85.5256049327126
            ],
            [
              -147.23684868870194,
              -85.52560493105895
            ],
            [
              -147.23684868696614,
              -85.52560492914716
            ],
            [
              -147.23684868680354,
              -85.52560492608742
            ],
            [
              -147.23684869652007,
              -85.52560492442691
            ],
            [
              -147.23684870953213,
              -85.52560492327528
            ],
            [
              -147.2368487307147,
              -85.52560492212102
            ],
            [
              -147.23684874213993,
              -85.52560492186234
            ],
            [
              -147.23684876335636,
              -85.5256049213455
            ],
            [
              -147.23684877965687,
              -85.52560492057529
            ],
            [
              -147.23684881914042,
              -85.5256049181082
            ],
            [
              -147.23684885477124,
              -85.5256049147845
            ],
            [
              -147.23684886751295,
              -85.52560491327989
            ],
            [
              -147.2368488796015,
              -85.52560491036756
            ],
            [
              -147.23684888034884,
              -85.52560490881356
            ],
            [
              -147.2368488802404,
              -85.52560490677374
            ],
            [
              -147.23684888661433,
              -85.52560490371191
            ],
            [
              -147.23684889310343,
              -85.52560490281738
            ],
            [
              -147.23684890774268,
              -85.52560490153773
            ],
            [
              -147.23684893867565,
              -85.52560489936037
            ],
            [
              -147.23684896882415,
              -85.52560489725367
            ],
            [
              -147.2368489723967,
              -85.52560489700402
            ],
            [
              -147.2368489889633,
              -85.52560489602914
            ],
            [
              -147.2368490034153,
              -85.52560489454484
            ],
            [
              -147.2368490102583,
              -85.52560489334516
            ],
            [
              -147.23684902620383,
              -85.52560488874876
            ],
            [
              -147.23684903268202,
              -85.52560488479602
            ],
            [
              -147.23684903249227,
              -85.52560488122634
            ],
            [
              -147.23684903400445,
              -85.52560487893102
            ],
            [
              -147.23684904532126,
              -85.52560487663253
            ],
            [
              -147.236849056584,
              -85.52560487331412
            ],
            [
              -147.23684906464624,
              -85.52560487127167
            ],
            [
              -147.23684906619872,
              -85.52560486974127
            ],
            [
              -147.23684906611064,
              -85.52560486808392
            ],
            [
              -147.23684905613,
              -85.52560486477239
            ],
            [
              -147.2368490396262,
              -85.52560486171795
            ],
            [
              -147.23684903136748,
              -85.52560486006325
            ],
            [
              -147.23684901977302,
              -85.5256048571347
            ],
            [
              -147.23684901312112,
              -85.5256048549695
            ],
            [
              -147.2368490064694,
              -85.52560485280432
            ],
            [
              -147.236848996543,
              -85.52560485051269
            ],
            [
              -147.23684898481946,
              -85.52560484516187
            ],
            [
              -147.23684897816773,
              -85.52560484299669
            ],
            [
              -147.2368489658337,
              -85.5256048409868
            ],
            [
              -147.23684896333197,
              -85.52560484057916
            ],
            [
              -147.23684895012354,
              -85.52560483803363
            ],
            [
              -147.23684893694227,
              -85.52560483599804
            ],
            [
              -147.23684892373367,
              -85.52560483345249
            ],
            [
              -147.23684891541393,
              -85.5256048306504
            ],
            [
              -147.23684891693983,
              -85.52560482861003
            ],
            [
              -147.23684892168617,
              -85.52560482567621
            ],
            [
              -147.23684892977553,
              -85.5256048241437
            ],
            [
              -147.23684893780376,
              -85.52560482146382
            ],
            [
              -147.23684895402988,
              -85.52560481929122
            ],
            [
              -147.23684896462152,
              -85.52560481817986
            ],
            [
              -147.23684896865558,
              -85.52560481775659
            ],
            [
              -147.2368489816946,
              -85.52560481711492
            ],
            [
              -147.23684901429573,
              -85.52560481557448
            ],
            [
              -147.23684903386433,
              -85.5256048148032
            ],
            [
              -147.23684905176526,
              -85.52560481339502
            ],
            [
              -147.236849066391,
              -85.5256048118604
            ],
            [
              -147.23684907770098,
              -85.52560480943441
            ],
            [
              -147.2368490972428,
              -85.52560480815319
            ],
            [
              -147.23684911192274,
              -85.52560480763847
            ],
            [
              -147.2368491331324,
              -85.52560480699415
            ],
            [
              -147.23684914617127,
              -85.52560480635249
            ],
            [
              -147.23684917587127,
              -85.52560480405137
            ],
            [
              -147.23684918357316,
              -85.52560480289814
            ],
            [
              -147.23684919653746,
              -85.5256048008541
            ],
            [
              -147.2368492029385,
              -85.5256047983022
            ],
            [
              -147.23684921414704,
              -85.5256047939639
            ],
            [
              -147.23684923359366,
              -85.52560479089783
            ],
            [
              -147.23684926778844,
              -85.52560478859192
            ],
            [
              -147.23684931994464,
              -85.52560478602524
            ],
            [
              -147.23684943583814,
              -85.52560478356543
            ],
            [
              -147.23684948804177,
              -85.52560478189116
            ],
            [
              -147.23684950430177,
              -85.525604780356
            ],
            [
              -147.23684951397107,
              -85.52560477780307
            ],
            [
              -147.23684953501132,
              -85.52560477397154
            ],
            [
              -147.23684954630778,
              -85.52560477129057
            ],
            [
              -147.23684955432242,
              -85.52560476835569
            ],
            [
              -147.23684957865788,
              -85.52560476503307
            ],
            [
              -147.23684959312132,
              -85.52560476043871
            ],
            [
              -147.2368496221964,
              -85.52560475405477
            ],
            [
              -147.23684962694955,
              -85.52560475124844
            ],
            [
              -147.23684961707716,
              -85.52560474997674
            ],
            [
              -147.23684961215443,
              -85.52560474959584
            ],
            [
              -147.2368496007023,
              -85.52560474934457
            ],
            [
              -147.23684958600202,
              -85.52560474947681
            ],
            [
              -147.23684957785156,
              -85.52560474986193
            ],
            [
              -147.2368495599374,
              -85.52560475101514
            ],
            [
              -147.2368495534212,
              -85.52560475139971
            ],
            [
              -147.23684953383227,
              -85.52560475178852
            ],
            [
              -147.23684951420236,
              -85.52560475141242
            ],
            [
              -147.2368495076186,
              -85.52560475052209
            ],
            [
              -147.2368494928592,
              -85.525604747573
            ],
            [
              -147.23684948436804,
              -85.52560474351763
            ],
            [
              -147.23684948094424,
              -85.52560474058646
            ],
            [
              -147.23684947101071,
              -85.52560473816733
            ],
            [
              -147.2368494627113,
              -85.52560473574769
            ],
            [
              -147.23684945426976,
              -85.5256047306508
            ],
            [
              -147.23684944251914,
              -85.52560472479003
            ],
            [
              -147.23684943314177,
              -85.52560472258321
            ],
            [
              -147.236849415085,
              -85.52560472105917
            ],
            [
              -147.23684938068743,
              -85.52560471954041
            ],
            [
              -147.23684936429868,
              -85.52560471865327
            ],
            [
              -147.23684936100346,
              -85.52560471814436
            ],
            [
              -147.2368493592745,
              -85.52560471636006
            ],
            [
              -147.23684936082051,
              -85.52560471470218
            ],
            [
              -147.23684936400068,
              -85.52560471304378
            ],
            [
              -147.23684938025377,
              -85.52560471138113
            ],
            [
              -147.23684939485912,
              -85.52560470946405
            ],
            [
              -147.23684940447419,
              -85.5256047058912
            ],
            [
              -147.23684940761356,
              -85.52560470346785
            ],
            [
              -147.23684940755254,
              -85.52560470232046
            ],
            [
              -147.2368494090986,
              -85.52560470066258
            ],
            [
              -147.23684941389936,
              -85.52560469874867
            ],
            [
              -147.23684941874077,
              -85.52560469759968
            ],
            [
              -147.2368494284709,
              -85.52560469619414
            ],
            [
              -147.23684943981493,
              -85.52560469440559
            ],
            [
              -147.23684944626336,
              -85.52560469274613
            ],
            [
              -147.23684944618205,
              -85.52560469121626
            ],
            [
              -147.2368494362551,
              -85.52560468892464
            ],
            [
              -147.23684941164876,
              -85.52560468714773
            ],
            [
              -147.23684939854184,
              -85.52560468651451
            ],
            [
              -147.23684938050556,
              -85.52560468537294
            ],
            [
              -147.23684937721697,
              -85.52560468499152
            ],
            [
              -147.23684937711533,
              -85.5256046830792
            ],
            [
              -147.2368493803565,
              -85.52560468256819
            ],
            [
              -147.23684939175462,
              -85.52560468179956
            ],
            [
              -147.23684940964193,
              -85.52560468013638
            ],
            [
              -147.23684943733377,
              -85.52560467847005
            ],
            [
              -147.2368494535936,
              -85.52560467693489
            ],
            [
              -147.23684946171005,
              -85.52560467591235
            ],
            [
              -147.2368494697791,
              -85.52560467399738
            ],
            [
              -147.23684947624108,
              -85.52560467259289
            ],
            [
              -147.2368494843777,
              -85.5256046719528
            ],
            [
              -147.23684949415522,
              -85.52560467143968
            ],
            [
              -147.2368495121305,
              -85.52560467143387
            ],
            [
              -147.23684952683755,
              -85.52560467142911
            ],
            [
              -147.23684954481973,
              -85.52560467155077
            ],
            [
              -147.23684956605652,
              -85.52560467141642
            ],
            [
              -147.23684959054108,
              -85.52560467089853
            ],
            [
              -147.2368496199214,
              -85.52560467025157
            ],
            [
              -147.23684964274472,
              -85.52560466922426
            ],
            [
              -147.23684965409555,
              -85.52560466756321
            ],
            [
              -147.23684966795045,
              -85.52560466529354
            ],
            [
              -147.23684966990038,
              -85.52560466222208
            ],
            [
              -147.23684966973096,
              -85.52560465903487
            ],
            [
              -147.23684967438246,
              -85.52560465431621
            ],
            [
              -147.23684967988686,
              -85.52560465115342
            ],
            [
              -147.23684967980503,
              -85.52560464589176
            ],
            [
              -147.23684967382007,
              -85.52560464373465
            ],
            [
              -147.23684966550726,
              -85.52560464106004
            ],
            [
              -147.23684967027415,
              -85.52560463850867
            ],
            [
              -147.23684967830894,
              -85.52560463595627
            ],
            [
              -147.23684969288078,
              -85.52560463340174
            ],
            [
              -147.2368496993155,
              -85.5256046314873
            ],
            [
              -147.23684969760006,
              -85.52560462995795
            ],
            [
              -147.23684969422337,
              -85.5256046279192
            ],
            [
              -147.23684968264234,
              -85.52560462524565
            ],
            [
              -147.2368496825136,
              -85.52560462282335
            ],
            [
              -147.23684969045382,
              -85.5256046184861
            ],
            [
              -147.23684971148055,
              -85.5256046143996
            ],
            [
              -147.236849724411,
              -85.5256046117181
            ],
            [
              -147.2368497455734,
              -85.52560461018136
            ],
            [
              -147.2368497700513,
              -85.525604609536
            ],
            [
              -147.23684980592705,
              -85.525604608122
            ],
            [
              -147.2368498320191,
              -85.52560460709363
            ],
            [
              -147.23684984663785,
              -85.52560460543151
            ],
            [
              -147.23684986276217,
              -85.5256046013466
            ],
            [
              -147.23684987560486,
              -85.52560459700776
            ],
            [
              -147.23684987194358,
              -85.52560458961447
            ],
            [
              -147.23684987018748,
              -85.52560458732022
            ],
            [
              -147.2368498749611,
              -85.52560458489634
            ],
            [
              -147.2368498862779,
              -85.52560458259785
            ],
            [
              -147.2368498926381,
              -85.52560457928104
            ],
            [
              -147.23684989070614,
              -85.52560457367207
            ],
            [
              -147.23684989367592,
              -85.5256045680615
            ],
            [
              -147.23684990821388,
              -85.52560456486955
            ],
            [
              -147.23684991291282,
              -85.5256045610433
            ],
            [
              -147.23684990778023,
              -85.52560455671026
            ],
            [
              -147.23684991406586,
              -85.52560455199108
            ],
            [
              -147.23684992374868,
              -85.52560454969311
            ],
            [
              -147.23684994816563,
              -85.52560454790034
            ],
            [
              -147.2368499742706,
              -85.52560454712695
            ],
            [
              -147.2368500314308,
              -85.525604546471
            ],
            [
              -147.23685006413348,
              -85.52560454684289
            ],
            [
              -147.2368500903067,
              -85.52560454734439
            ],
            [
              -147.2368501622688,
              -85.52560454846854
            ],
            [
              -147.23685021129907,
              -85.52560454858016
            ],
            [
              -147.2368502341698,
              -85.52560454844526
            ],
            [
              -147.23685024392054,
              -85.52560454742219
            ],
            [
              -147.23685025201667,
              -85.52560454601716
            ],
            [
              -147.2368502535898,
              -85.52560454486924
            ],
            [
              -147.2368502598619,
              -85.52560453989508
            ],
            [
              -147.2368502678562,
              -85.52560453657773
            ],
            [
              -147.2368502889644,
              -85.5256045340211
            ],
            [
              -147.23685031500838,
              -85.5256045321003
            ],
            [
              -147.23685035085072,
              -85.52560453004885
            ],
            [
              -147.2368503670765,
              -85.52560452787625
            ],
            [
              -147.2368503767798,
              -85.52560452596076
            ],
            [
              -147.2368503848624,
              -85.52560452430076
            ],
            [
              -147.23685039944726,
              -85.52560452200122
            ],
            [
              -147.23685040916382,
              -85.52560452034069
            ],
            [
              -147.23685043362835,
              -85.52560451944034
            ],
            [
              -147.23685045321068,
              -85.52560451892404
            ],
            [
              -147.23685048099057,
              -85.52560451891506
            ],
            [
              -147.23685053166173,
              -85.52560451915365
            ],
            [
              -147.23685053384978,
              -85.52560451915294
            ],
            [
              -147.23685055780768,
              -85.52560451914519
            ],
            [
              -147.23685057736273,
              -85.52560451811894
            ],
            [
              -147.23685060666853,
              -85.52560451606959
            ],
            [
              -147.2368506538005,
              -85.5256045112097
            ],
            [
              -147.23685069263973,
              -85.52560450405765
            ],
            [
              -147.2368507165675,
              -85.52560450014947
            ],
            [
              -147.23685076390424,
              -85.52560449205048
            ],
            [
              -147.23685080943565,
              -85.52560448782855
            ],
            [
              -147.23685085011024,
              -85.52560448524912
            ],
            [
              -147.2368509094549,
              -85.52560448100816
            ],
            [
              -147.23685093150667,
              -85.52560447860972
            ],
            [
              -147.2368509557881,
              -85.52560447426718
            ],
            [
              -147.2368509648633,
              -85.52560447283635
            ],
            [
              -147.23685099179534,
              -85.52560447024085
            ],
            [
              -147.2368510061882,
              -85.52560446940625
            ],
            [
              -147.23685102738432,
              -85.52560446850694
            ],
            [
              -147.2368510535098,
              -85.52560446811601
            ],
            [
              -147.23685107313952,
              -85.52560446849215
            ],
            [
              -147.2368510862802,
              -85.5256044697628
            ],
            [
              -147.2368511076457,
              -85.52560447205072
            ],
            [
              -147.2368511192066,
              -85.52560447434182
            ],
            [
              -147.23685113085543,
              -85.52560447829026
            ],
            [
              -147.23685113588658,
              -85.52560448071095
            ],
            [
              -147.23685114740664,
              -85.52560448223711
            ],
            [
              -147.23685116216788,
              -85.52560448325227
            ],
            [
              -147.23685118181115,
              -85.52560448388336
            ],
            [
              -147.23685119653854,
              -85.52560448426107
            ],
            [
              -147.23685121126587,
              -85.52560448463878
            ],
            [
              -147.2368512423208,
              -85.52560448475622
            ],
            [
              -147.23685126357114,
              -85.52560448487684
            ],
            [
              -147.2368512864622,
              -85.52560448512442
            ],
            [
              -147.2368513142968,
              -85.52560448613534
            ],
            [
              -147.23685134051038,
              -85.52560448740178
            ],
            [
              -147.23685136348274,
              -85.52560448917922
            ],
            [
              -147.23685138805556,
              -85.52560449031868
            ],
            [
              -147.23685140770561,
              -85.52560449107727
            ],
            [
              -147.23685143061041,
              -85.52560449157983
            ],
            [
              -147.23685147144968,
              -85.52560449131163
            ],
            [
              -147.2368514893777,
              -85.52560449041339
            ],
            [
              -147.2368515105601,
              -85.52560448925912
            ],
            [
              -147.23685152650694,
              -85.52560448775417
            ],
            [
              -147.23685154790763,
              -85.52560448478486
            ],
            [
              -147.2368515704736,
              -85.52560447891298
            ],
            [
              -147.23685157507109,
              -85.52560447317443
            ],
            [
              -147.23685157159966,
              -85.52560446935081
            ],
            [
              -147.23685156816865,
              -85.52560446629215
            ],
            [
              -147.2368515697216,
              -85.52560446476176
            ],
            [
              -147.23685157132186,
              -85.52560446412379
            ],
            [
              -147.23685158274012,
              -85.52560446373761
            ],
            [
              -147.23685159905435,
              -85.52560446322238
            ],
            [
              -147.2368516104865,
              -85.52560446309118
            ],
            [
              -147.23685162846147,
              -85.52560446308539
            ],
            [
              -147.23685164482325,
              -85.52560446346254
            ],
            [
              -147.23685167647335,
              -85.52560446502096
            ],
            [
              -147.23685172346362,
              -85.52560446590782
            ],
            [
              -147.23685176098084,
              -85.52560446597478
            ],
            [
              -147.2368517899704,
              -85.5256044658784
            ],
            [
              -147.23685183118042,
              -85.52560446467717
            ],
            [
              -147.23685184910826,
              -85.52560446377893
            ],
            [
              -147.2368518718977,
              -85.52560446211419
            ],
            [
              -147.23685188490958,
              -85.52560446096255
            ],
            [
              -147.23685188467243,
              -85.52560445650046
            ],
            [
              -147.23685187969548,
              -85.52560445509967
            ],
            [
              -147.2368518747526,
              -85.52560445433633
            ],
            [
              -147.23685184030742,
              -85.52560445192515
            ],
            [
              -147.23685183048246,
              -85.52560445154585
            ],
            [
              -147.23685182876022,
              -85.52560444988903
            ],
            [
              -147.23685184007704,
              -85.52560444759054
            ],
            [
              -147.23685185188876,
              -85.52560444639175
            ],
            [
              -147.2368518712194,
              -85.52560444537522
            ],
            [
              -147.23685195955792,
              -85.52560444144834
            ],
            [
              -147.23685199327755,
              -85.52560443989152
            ],
            [
              -147.23685202914677,
              -85.52560443835004
            ],
            [
              -147.23685205679104,
              -85.52560443579128
            ],
            [
              -147.23685209425375,
              -85.52560443348432
            ],
            [
              -147.23685213502557,
              -85.52560443194125
            ],
            [
              -147.23685217257642,
              -85.52560443129164
            ],
            [
              -147.23685219709512,
              -85.5256044314112
            ],
            [
              -147.23685220856777,
              -85.52560443204494
            ],
            [
              -147.23685222173538,
              -85.52560443382554
            ],
            [
              -147.23685223659146,
              -85.52560443662554
            ],
            [
              -147.23685224323643,
              -85.52560443866324
            ],
            [
              -147.2368522468098,
              -85.52560444439918
            ],
            [
              -147.23685225193563,
              -85.52560444860471
            ],
            [
              -147.2368522652186,
              -85.52560445255263
            ],
            [
              -147.23685229486995,
              -85.5256044570052
            ],
            [
              -147.23685232770117,
              -85.5256044597994
            ],
            [
              -147.2368523653469,
              -85.52560446093464
            ],
            [
              -147.2368524324066,
              -85.52560446206036
            ],
            [
              -147.23685246510956,
              -85.52560446243224
            ],
            [
              -147.23685248966171,
              -85.52560446318925
            ],
            [
              -147.2368525240122,
              -85.52560446381558
            ],
            [
              -147.23685258452892,
              -85.52560446481594
            ],
            [
              -147.236852628711,
              -85.52560446594907
            ],
            [
              -147.23685267947025,
              -85.525604467845
            ],
            [
              -147.2368527466384,
              -85.52560447101054
            ],
            [
              -147.23685280564266,
              -85.52560447430622
            ],
            [
              -147.23685288911824,
              -85.52560447682902
            ],
            [
              -147.23685292837771,
              -85.52560447758125
            ],
            [
              -147.23685295942593,
              -85.52560447757122
            ],
            [
              -147.23685297247863,
              -85.52560447718454
            ],
            [
              -147.2368529936678,
              -85.52560447615774
            ],
            [
              -147.2368530295303,
              -85.52560447448877
            ],
            [
              -147.23685309309155,
              -85.52560447128094
            ],
            [
              -147.23685314690897,
              -85.52560446922368
            ],
            [
              -147.23685319263032,
              -85.52560446857143
            ],
            [
              -147.23685321223974,
              -85.52560446856509
            ],
            [
              -147.23685324655634,
              -85.52560446855398
            ],
            [
              -147.23685328087936,
              -85.5256044686704
            ],
            [
              -147.23685330599855,
              -85.5256044689324
            ],
            [
              -147.23685334670444,
              -85.52560446831517
            ],
            [
              -147.23685339010078,
              -85.52560446631176
            ],
            [
              -147.23685342287155,
              -85.52560446530968
            ],
            [
              -147.2368534864599,
              -85.5256044626118
            ],
            [
              -147.23685352229523,
              -85.52560446043286
            ],
            [
              -147.23685354018227,
              -85.5256044587697
            ],
            [
              -147.23685355480134,
              -85.52560445710759
            ],
            [
              -147.23685356127015,
              -85.52560445583059
            ],
            [
              -147.2368535693661,
              -85.52560445442558
            ],
            [
              -147.23685357245833,
              -85.52560445110981
            ],
            [
              -147.23685357231602,
              -85.52560444843256
            ],
            [
              -147.23685357870994,
              -85.52560444575317
            ],
            [
              -147.2368535900335,
              -85.52560444358217
            ],
            [
              -147.23685360625302,
              -85.5256044412821
            ],
            [
              -147.2368536323041,
              -85.52560443948879
            ],
            [
              -147.23685365672088,
              -85.52560443769602
            ],
            [
              -147.23685367954434,
              -85.52560443666871
            ],
            [
              -147.23685370564945,
              -85.52560443589533
            ],
            [
              -147.23685373014112,
              -85.52560443550493
            ],
            [
              -147.23685375628673,
              -85.52560443549646
            ],
            [
              -147.23685378081905,
              -85.525604435871
            ],
            [
              -147.23685382656066,
              -85.52560443560124
            ],
            [
              -147.23685385917526,
              -85.52560443431577
            ],
            [
              -147.23685388033732,
              -85.52560443277903
            ],
            [
              -147.23685389929602,
              -85.52560443077554
            ],
            [
              -147.23685393991843,
              -85.52560442642772
            ],
            [
              -147.23685396266737,
              -85.52560442399805
            ],
            [
              -147.23685398382958,
              -85.5256044224613
            ],
            [
              -147.23685400988066,
              -85.525604420668
            ],
            [
              -147.23685404572282,
              -85.52560441861655
            ],
            [
              -147.2368540832262,
              -85.52560441707453
            ],
            [
              -147.23685411254542,
              -85.52560441528017
            ],
            [
              -147.23685412229614,
              -85.5256044142571
            ],
            [
              -147.23685412710333,
              -85.52560441247068
            ],
            [
              -147.23685413347724,
              -85.52560440940883
            ],
            [
              -147.23685414145817,
              -85.5256044058365
            ],
            [
              -147.23685414937114,
              -85.5256044009893
            ],
            [
              -147.2368541590677,
              -85.5256043989463
            ],
            [
              -147.23685418839364,
              -85.52560439727944
            ],
            [
              -147.2368542259038,
              -85.5256043958649
            ],
            [
              -147.23685425361595,
              -85.52560439458105
            ],
            [
              -147.23685427806,
              -85.52560439329821
            ],
            [
              -147.23685429103128,
              -85.52560439138166
            ],
            [
              -147.23685430725723,
              -85.52560438920906
            ],
            [
              -147.23685431847915,
              -85.52560438512573
            ],
            [
              -147.23685433632582,
              -85.52560438269762
            ],
            [
              -147.23685436072907,
              -85.52560438064988
            ],
            [
              -147.23685439005502,
              -85.52560437898302
            ],
            [
              -147.2368544226628,
              -85.52560437757008
            ],
            [
              -147.236854460207,
              -85.525604376793
            ],
            [
              -147.23685452391715,
              -85.52560437638991
            ],
            [
              -147.2368545776914,
              -85.5256043757987
            ],
            [
              -147.23685460628764,
              -85.52560437516372
            ],
            [
              -147.23685466083123,
              -85.52560437348428
            ],
            [
              -147.23685468916815,
              -85.52560437202334
            ],
            [
              -147.2368547066403,
              -85.5256043707212
            ],
            [
              -147.23685472610046,
              -85.5256043679101
            ],
            [
              -147.23685474712718,
              -85.5256043638236
            ],
            [
              -147.23685477633808,
              -85.52560435998943
            ],
            [
              -147.23685480072777,
              -85.52560435768672
            ],
            [
              -147.2368548186219,
              -85.52560435615102
            ],
            [
              -147.23685484299784,
              -85.52560435359332
            ],
            [
              -147.23685486411978,
              -85.52560435129166
            ],
            [
              -147.23685488531572,
              -85.52560435039237
            ],
            [
              -147.23685491634373,
              -85.52560434999987
            ],
            [
              -147.2368550002524,
              -85.5256043491128
            ],
            [
              -147.23685507965638,
              -85.525604348272
            ],
            [
              -147.23685511379475,
              -85.52560434814302
            ],
            [
              -147.236855150867,
              -85.52560434800299
            ],
            [
              -147.23685522059336,
              -85.52560435254475
            ],
            [
              -147.23685524773768,
              -85.52560435372781
            ],
            [
              -147.23685530576634,
              -85.52560435625692
            ],
            [
              -147.23685540615458,
              -85.52560435928422
            ],
            [
              -147.23685545422447,
              -85.52560436181848
            ],
            [
              -147.23685547821867,
              -85.52560436232069
            ],
            [
              -147.2368555109008,
              -85.5256043623101
            ],
            [
              -147.23685554355603,
              -85.52560436178958
            ],
            [
              -147.2368555696747,
              -85.52560436127118
            ],
            [
              -147.23685560451813,
              -85.52560436091993
            ],
            [
              -147.23685562631525,
              -85.52560436108287
            ],
            [
              -147.23685564376387,
              -85.5256043614172
            ],
            [
              -147.23685566122154,
              -85.52560436192151
            ],
            [
              -147.23685571800652,
              -85.52560436445295
            ],
            [
              -147.23685573988496,
              -85.52560436614576
            ],
            [
              -147.2368557552451,
              -85.52560436818064
            ],
            [
              -147.23685577724132,
              -85.52560437208324
            ],
            [
              -147.23685579260132,
              -85.52560437411813
            ],
            [
              -147.23685582098045,
              -85.52560437512886
            ],
            [
              -147.23685586680796,
              -85.52560437647394
            ],
            [
              -147.23685590825082,
              -85.52560437731047
            ],
            [
              -147.23685592569026,
              -85.52560437747482
            ],
            [
              -147.23685596050623,
              -85.52560437661363
            ],
            [
              -147.23685601924427,
              -85.52560437489475
            ],
            [
              -147.23685606062375,
              -85.52560437454136
            ],
            [
              -147.23685613884322,
              -85.52560437407182
            ],
            [
              -147.23685617248123,
              -85.52560437367849
            ],
            [
              -147.23685619994217,
              -85.52560437211648
            ],
            [
              -147.23685621934345,
              -85.52560436820048
            ],
            [
              -147.23685622362885,
              -85.5256043668392
            ],
            [
              -147.23685623647606,
              -85.52560436258534
            ],
            [
              -147.23685626456574,
              -85.52560435815658
            ],
            [
              -147.23685628622766,
              -85.52560435576974
            ],
            [
              -147.2368563101133,
              -85.52560435423212
            ],
            [
              -147.23685634054468,
              -85.52560435286239
            ],
            [
              -147.23685637101215,
              -85.52560435217259
            ],
            [
              -147.2368564363135,
              -85.52560435096153
            ],
            [
              -147.2368564994088,
              -85.52560434924125
            ],
            [
              -147.2368565559409,
              -85.52560434701311
            ],
            [
              -147.2368565864082,
              -85.52560434632332
            ],
            [
              -147.23685661909067,
              -85.52560434631275
            ],
            [
              -147.236856649594,
              -85.52560434630287
            ],
            [
              -147.23685671840397,
              -85.52560434774418
            ],
            [
              -147.23685680652355,
              -85.52560434727204
            ],
            [
              -147.23685684568815,
              -85.52560434623943
            ],
            [
              -147.236856882656,
              -85.52560434486756
            ],
            [
              -147.236856919687,
              -85.5256043446856
            ],
            [
              -147.236856954548,
              -85.52560434467432
            ],
            [
              -147.23685699379408,
              -85.5256043451716
            ],
            [
              -147.23685703818865,
              -85.52560434719453
            ],
            [
              -147.23685714450318,
              -85.52560435209233
            ],
            [
              -147.23685715103952,
              -85.52560435209023
            ],
            [
              -147.23685721418934,
              -85.52560435138984
            ],
            [
              -147.23685723810223,
              -85.52560435036219
            ],
            [
              -147.2368572858919,
              -85.52560434762691
            ],
            [
              -147.23685731201957,
              -85.52560434727849
            ],
            [
              -147.236857357829,
              -85.5256043482836
            ],
            [
              -147.23685739488704,
              -85.52560434861158
            ],
            [
              -147.2368574233293,
              -85.52560435081223
            ],
            [
              -147.2368574460335,
              -85.52560435417078
            ],
            [
              -147.23685748481506,
              -85.52560435980168
            ],
            [
              -147.23685752190914,
              -85.5256043608096
            ],
            [
              -147.23685755894942,
              -85.52560436079763
            ],
            [
              -147.23685757851334,
              -85.52560435994135
            ],
            [
              -147.23685761324833,
              -85.52560435755029
            ],
            [
              -147.2368576870484,
              -85.52560435225679
            ],
            [
              -147.23685772822907,
              -85.52560434816378
            ],
            [
              -147.23685776502495,
              -85.52560434356221
            ],
            [
              -147.23685779324114,
              -85.52560434151323
            ],
            [
              -147.23685782802116,
              -85.52560433997208
            ],
            [
              -147.23685785848863,
              -85.52560433928228
            ],
            [
              -147.23685790424366,
              -85.52560433926747
            ],
            [
              -147.23685795656252,
              -85.5256043397605
            ],
            [
              -147.23685798493264,
              -85.52560434060128
            ],
            [
              -147.2368580067751,
              -85.52560434161413
            ],
            [
              -147.2368580308774,
              -85.52560434415614
            ],
            [
              -147.23685806679745,
              -85.52560434967401
            ],
            [
              -147.23685807720224,
              -85.52560435115169
            ],
            [
              -147.2368581054816,
              -85.52560435399128
            ],
            [
              -147.23685815564886,
              -85.52560435499498
            ],
            [
              -147.2368581861341,
              -85.52560435464515
            ],
            [
              -147.2368582187622,
              -85.52560435361467
            ],
            [
              -147.2368582469784,
              -85.5256043515657
            ],
            [
              -147.23685826644356,
              -85.5256043488396
            ],
            [
              -147.23685829455135,
              -85.5256043447508
            ],
            [
              -147.23685832913225,
              -85.52560433947
            ],
            [
              -147.23685835299108,
              -85.52560433742242
            ],
            [
              -147.2368583813338,
              -85.52560433775324
            ],
            [
              -147.23685840752506,
              -85.52560433859469
            ],
            [
              -147.23685847085505,
              -85.52560434129401
            ],
            [
              -147.23685849494882,
              -85.52560434366603
            ],
            [
              -147.2368585082203,
              -85.52560434740147
            ],
            [
              -147.23685852144044,
              -85.52560435254605
            ],
            [
              -147.23685854002554,
              -85.52560435497703
            ],
            [
              -147.23685859745112,
              -85.52560435914938
            ],
            [
              -147.23685869443278,
              -85.52560436448532
            ],
            [
              -147.23685872269394,
              -85.5256043651808
            ],
            [
              -147.23685874657576,
              -85.52560436550164
            ],
            [
              -147.23685882515275,
              -85.52560436616758
            ],
            [
              -147.2368588709081,
              -85.52560436615279
            ],
            [
              -147.23685891452965,
              -85.5256043669886
            ],
            [
              -147.23685899521843,
              -85.5256043683224
            ],
            [
              -147.23685913469228,
              -85.52560437172613
            ],
            [
              -147.23685919152027,
              -85.52560437216862
            ],
            [
              -147.23685921984506,
              -85.52560437215945
            ],
            [
              -147.23685926556394,
              -85.52560437146471
            ],
            [
              -147.23685930253197,
              -85.52560437009285
            ],
            [
              -147.23685934382107,
              -85.52560436803964
            ],
            [
              -147.23685938080666,
              -85.52560436700774
            ],
            [
              -147.23685940696166,
              -85.52560436716927
            ],
            [
              -147.23685943094665,
              -85.5256043675015
            ],
            [
              -147.236859457147,
              -85.52560436851294
            ],
            [
              -147.23685947681932,
              -85.52560436969648
            ],
            [
              -147.2368595009402,
              -85.52560437257847
            ],
            [
              -147.23685954479663,
              -85.52560437783393
            ],
            [
              -147.2368595754629,
              -85.52560438088378
            ],
            [
              -147.2368596346656,
              -85.52560438246459
            ],
            [
              -147.23685966924265,
              -85.52560438255331
            ],
            [
              -147.2368597585655,
              -85.52560438235442
            ],
            [
              -147.23685980214202,
              -85.52560438234032
            ],
            [
              -147.2368598435847,
              -85.52560438317686
            ],
            [
              -147.2368599330337,
              -85.52560438535775
            ],
            [
              -147.23685997883442,
              -85.52560438619288
            ],
            [
              -147.23686000064944,
              -85.52560438669579
            ],
            [
              -147.23686001812555,
              -85.52560438754007
            ],
            [
              -147.23686004650418,
              -85.5256043885508
            ],
            [
              -147.2368600726771,
              -85.52560438905232
            ],
            [
              -147.23686009883227,
              -85.52560438921385
            ],
            [
              -147.23686014894497,
              -85.52560438919762
            ],
            [
              -147.23686020129105,
              -85.52560439020063
            ],
            [
              -147.2368602427339,
              -85.52560439103716
            ],
            [
              -147.2368602798012,
              -85.52560439153513
            ],
            [
              -147.2368603190739,
              -85.52560439254233
            ],
            [
              -147.23686034315844,
              -85.52560439474439
            ],
            [
              -147.23686036721605,
              -85.52560439643648
            ],
            [
              -147.23686038470973,
              -85.52560439762074
            ],
            [
              -147.23686040655235,
              -85.5256043986336
            ],
            [
              -147.23686043055528,
              -85.52560439930579
            ],
            [
              -147.23686046329198,
              -85.52560440031512
            ],
            [
              -147.2368605047437,
              -85.52560440132163
            ],
            [
              -147.2368605353375,
              -85.5256044030116
            ],
            [
              -147.23686054475937,
              -85.52560440446665
            ],
            [
              -147.23686055291265,
              -85.52560440572573
            ],
            [
              -147.23686056189908,
              -85.52560441082245
            ],
            [
              -147.23686055469977,
              -85.52560441663726
            ],
            [
              -147.23686055794798,
              -85.52560441847318
            ],
            [
              -147.2368605623689,
              -85.52560441966166
            ],
            [
              -147.23686057119286,
              -85.52560442169865
            ],
            [
              -147.23686058438307,
              -85.52560442390423
            ],
            [
              -147.23686060630683,
              -85.52560442644696
            ],
            [
              -147.2368606369368,
              -85.52560442881688
            ],
            [
              -147.23686066979062,
              -85.52560443203602
            ],
            [
              -147.2368607026538,
              -85.52560443542514
            ],
            [
              -147.2368607159164,
              -85.5256044389906
            ],
            [
              -147.23686073134886,
              -85.52560444238536
            ],
            [
              -147.23686073597776,
              -85.52560444748347
            ],
            [
              -147.23686074267675,
              -85.52560445054108
            ],
            [
              -147.2368607493217,
              -85.5256044525788
            ],
            [
              -147.23686076033303,
              -85.52560445478508
            ],
            [
              -147.23686077785396,
              -85.52560445647927
            ],
            [
              -147.23686081060873,
              -85.52560445782858
            ],
            [
              -147.23686083241506,
              -85.52560445816151
            ],
            [
              -147.23686086946424,
              -85.52560445831952
            ],
            [
              -147.23686091739813,
              -85.525604458304
            ],
            [
              -147.2368609413833,
              -85.52560445863622
            ],
            [
              -147.23686096543156,
              -85.52560446015832
            ],
            [
              -147.23686098736437,
              -85.52560446287104
            ],
            [
              -147.2368610136549,
              -85.52560446558233
            ],
            [
              -147.23686103552464,
              -85.52560446710515
            ],
            [
              -147.23686106604586,
              -85.52560446743526
            ],
            [
              -147.23686120983925,
              -85.52560446721874
            ],
            [
              -147.23686126647078,
              -85.52560446686044
            ],
            [
              -147.23686129484057,
              -85.52560446770121
            ],
            [
              -147.23686132548875,
              -85.5256044704111
            ],
            [
              -147.23686134308178,
              -85.5256044734652
            ],
            [
              -147.2368613454142,
              -85.52560447635422
            ],
            [
              -147.23686134130972,
              -85.5256044811152
            ],
            [
              -147.2368613307135,
              -85.52560448672823
            ],
            [
              -147.2368613193619,
              -85.52560449269245
            ],
            [
              -147.2368613203527,
              -85.52560449676085
            ],
            [
              -147.23686132928458,
              -85.52560450083766
            ],
            [
              -147.2368613294472,
              -85.5256045038974
            ],
            [
              -147.23686131198403,
              -85.52560450822975
            ],
            [
              -147.23686130146592,
              -85.52560451036597
            ],
            [
              -147.23686126624426,
              -85.52560451396472
            ],
            [
              -147.23686124910012,
              -85.52560451556722
            ],
            [
              -147.23686120180938,
              -85.52560452110743
            ],
            [
              -147.2368612018997,
              -85.52560452280728
            ],
            [
              -147.2368612151533,
              -85.52560452620276
            ],
            [
              -147.23686122174405,
              -85.52560452722055
            ],
            [
              -147.23686124580135,
              -85.52560452891264
            ],
            [
              -147.23686127200133,
              -85.5256045299241
            ],
            [
              -147.2368613112744,
              -85.5256045309313
            ],
            [
              -147.23686137407276,
              -85.52560453131531
            ],
            [
              -147.23686139845438,
              -85.52560453141307
            ],
            [
              -147.23686143987916,
              -85.52560453190962
            ],
            [
              -147.2368614595428,
              -85.5256045329232
            ],
            [
              -147.2368614836454,
              -85.52560453546522
            ],
            [
              -147.23686149910515,
              -85.52560453936994
            ],
            [
              -147.23686151022488,
              -85.52560454361603
            ],
            [
              -147.23686150826305,
              -85.52560454769636
            ],
            [
              -147.23686149769395,
              -85.52560455381933
            ],
            [
              -147.23686148510896,
              -85.52560456300274
            ],
            [
              -147.23686145559046,
              -85.52560457576423
            ],
            [
              -147.23686145108826,
              -85.5256045788226
            ],
            [
              -147.236861446875,
              -85.52560458154377
            ],
            [
              -147.2368614535288,
              -85.52560458375147
            ],
            [
              -147.2368614644864,
              -85.52560458493782
            ],
            [
              -147.23686148194378,
              -85.52560458544214
            ],
            [
              -147.2368614994197,
              -85.52560458628643
            ],
            [
              -147.23686154081753,
              -85.52560458627303
            ],
            [
              -147.2368616062512,
              -85.5256045835528
            ],
            [
              -147.23686166901555,
              -85.52560457960206
            ],
            [
              -147.23686171232103,
              -85.5256045744884
            ],
            [
              -147.23686173406412,
              -85.52560457363143
            ],
            [
              -147.23686175362835,
              -85.52560457277517
            ],
            [
              -147.23686177975605,
              -85.52560457242673
            ],
            [
              -147.23686181029584,
              -85.52560457309681
            ],
            [
              -147.23686183213812,
              -85.52560457410965
            ],
            [
              -147.23686185183806,
              -85.52560457580316
            ],
            [
              -147.23686186155535,
              -85.52560457705489
            ],
            [
              -147.23686187158285,
              -85.5256045783466
            ],
            [
              -147.23686189799096,
              -85.5256045832677
            ],
            [
              -147.2368619178713,
              -85.52560458836089
            ],
            [
              -147.23686192449802,
              -85.52560459005863
            ],
            [
              -147.23686193980413,
              -85.5256045910736
            ],
            [
              -147.23686195945854,
              -85.52560459191719
            ],
            [
              -147.23686199433777,
              -85.52560459224588
            ],
            [
              -147.23686202695703,
              -85.52560459104541
            ],
            [
              -147.2368621225902,
              -85.5256045865948
            ],
            [
              -147.2368621509061,
              -85.52560458641565
            ],
            [
              -147.23686216397883,
              -85.52560458641142
            ],
            [
              -147.23686218576708,
              -85.52560458640436
            ],
            [
              -147.23686220975225,
              -85.52560458673659
            ],
            [
              -147.2368622359434,
              -85.52560458757804
            ],
            [
              -147.23686228189752,
              -85.5256045913029
            ],
            [
              -147.23686230156082,
              -85.52560459231647
            ],
            [
              -147.23686232774307,
              -85.52560459298796
            ],
            [
              -147.23686234953132,
              -85.5256045929809
            ],
            [
              -147.23686239092885,
              -85.52560459296751
            ],
            [
              -147.23686243236267,
              -85.52560459363406
            ],
            [
              -147.2368624607596,
              -85.52560459498478
            ],
            [
              -147.2368624935143,
              -85.52560459633409
            ],
            [
              -147.23686251098087,
              -85.52560459700838
            ],
            [
              -147.236862537127,
              -85.52560459699991
            ],
            [
              -147.23686256760334,
              -85.5256045964801
            ],
            [
              -147.2368625849255,
              -85.52560459443464
            ],
            [
              -147.23686261715775,
              -85.52560458868172
            ],
            [
              -147.23686269501545,
              -85.52560457502042
            ],
            [
              -147.23686275770433,
              -85.52560456565082
            ],
            [
              -147.23686281244656,
              -85.52560455977383
            ],
            [
              -147.23686282688382,
              -85.5256045566625
            ],
            [
              -147.2368628700817,
              -85.52560454827572
            ],
            [
              -147.2368629068506,
              -85.5256045431642
            ],
            [
              -147.23686294741097,
              -85.52560453884277
            ],
            [
              -147.23686296380504,
              -85.52560453593519
            ],
            [
              -147.23686299331698,
              -85.52560453021717
            ],
            [
              -147.2368629931995,
              -85.52560452800736
            ],
            [
              -147.2368629778392,
              -85.52560452597247
            ],
            [
              -147.23686296248806,
              -85.52560452410756
            ],
            [
              -147.23686291423778,
              -85.52560451817362
            ],
            [
              -147.23686289661748,
              -85.52560451460958
            ],
            [
              -147.23686288773044,
              -85.5256045113827
            ],
            [
              -147.2368628919615,
              -85.52560450900148
            ],
            [
              -147.236862907114,
              -85.52560450712672
            ],
            [
              -147.23686293523997,
              -85.52560450337789
            ],
            [
              -147.23686296995658,
              -85.52560450064686
            ],
            [
              -147.236863000089,
              -85.52560449643337
            ],
            [
              -147.2368630131807,
              -85.52560449400335
            ],
            [
              -147.23686305905562,
              -85.52560448245562
            ],
            [
              -147.23686308625426,
              -85.52560447811645
            ],
            [
              -147.23686310593934,
              -85.52560447646462
            ],
            [
              -147.23686313196782,
              -85.52560447424636
            ],
            [
              -147.23686315374704,
              -85.52560447406933
            ],
            [
              -147.23686317335645,
              -85.52560447406297
            ],
            [
              -147.23686318863528,
              -85.525604474568
            ],
            [
              -147.23686323239235,
              -85.5256044779536
            ],
            [
              -147.2368632521286,
              -85.52560448032705
            ],
            [
              -147.23686326972148,
              -85.52560448338113
            ],
            [
              -147.2368632851449,
              -85.5256044866059
            ],
            [
              -147.2368633004781,
              -85.52560448813082
            ],
            [
              -147.23686332230233,
              -85.52560448880374
            ],
            [
              -147.23686334409092,
              -85.52560448879667
            ],
            [
              -147.23686339415846,
              -85.52560448793054
            ],
            [
              -147.23686343544753,
              -85.52560448587732
            ],
            [
              -147.2368634569945,
              -85.52560448460565
            ],
            [
              -147.23686349618376,
              -85.52560448075805
            ],
            [
              -147.2368635329435,
              -85.52560447547653
            ],
            [
              -147.2368635503381,
              -85.52560447479095
            ],
            [
              -147.23686357648387,
              -85.52560447478251
            ],
            [
              -147.23686361352387,
              -85.52560447477053
            ],
            [
              -147.2368636810946,
              -85.52560447525862
            ],
            [
              -147.23686372034956,
              -85.52560447592587
            ],
            [
              -147.23686374213767,
              -85.52560447591883
            ],
            [
              -147.2368637617471,
              -85.52560447591247
            ],
            [
              -147.23686377698075,
              -85.52560447556758
            ],
            [
              -147.23686379438422,
              -85.52560447505198
            ],
            [
              -147.23686380961806,
              -85.52560447470708
            ],
            [
              -147.23686383353996,
              -85.52560447384941
            ],
            [
              -147.23686386184653,
              -85.52560447350027
            ],
            [
              -147.23686389456498,
              -85.52560447416963
            ],
            [
              -147.23686390984366,
              -85.52560447467465
            ],
            [
              -147.23686394042858,
              -85.52560447619466
            ],
            [
              -147.23686397318352,
              -85.52560447754395
            ],
            [
              -147.23686399724082,
              -85.52560447923604
            ],
            [
              -147.23686401470752,
              -85.52560447991036
            ],
            [
              -147.23686404085345,
              -85.52560447990189
            ],
            [
              -147.23686408223293,
              -85.52560447954853
            ],
            [
              -147.23686411926369,
              -85.52560447936655
            ],
            [
              -147.2368641454098,
              -85.52560447935811
            ],
            [
              -147.23686416722504,
              -85.525604479861
            ],
            [
              -147.23686418251307,
              -85.525604480536
            ],
            [
              -147.23686418696093,
              -85.52560448223444
            ],
            [
              -147.23686419369608,
              -85.52560448597201
            ],
            [
              -147.236864200377,
              -85.52560448868964
            ],
            [
              -147.2368642266044,
              -85.52560449021105
            ],
            [
              -147.23686429228528,
              -85.52560449613938
            ],
            [
              -147.23686435134846,
              -85.52560450053994
            ],
            [
              -147.2368644103392,
              -85.52560450358064
            ],
            [
              -147.23686447148182,
              -85.52560450611065
            ],
            [
              -147.23686454350042,
              -85.52560450829719
            ],
            [
              -147.236864630789,
              -85.5256045108188
            ],
            [
              -147.2368647267747,
              -85.52560451299757
            ],
            [
              -147.23686477478086,
              -85.52560451434195
            ],
            [
              -147.23686479447176,
              -85.52560451586545
            ],
            [
              -147.2368648163594,
              -85.52560451772824
            ],
            [
              -147.23686481647684,
              -85.52560451993804
            ],
            [
              -147.2368648122457,
              -85.52560452231924
            ],
            [
              -147.23686481021156,
              -85.52560452503971
            ],
            [
              -147.23686481039226,
              -85.5256045284394
            ],
            [
              -147.23686483455796,
              -85.52560453217131
            ],
            [
              -147.23686486080314,
              -85.5256045340327
            ],
            [
              -147.23686491101543,
              -85.52560453588632
            ],
            [
              -147.23686497651545,
              -85.52560453841492
            ],
            [
              -147.23686506808957,
              -85.52560453957521
            ],
            [
              -147.2368651335534,
              -85.5256045414239
            ],
            [
              -147.23686519249944,
              -85.52560454361468
            ],
            [
              -147.23686525818013,
              -85.52560454954299
            ],
            [
              -147.2368652933033,
              -85.52560455446128
            ],
            [
              -147.23686530228073,
              -85.52560455938801
            ],
            [
              -147.23686531131216,
              -85.52560456533466
            ],
            [
              -147.2368653224321,
              -85.52560456958075
            ],
            [
              -147.2368653334257,
              -85.52560457144706
            ],
            [
              -147.236865359698,
              -85.52560457381841
            ],
            [
              -147.23686540340083,
              -85.5256045761841
            ],
            [
              -147.2368654579619,
              -85.52560457786632
            ],
            [
              -147.23686549500192,
              -85.52560457785432
            ],
            [
              -147.2368655778063,
              -85.52560457799751
            ],
            [
              -147.23686566054744,
              -85.52560457695083
            ],
            [
              -147.23686570619424,
              -85.5256045748962
            ],
            [
              -147.23686574425432,
              -85.52560457144078
            ],
            [
              -147.23686575602716,
              -85.52560456961046
            ],
            [
              -147.2368657904998,
              -85.52560456228984
            ],
            [
              -147.23686579689982,
              -85.5256045604946
            ],
            [
              -147.23686581727125,
              -85.52560455174903
            ],
            [
              -147.23686581591372,
              -85.52560454851263
            ],
            [
              -147.23686580700874,
              -85.52560454494576
            ],
            [
              -147.2368658089798,
              -85.5256045410354
            ],
            [
              -147.23686581319274,
              -85.52560453831424
            ],
            [
              -147.23686583269375,
              -85.52560453626808
            ],
            [
              -147.23686585444585,
              -85.52560453558108
            ],
            [
              -147.23686587405547,
              -85.52560453557474
            ],
            [
              -147.23686589372795,
              -85.52560453675831
            ],
            [
              -147.23686590686393,
              -85.52560453794395
            ],
            [
              -147.23686593551415,
              -85.52560454405426
            ],
            [
              -147.23686594648936,
              -85.52560454558059
            ],
            [
              -147.2368659684133,
              -85.5256045481233
            ],
            [
              -147.23686599029176,
              -85.5256045498161
            ],
            [
              -147.2368660165011,
              -85.52560455099754
            ],
            [
              -147.23686604922844,
              -85.52560455183689
            ],
            [
              -147.236866068829,
              -85.52560455166056
            ],
            [
              -147.2368660971265,
              -85.52560455114144
            ],
            [
              -147.23686613191538,
              -85.52560454977028
            ],
            [
              -147.23686617314138,
              -85.52560454652719
            ],
            [
              -147.23686620957295,
              -85.52560454302008
            ],
            [
              -147.2368662455768,
              -85.52560453775814
            ],
            [
              -147.2368662749031,
              -85.52560453199888
            ],
            [
              -147.23686629400805,
              -85.52560452489966
            ],
            [
              -147.23686632145643,
              -85.52560450840197
            ],
            [
              -147.2368663123164,
              -85.52560450041551
            ],
            [
              -147.2368663011782,
              -85.52560449582944
            ],
            [
              -147.23686627916408,
              -85.52560449158686
            ],
            [
              -147.23686622875334,
              -85.52560448599358
            ],
            [
              -147.2368662155809,
              -85.52560448412797
            ],
            [
              -147.23686620006714,
              -85.52560447920334
            ],
            [
              -147.23686618675015,
              -85.52560447461799
            ],
            [
              -147.23686618886575,
              -85.52560447342739
            ],
            [
              -147.23686619099018,
              -85.52560447240678
            ],
            [
              -147.23686619745445,
              -85.5256044710448
            ],
            [
              -147.23686622351906,
              -85.52560446950646
            ],
            [
              -147.23686625397735,
              -85.52560446864668
            ],
            [
              -147.23686632587865,
              -85.5256044686234
            ],
            [
              -147.23686642396171,
              -85.52560446927163
            ],
            [
              -147.23686648062034,
              -85.52560446942329
            ],
            [
              -147.236866530715,
              -85.52560446906712
            ],
            [
              -147.23686656771883,
              -85.52560446837518
            ],
            [
              -147.23686659593503,
              -85.52560446632621
            ],
            [
              -147.23686663059772,
              -85.52560446257526
            ],
            [
              -147.2368666565355,
              -85.52560445865716
            ],
            [
              -147.23686665847947,
              -85.52560445423684
            ],
            [
              -147.23686666917473,
              -85.52560445049366
            ],
            [
              -147.2368666821124,
              -85.52560444793966
            ],
            [
              -147.23686669070113,
              -85.52560444555705
            ],
            [
              -147.23686670145963,
              -85.52560444300374
            ],
            [
              -147.23686672091543,
              -85.52560444010766
            ],
            [
              -147.23686672743008,
              -85.52560443772212
            ],
            [
              -147.23686673160185,
              -85.5256044361945
            ],
            [
              -147.23686673145727,
              -85.52560443347474
            ],
            [
              -147.23686672479425,
              -85.52560443109705
            ],
            [
              -147.23686670725527,
              -85.5256044290629
            ],
            [
              -147.23686666131016,
              -85.525604425508
            ],
            [
              -147.2368666262775,
              -85.52560442228958
            ],
            [
              -147.2368666130781,
              -85.52560441991402
            ],
            [
              -147.23686661436918,
              -85.52560441830227
            ],
            [
              -147.23686661512107,
              -85.52560441736354
            ],
            [
              -147.23686661498556,
              -85.52560441481376
            ],
            [
              -147.23686659956232,
              -85.52560441158899
            ],
            [
              -147.23686657283466,
              -85.52560440856833
            ],
            [
              -147.23686657106586,
              -85.52560440836845
            ],
            [
              -147.23686656660894,
              -85.52560440650002
            ],
            [
              -147.23686656871553,
              -85.52560440513945
            ],
            [
              -147.23686657734018,
              -85.52560440343677
            ],
            [
              -147.2368665903592,
              -85.52560440241263
            ],
            [
              -147.23686661214745,
              -85.52560440240558
            ],
            [
              -147.23686662739934,
              -85.52560440240066
            ],
            [
              -147.23686664918745,
              -85.5256044023936
            ],
            [
              -147.23686667320874,
              -85.52560440340577
            ],
            [
              -147.23686669287238,
              -85.52560440441933
            ],
            [
              -147.23686669471334,
              -85.52560440453327
            ],
            [
              -147.2368667548268,
              -85.5256044066871
            ],
            [
              -147.23686680523454,
              -85.52560440709577
            ],
            [
              -147.236866882827,
              -85.52560440653944
            ],
            [
              -147.23686693586228,
              -85.52560440514114
            ],
            [
              -147.23686700387705,
              -85.52560440373797
            ],
            [
              -147.23686705562406,
              -85.52560440372123
            ],
            [
              -147.23686710061892,
              -85.52560440476911
            ],
            [
              -147.23686714018345,
              -85.52560440613746
            ],
            [
              -147.23686717428407,
              -85.52560440718885
            ],
            [
              -147.23686719745098,
              -85.52560440750008
            ],
            [
              -147.23686723698742,
              -85.52560440833724
            ],
            [
              -147.23686731346646,
              -85.52560441245595
            ],
            [
              -147.2368673748985,
              -85.5256044153046
            ],
            [
              -147.2368674239557,
              -85.52560441592618
            ],
            [
              -147.23686745525353,
              -85.52560441549109
            ],
            [
              -147.23686749876794,
              -85.52560441430835
            ],
            [
              -147.23686755596785,
              -85.5256044143961
            ],
            [
              -147.23686759551546,
              -85.52560441544573
            ],
            [
              -147.2368676432674,
              -85.52560441713014
            ],
            [
              -147.2368677439793,
              -85.52560441778806
            ],
            [
              -147.2368678004733,
              -85.52560441833997
            ],
            [
              -147.23686789198388,
              -85.52560441831035
            ],
            [
              -147.23686795512464,
              -85.52560441743998
            ],
            [
              -147.23686802037196,
              -85.52560441520905
            ],
            [
              -147.23686804515611,
              -85.52560441463162
            ],
            [
              -147.2368680573666,
              -85.52560441434714
            ],
            [
              -147.23686811618583,
              -85.52560441415812
            ],
            [
              -147.23686814673462,
              -85.52560441499817
            ],
            [
              -147.23686817298884,
              -85.52560441702954
            ],
            [
              -147.23686818751563,
              -85.52560441809105
            ],
            [
              -147.23686821236126,
              -85.5256044199066
            ],
            [
              -147.23686824288296,
              -85.5256044202367
            ],
            [
              -147.23686826904665,
              -85.52560442056819
            ],
            [
              -147.23686828427145,
              -85.52560442005331
            ],
            [
              -147.23686829724497,
              -85.52560441817924
            ],
            [
              -147.23686830367322,
              -85.52560441613731
            ],
            [
              -147.23686830358287,
              -85.52560441443748
            ],
            [
              -147.23686830345636,
              -85.52560441205767
            ],
            [
              -147.236868307633,
              -85.52560440865658
            ],
            [
              -147.23686831630334,
              -85.52560440780384
            ],
            [
              -147.23686833804643,
              -85.52560440694687
            ],
            [
              -147.23686837070147,
              -85.52560440642634
            ],
            [
              -147.2368684077415,
              -85.52560440641435
            ],
            [
              -147.236868438263,
              -85.52560440674443
            ],
            [
              -147.23686846882086,
              -85.52560440775449
            ],
            [
              -147.23686849508425,
              -85.52560440995583
            ],
            [
              -147.2368685148652,
              -85.5256044131792
            ],
            [
              -147.23686853908546,
              -85.52560441793102
            ],
            [
              -147.23686856111766,
              -85.52560442251355
            ],
            [
              -147.23686856586727,
              -85.52560442375446
            ],
            [
              -147.2368685899933,
              -85.52560443287346
            ],
            [
              -147.23686860985572,
              -85.5256044376267
            ],
            [
              -147.23686861455184,
              -85.52560443820148
            ],
            [
              -147.23686863617334,
              -85.52560444084796
            ],
            [
              -147.23686865588195,
              -85.52560444271144
            ],
            [
              -147.23686868424306,
              -85.5256044433822
            ],
            [
              -147.23686870169158,
              -85.52560444371655
            ],
            [
              -147.23686872783765,
              -85.52560444370809
            ],
            [
              -147.23686876921707,
              -85.52560444335472
            ],
            [
              -147.2368687953269,
              -85.52560444266632
            ],
            [
              -147.23686884751925,
              -85.52560444077959
            ],
            [
              -147.2368689149633,
              -85.5256044388879
            ],
            [
              -147.23686896706178,
              -85.52560443628012
            ],
            [
              -147.23686901380134,
              -85.52560443262985
            ],
            [
              -147.23686906296965,
              -85.52560443015894
            ],
            [
              -147.23686908656617,
              -85.52560442897307
            ],
            [
              -147.23686918012018,
              -85.525604426393
            ],
            [
              -147.23686924760025,
              -85.52560442518126
            ],
            [
              -147.2368693304227,
              -85.52560442566444
            ],
            [
              -147.236869365284,
              -85.52560442565316
            ],
            [
              -147.23686937943572,
              -85.52560442530309
            ],
            [
              -147.23686940009983,
              -85.52560442479195
            ],
            [
              -147.23686943928251,
              -85.52560442409933
            ],
            [
              -147.23686945885564,
              -85.52560442341304
            ],
            [
              -147.23686946242566,
              -85.52560442329232
            ],
            [
              -147.2368694893052,
              -85.52560442238327
            ],
            [
              -147.23686950887833,
              -85.52560442169697
            ],
            [
              -147.2368695121454,
              -85.52560442166406
            ],
            [
              -147.23686956114327,
              -85.5256044211701
            ],
            [
              -147.23686958841193,
              -85.52560442155988
            ],
            [
              -147.23686959603137,
              -85.52560442166877
            ],
            [
              -147.2368696053214,
              -85.52560442190705
            ],
            [
              -147.2368696222133,
              -85.52560442234025
            ],
            [
              -147.23686965113308,
              -85.52560442311008
            ],
            [
              -147.236869732839,
              -85.52560442308365
            ],
            [
              -147.23686980220418,
              -85.52560442146756
            ],
            [
              -147.2368698525782,
              -85.5256044212388
            ],
            [
              -147.23686990982878,
              -85.5256044222827
            ],
            [
              -147.2368700637273,
              -85.52560442859424
            ],
            [
              -147.23687007860428,
              -85.52560442851977
            ],
            [
              -147.23687008663708,
              -85.52560442847955
            ],
            [
              -147.23687012214663,
              -85.52560442846806
            ],
            [
              -147.23687013674981,
              -85.52560442846334
            ],
            [
              -147.2368701411786,
              -85.5256044281647
            ],
            [
              -147.23687015194736,
              -85.52560442743851
            ],
            [
              -147.23687017149382,
              -85.52560442624225
            ],
            [
              -147.23687018015448,
              -85.52560442521953
            ],
            [
              -147.23687019269144,
              -85.5256044236153
            ],
            [
              -147.23687019746794,
              -85.52560442300408
            ],
            [
              -147.2368702191113,
              -85.52560442027728
            ],
            [
              -147.23687022993323,
              -85.52560441891389
            ],
            [
              -147.23687025386417,
              -85.5256044182262
            ],
            [
              -147.2368702625794,
              -85.52560441822338
            ],
            [
              -147.23687028093377,
              -85.5256044197775
            ],
            [
              -147.23687030218377,
              -85.5256044198981
            ],
            [
              -147.23687031016743,
              -85.52560442017808
            ],
            [
              -147.23687032019328,
              -85.52560442052973
            ],
            [
              -147.23687034146363,
              -85.52560442103281
            ],
            [
              -147.23687036272764,
              -85.5256044214084
            ],
            [
              -147.23687038726658,
              -85.52560442191042
            ],
            [
              -147.2368704020007,
              -85.52560442241563
            ],
            [
              -147.23687042000307,
              -85.52560442291976
            ],
            [
              -147.2368704461626,
              -85.52560442316629
            ],
            [
              -147.23687047555632,
              -85.5256044227743
            ],
            [
              -147.23687048861564,
              -85.52560442251509
            ],
            [
              -147.23687050650977,
              -85.5256044209794
            ],
            [
              -147.2368705211016,
              -85.52560441880736
            ],
            [
              -147.23687055196,
              -85.52560441522763
            ],
            [
              -147.23687058281845,
              -85.52560441164792
            ],
            [
              -147.23687060069395,
              -85.52560441017471
            ],
            [
              -147.23687061698598,
              -85.52560440883204
            ],
            [
              -147.2368706430367,
              -85.52560440703876
            ],
            [
              -147.23687068378803,
              -85.52560440511321
            ],
            [
              -147.23687078817528,
              -85.52560440138221
            ],
            [
              -147.23687085345165,
              -85.5256043997037
            ],
            [
              -147.23687087304765,
              -85.52560439944239
            ],
            [
              -147.23687088285246,
              -85.5256043994392
            ],
            [
              -147.2368709090255,
              -85.5256043999407
            ],
            [
              -147.23687092353003,
              -85.52560439993601
            ],
            [
              -147.23687092700064,
              -85.52560439993489
            ],
            [
              -147.2368709532211,
              -85.5256044013288
            ],
            [
              -147.23687097127097,
              -85.52560440272536
            ],
            [
              -147.23687100738414,
              -85.52560440577346
            ],
            [
              -147.2368710369878,
              -85.52560440933362
            ],
            [
              -147.23687107474868,
              -85.52560441263617
            ],
            [
              -147.23687110588497,
              -85.52560441428348
            ],
            [
              -147.23687113365844,
              -85.525604414147
            ],
            [
              -147.236871148642,
              -85.52560441404046
            ],
            [
              -147.2368711712294,
              -85.52560441387986
            ],
            [
              -147.2368712120553,
              -85.52560441335669
            ],
            [
              -147.23687128218674,
              -85.5256044107842
            ],
            [
              -147.23687135714607,
              -85.52560440680772
            ],
            [
              -147.23687140585167,
              -85.52560440461544
            ],
            [
              -147.23687145985159,
              -85.52560440218481
            ],
            [
              -147.23687156256406,
              -85.52560439768942
            ],
            [
              -147.2368716979109,
              -85.52560439229102
            ],
            [
              -147.23687174720033,
              -85.52560438958923
            ],
            [
              -147.23687178915716,
              -85.52560438728936
            ],
            [
              -147.2368718166605,
              -85.52560438523393
            ],
            [
              -147.23687185426425,
              -85.52560438242364
            ],
            [
              -147.23687186872007,
              -85.52560438149952
            ],
            [
              -147.2368718803223,
              -85.52560438075783
            ],
            [
              -147.23687189595418,
              -85.52560438067145
            ],
            [
              -147.23687190482747,
              -85.52560438062241
            ],
            [
              -147.23687192445013,
              -85.52560438087104
            ],
            [
              -147.23687195714615,
              -85.52560438111544
            ],
            [
              -147.23687198454772,
              -85.52560437939078
            ],
            [
              -147.2368720291412,
              -85.52560437801645
            ],
            [
              -147.2368721802937,
              -85.52560437278291
            ],
            [
              -147.23687228683931,
              -85.52560436866875
            ],
            [
              -147.2368723967524,
              -85.52560436642334
            ],
            [
              -147.23687248930284,
              -85.52560436545848
            ],
            [
              -147.23687255359158,
              -85.52560436569266
            ],
            [
              -147.23687260482987,
              -85.52560436635602
            ],
            [
              -147.23687264628177,
              -85.52560436736253
            ],
            [
              -147.23687268448361,
              -85.52560436871009
            ],
            [
              -147.23687273470478,
              -85.52560437073369
            ],
            [
              -147.23687285361333,
              -85.525604373755
            ],
            [
              -147.2368729594174,
              -85.5256043761856
            ],
            [
              -147.23687301721029,
              -85.52560437718682
            ],
            [
              -147.23687303686938,
              -85.52560437811539
            ],
            [
              -147.2368730551166,
              -85.52560438088892
            ],
            [
              -147.23687309647227,
              -85.52560438122751
            ],
            [
              -147.23687310060907,
              -85.52560438123304
            ],
            [
              -147.23687311412806,
              -85.52560438125111
            ],
            [
              -147.23687315829673,
              -85.52560438212925
            ],
            [
              -147.23687316585537,
              -85.52560438210945
            ],
            [
              -147.2368732138501,
              -85.52560438198378
            ],
            [
              -147.23687324657968,
              -85.52560438286564
            ],
            [
              -147.2368732678978,
              -85.52560438426113
            ],
            [
              -147.23687328286513,
              -85.52560438527435
            ],
            [
              -147.2368732941386,
              -85.52560438603751
            ],
            [
              -147.23687331544298,
              -85.52560438717803
            ],
            [
              -147.2368733383342,
              -85.52560438742562
            ],
            [
              -147.23687335957777,
              -85.52560438741874
            ],
            [
              -147.2368733623898,
              -85.52560438733543
            ],
            [
              -147.2368733856832,
              -85.52560438664534
            ],
            [
              -147.23687342321355,
              -85.52560438561328
            ],
            [
              -147.23687344463988,
              -85.52560438516595
            ],
            [
              -147.2368734542278,
              -85.5256043849658
            ],
            [
              -147.2368734836419,
              -85.52560438495628
            ],
            [
              -147.23687350325147,
              -85.52560438494993
            ],
            [
              -147.23687352610867,
              -85.52560438456005
            ],
            [
              -147.23687356693452,
              -85.52560438403691
            ],
            [
              -147.2368735979149,
              -85.52560438275196
            ],
            [
              -147.23687359823876,
              -85.52560438272822
            ],
            [
              -147.23687362233184,
              -85.5256043809592
            ],
            [
              -147.2368736499967,
              -85.5256043787829
            ],
            [
              -147.23687368932713,
              -85.52560437353503
            ],
            [
              -147.23687370692696,
              -85.52560436992323
            ],
            [
              -147.2368737228882,
              -85.5256043666477
            ],
            [
              -147.2368737422672,
              -85.52560436230675
            ],
            [
              -147.23687375186176,
              -85.52560435835143
            ],
            [
              -147.23687375334,
              -85.52560435541866
            ],
            [
              -147.2368737483158,
              -85.52560435312544
            ],
            [
              -147.23687374321688,
              -85.52560434942987
            ],
            [
              -147.23687374319718,
              -85.52560434905935
            ],
            [
              -147.2368737430407,
              -85.52560434611516
            ],
            [
              -147.23687374613277,
              -85.52560434279938
            ],
            [
              -147.23687375579524,
              -85.52560434011897
            ],
            [
              -147.23687376230595,
              -85.52560433857379
            ],
            [
              -147.23687376709168,
              -85.52560433743801
            ],
            [
              -147.23687378162927,
              -85.52560433424604
            ],
            [
              -147.23687379285136,
              -85.52560433016271
            ],
            [
              -147.23687377313664,
              -85.52560432718899
            ],
            [
              -147.236873773035,
              -85.52560432527666
            ],
            [
              -147.2368737835143,
              -85.52560432259597
            ],
            [
              -147.2368738104001,
              -85.52560431875453
            ],
            [
              -147.23687381382905,
              -85.52560431800923
            ],
            [
              -147.23687382993998,
              -85.52560431366933
            ],
            [
              -147.2368738378531,
              -85.52560430882214
            ],
            [
              -147.23687382770947,
              -85.52560430245087
            ],
            [
              -147.2368738241703,
              -85.52560429735237
            ],
            [
              -147.2368738269776,
              -85.52560428868212
            ],
            [
              -147.23687380208662,
              -85.52560428155067
            ],
            [
              -147.2368737838265,
              -85.52560427620197
            ],
            [
              -147.2368737737847,
              -85.52560427174303
            ],
            [
              -147.23687377356788,
              -85.5256042676634
            ],
            [
              -147.23687379630982,
              -85.52560426510624
            ],
            [
              -147.2368738387429,
              -85.52560426407258
            ],
            [
              -147.23687392202874,
              -85.52560426302571
            ],
            [
              -147.23687401669898,
              -85.52560426095523
            ],
            [
              -147.23687407049607,
              -85.5256042585155
            ],
            [
              -147.23687409658777,
              -85.52560425748713
            ],
            [
              -147.23687412602897,
              -85.52560425798757
            ],
            [
              -147.2368744680744,
              -85.5256042675662
            ],
            [
              -147.23687456620974,
              -85.52560426919183
            ],
            [
              -147.23687461045276,
              -85.52560427147237
            ],
            [
              -147.23687465477053,
              -85.52560427515525
            ],
            [
              -147.23687468118064,
              -85.52560428011886
            ],
            [
              -147.236874681594,
              -85.52560428789565
            ],
            [
              -147.23687468831352,
              -85.52560429133572
            ],
            [
              -147.2368747031627,
              -85.52560429400822
            ],
            [
              -147.23687472778954,
              -85.52560429616761
            ],
            [
              -147.2368749831389,
              -85.52560430411691
            ],
            [
              -147.23687502728706,
              -85.5256043046126
            ],
            [
              -147.236875061563,
              -85.52560430383654
            ],
            [
              -147.23687508919383,
              -85.52560430102282
            ],
            [
              -147.2368751069389,
              -85.5256042966824
            ],
            [
              -147.23687511723233,
              -85.52560427513312
            ],
            [
              -147.236875128461,
              -85.52560427117729
            ],
            [
              -147.23687514793505,
              -85.52560426862115
            ],
            [
              -147.2368751756201,
              -85.52560426682734
            ],
            [
              -147.23687520989574,
              -85.52560426605129
            ],
            [
              -147.2368752572784,
              -85.52560426590848
            ],
            [
              -147.2368752914866,
              -85.52560426385756
            ],
            [
              -147.2368753175104,
              -85.5256042615543
            ],
            [
              -147.2368753385776,
              -85.52560425823273
            ],
            [
              -147.2368753481928,
              -85.52560425465988
            ],
            [
              -147.23687535123048,
              -85.52560425032422
            ],
            [
              -147.23687539672832,
              -85.52560424546485
            ],
            [
              -147.23687542780377,
              -85.52560424596474
            ],
            [
              -147.2368754637879,
              -85.52560424659056
            ],
            [
              -147.23687550466136,
              -85.52560424695982
            ],
            [
              -147.23687558151912,
              -85.52560424795487
            ],
            [
              -147.2368756060987,
              -85.52560424922183
            ],
            [
              -147.2368756372348,
              -85.52560425086914
            ],
            [
              -147.2368756781555,
              -85.5256042521308
            ],
            [
              -147.23687572063588,
              -85.52560425198956
            ],
            [
              -147.2368757434798,
              -85.52560425134473
            ],
            [
              -147.23687577928806,
              -85.52560424865584
            ],
            [
              -147.23687583132227,
              -85.52560424379436
            ],
            [
              -147.23687587037168,
              -85.52560424059445
            ],
            [
              -147.23687588330904,
              -85.52560423804044
            ],
            [
              -147.23687588313976,
              -85.52560423485323
            ],
            [
              -147.23687586007236,
              -85.52560423129096
            ],
            [
              -147.23687583050904,
              -85.52560422849572
            ],
            [
              -147.23687581896831,
              -85.52560422658709
            ],
            [
              -147.2368758205011,
              -85.52560422467424
            ],
            [
              -147.23687583503192,
              -85.52560422135477
            ],
            [
              -147.23687584139873,
              -85.52560421816545
            ],
            [
              -147.23687586574127,
              -85.5256042149703
            ],
            [
              -147.23687589345343,
              -85.52560421368642
            ],
            [
              -147.23687591296132,
              -85.52560421176776
            ],
            [
              -147.2368759144464,
              -85.52560420896249
            ],
            [
              -147.23687591431764,
              -85.52560420654021
            ],
            [
              -147.2368759076591,
              -85.5256042042475
            ],
            [
              -147.23687588622568,
              -85.5256042006847
            ],
            [
              -147.23687588278136,
              -85.52560419737105
            ],
            [
              -147.23687589074854,
              -85.52560419354376
            ],
            [
              -147.23687590201823,
              -85.52560419035285
            ],
            [
              -147.2368759377043,
              -85.52560418536916
            ],
            [
              -147.23687600940892,
              -85.52560418164873
            ],
            [
              -147.23687604529883,
              -85.5256041804897
            ],
            [
              -147.23687611555872,
              -85.52560418033949
            ],
            [
              -147.23687618750068,
              -85.52560418108115
            ],
            [
              -147.2368762511839,
              -85.52560418016812
            ],
            [
              -147.23687630990358,
              -85.52560417810925
            ],
            [
              -147.2368763440914,
              -85.52560417567587
            ],
            [
              -147.23687635371306,
              -85.52560417223052
            ],
            [
              -147.2368763617141,
              -85.52560416904065
            ],
            [
              -147.23687637139696,
              -85.52560416674268
            ],
            [
              -147.23687640724586,
              -85.52560416481873
            ],
            [
              -147.2368764282998,
              -85.52560416124217
            ],
            [
              -147.23687643140542,
              -85.5256041581814
            ],
            [
              -147.23687642464512,
              -85.52560415397637
            ],
            [
              -147.2368764047985,
              -85.52560414952062
            ],
            [
              -147.23687638496574,
              -85.52560414531985
            ],
            [
              -147.2368763864913,
              -85.52560414327951
            ],
            [
              -147.23687640589728,
              -85.52560413944849
            ],
            [
              -147.23687641056245,
              -85.5256041349848
            ],
            [
              -147.23687640540274,
              -85.52560413014184
            ],
            [
              -147.23687638544766,
              -85.52560412364626
            ],
            [
              -147.23687636535033,
              -85.52560411447342
            ],
            [
              -147.2368763749113,
              -85.52560410988066
            ],
            [
              -147.23687639583602,
              -85.52560410388182
            ],
            [
              -147.23687642175815,
              -85.52560409966625
            ],
            [
              -147.2368764786136,
              -85.52560409327332
            ],
            [
              -147.23687655688187,
              -85.52560409006072
            ],
            [
              -147.23687663687892,
              -85.52560408863245
            ],
            [
              -147.23687669405288,
              -85.52560408823147
            ],
            [
              -147.2368767431102,
              -85.52560408885306
            ],
            [
              -147.23687679551037,
              -85.52560409087594
            ],
            [
              -147.23687682514128,
              -85.52560409494608
            ],
            [
              -147.23687685157878,
              -85.52560410041963
            ],
            [
              -147.23687685034432,
              -85.52560410794197
            ],
            [
              -147.23687685204638,
              -85.52560410921632
            ],
            [
              -147.236876875012,
              -85.52560411086628
            ],
            [
              -147.23687689298714,
              -85.52560411086047
            ],
            [
              -147.23687692069265,
              -85.5256041094491
            ],
            [
              -147.2368770817317,
              -85.52560409550051
            ],
            [
              -147.2368770995645,
              -85.52560409281743
            ],
            [
              -147.23687710102936,
              -85.5256040896297
            ],
            [
              -147.236877081115,
              -85.52560408389905
            ],
            [
              -147.2368770710595,
              -85.52560407918514
            ],
            [
              -147.236877069188,
              -85.52560407472357
            ],
            [
              -147.23687705258948,
              -85.52560406988428
            ],
            [
              -147.23687703760461,
              -85.52560406466202
            ],
            [
              -147.23687701122842,
              -85.52560406033587
            ],
            [
              -147.2368770093503,
              -85.5256040557468
            ],
            [
              -147.23687701893147,
              -85.52560405153652
            ],
            [
              -147.23687703987667,
              -85.52560404592015
            ],
            [
              -147.23687707073526,
              -85.52560404234042
            ],
            [
              -147.23687713104175,
              -85.52560403938863
            ],
            [
              -147.23687721428018,
              -85.52560403744933
            ],
            [
              -147.23687733187552,
              -85.52560403626386
            ],
            [
              -147.23687750185084,
              -85.52560403671882
            ],
            [
              -147.23687762112775,
              -85.52560403642528
            ],
            [
              -147.23687765701038,
              -85.52560403513874
            ],
            [
              -147.23687769776183,
              -85.5256040332132
            ],
            [
              -147.23687774005919,
              -85.52560402962979
            ],
            [
              -147.23687780836693,
              -85.52560402348813
            ],
            [
              -147.23687782788116,
              -85.52560402169694
            ],
            [
              -147.236877843938,
              -85.52560401633713
            ],
            [
              -147.2368778518308,
              -85.52560401110745
            ],
            [
              -147.23687788137107,
              -85.52560400558873
            ],
            [
              -147.2368778955249,
              -85.5256040030614
            ],
            [
              -147.236877919806,
              -85.52560399871885
            ],
            [
              -147.2368779359645,
              -85.52560399527137
            ],
            [
              -147.2368779435117,
              -85.52560398353978
            ],
            [
              -147.23687794317283,
              -85.52560397716536
            ],
            [
              -147.23687795105175,
              -85.52560397168071
            ],
            [
              -147.23687796548785,
              -85.5256039665764
            ],
            [
              -147.23687797336018,
              -85.52560396096426
            ],
            [
              -147.23687796120305,
              -85.52560394745417
            ],
            [
              -147.23687795265982,
              -85.52560394044494
            ],
            [
              -147.23687794402852,
              -85.52560393177836
            ],
            [
              -147.2368779433442,
              -85.52560391890202
            ],
            [
              -147.23687793806891,
              -85.52560391189174
            ],
            [
              -147.2368779066006,
              -85.52560390399749
            ],
            [
              -147.23687789162926,
              -85.5256038990302
            ],
            [
              -147.23687787673234,
              -85.52560389546527
            ],
            [
              -147.23687786018803,
              -85.52560389164589
            ],
            [
              -147.2368778091169,
              -85.52560388388548
            ],
            [
              -147.23687774971938,
              -85.52560387319546
            ],
            [
              -147.23687772638783,
              -85.52560386466115
            ],
            [
              -147.2368777127863,
              -85.52560385472127
            ],
            [
              -147.23687769590964,
              -85.52560384465495
            ],
            [
              -147.2368776773112,
              -85.52560383293181
            ],
            [
              -147.23687764569345,
              -85.52560382223282
            ],
            [
              -147.23687762392842,
              -85.52560381242307
            ],
            [
              -147.23687761024544,
              -85.52560380095333
            ],
            [
              -147.23687756379886,
              -85.52560378796431
            ],
            [
              -147.23687754210835,
              -85.52560377955693
            ],
            [
              -147.23687750518852,
              -85.52560376133769
            ],
            [
              -147.23687748322664,
              -85.52560374783079
            ],
            [
              -147.23687744288316,
              -85.52560372668036
            ],
            [
              -147.23687738960862,
              -85.52560370821145
            ],
            [
              -147.23687735466194,
              -85.5256036963661
            ],
            [
              -147.2368773379074,
              -85.5256036885946
            ],
            [
              -147.2368773242246,
              -85.52560367712483
            ],
            [
              -147.23687732391286,
              -85.52560367126037
            ],
            [
              -147.23687731034525,
              -85.52560366195793
            ],
            [
              -147.23687731014195,
              -85.52560365813326
            ],
            [
              -147.23687731646163,
              -85.52560365405154
            ],
            [
              -147.23687733092464,
              -85.52560364945718
            ],
            [
              -147.23687734345523,
              -85.52560363925387
            ],
            [
              -147.23687733327128,
              -85.52560363211768
            ],
            [
              -147.2368772955441,
              -85.52560362945258
            ],
            [
              -147.23687721525545,
              -85.52560362539884
            ],
            [
              -147.236877213398,
              -85.52560362119226
            ],
            [
              -147.2368772100008,
              -85.52560361877103
            ],
            [
              -147.23687718374,
              -85.52560361661217
            ],
            [
              -147.23687716077424,
              -85.52560361496224
            ],
            [
              -147.2368771492472,
              -85.52560361330859
            ],
            [
              -147.2368771376458,
              -85.52560361025255
            ],
            [
              -147.23687713259417,
              -85.5256036074494
            ],
            [
              -147.2368771273868,
              -85.525603601714
            ],
            [
              -147.2368771059064,
              -85.52560359725877
            ],
            [
              -147.23687706640294,
              -85.52560359191695
            ],
            [
              -147.23687704654955,
              -85.52560358733369
            ],
            [
              -147.236877029917,
              -85.52560358185696
            ],
            [
              -147.2368770197327,
              -85.52560357472078
            ],
            [
              -147.23687700927763,
              -85.52560356248505
            ],
            [
              -147.23687699883587,
              -85.52560355050429
            ],
            [
              -147.2368769772196,
              -85.52560354349929
            ],
            [
              -147.23687695571869,
              -85.52560353866161
            ],
            [
              -147.23687694893155,
              -85.52560353394664
            ],
            [
              -147.2368769486605,
              -85.52560352884709
            ],
            [
              -147.2368769434123,
              -85.52560352234677
            ],
            [
              -147.23687692314567,
              -85.52560350998672
            ],
            [
              -147.236876921281,
              -85.52560350565263
            ],
            [
              -147.23687692593265,
              -85.52560350093397
            ],
            [
              -147.2368769174233,
              -85.52560349456219
            ],
            [
              -147.236876885528,
              -85.52560347863616
            ],
            [
              -147.23687687701175,
              -85.52560347213688
            ],
            [
              -147.23687686353242,
              -85.52560346449181
            ],
            [
              -147.23687684845927,
              -85.52560345761216
            ],
            [
              -147.23687683683076,
              -85.52560345404619
            ],
            [
              -147.2368768365055,
              -85.52560344792674
            ],
            [
              -147.23687683781432,
              -85.52560344180675
            ],
            [
              -147.23687684551058,
              -85.52560343287992
            ],
            [
              -147.2368768383845,
              -85.52560342179054
            ],
            [
              -147.23687683641148,
              -85.52560341541663
            ],
            [
              -147.23687683605232,
              -85.52560340865975
            ],
            [
              -147.2368768423042,
              -85.52560340330311
            ],
            [
              -147.23687685507215,
              -85.52560339756188
            ],
            [
              -147.2368768531195,
              -85.52560339157044
            ],
            [
              -147.23687684458986,
              -85.5256033848162
            ],
            [
              -147.2368768520149,
              -85.52560337078981
            ],
            [
              -147.23687685489702,
              -85.52560336352191
            ],
            [
              -147.23687684132943,
              -85.52560335421947
            ],
            [
              -147.2368768409296,
              -85.52560334669764
            ],
            [
              -147.23687682715854,
              -85.52560333357054
            ],
            [
              -147.23687682852835,
              -85.52560332859797
            ],
            [
              -147.23687684131002,
              -85.52560332311174
            ],
            [
              -147.2368768523896,
              -85.52560331635114
            ],
            [
              -147.2368768536852,
              -85.52560330997618
            ],
            [
              -147.23687684522295,
              -85.52560330449681
            ],
            [
              -147.23687683526234,
              -85.52560330156776
            ],
            [
              -147.23687683836792,
              -85.52560329850695
            ],
            [
              -147.23687684798958,
              -85.5256032950616
            ],
            [
              -147.2368768461523,
              -85.52560329123747
            ],
            [
              -147.23687683417805,
              -85.52560328116958
            ],
            [
              -147.23687682558736,
              -85.52560327326793
            ],
            [
              -147.2368768297172,
              -85.52560325873263
            ],
            [
              -147.2368768225233,
              -85.52560324636836
            ],
            [
              -147.23687679916466,
              -85.52560323732409
            ],
            [
              -147.2368767688443,
              -85.52560323053437
            ],
            [
              -147.2368767710822,
              -85.5256032213968
            ],
            [
              -147.2368767749304,
              -85.5256032169334
            ],
            [
              -147.2368767801458,
              -85.52560321257577
            ],
            [
              -147.23687677986908,
              -85.52560320736998
            ],
            [
              -147.23687678892153,
              -85.52560319833647
            ],
            [
              -147.2368767858535,
              -85.52560319185667
            ],
            [
              -147.23687677188013,
              -85.52560318516792
            ],
            [
              -147.23687676203153,
              -85.52560317922155
            ],
            [
              -147.23687675598015,
              -85.52560316785558
            ],
            [
              -147.2368767417583,
              -85.52560315649225
            ],
            [
              -147.2368767395327,
              -85.5256031402379
            ],
            [
              -147.23687673630636,
              -85.52560313078338
            ],
            [
              -147.2368767222031,
              -85.52560312165112
            ],
            [
              -147.23687670933163,
              -85.52560311007485
            ],
            [
              -147.23687670067545,
              -85.52560310094083
            ],
            [
              -147.2368766922339,
              -85.52560309584392
            ],
            [
              -147.23687668470788,
              -85.52560308235358
            ],
            [
              -147.236876688189,
              -85.52560307098453
            ],
            [
              -147.23687668632436,
              -85.52560306152957
            ],
            [
              -147.23687667210817,
              -85.52560305027248
            ],
            [
              -147.23687667538033,
              -85.52560303497252
            ],
            [
              -147.2368766611415,
              -85.52560302329049
            ],
            [
              -147.23687664969987,
              -85.52560301298868
            ],
            [
              -147.23687664896005,
              -85.52560299907117
            ],
            [
              -147.23687664579018,
              -85.52560299067908
            ],
            [
              -147.23687664143966,
              -85.52560298568709
            ],
            [
              -147.2368766411347,
              -85.5256029799501
            ],
            [
              -147.23687663678967,
              -85.52560297506436
            ],
            [
              -147.23687662833086,
              -85.52560296964873
            ],
            [
              -147.23687662534206,
              -85.5256029646563
            ],
            [
              -147.2368766264496,
              -85.52560295987504
            ],
            [
              -147.23687662773872,
              -85.52560293288909
            ],
            [
              -147.236876620467,
              -85.52560292417958
            ],
            [
              -147.23687662751382,
              -85.52560290303506
            ],
            [
              -147.23687664177027,
              -85.52560288943144
            ],
            [
              -147.23687665669422,
              -85.5256028627598
            ],
            [
              -147.23687666153106,
              -85.52560285128406
            ],
            [
              -147.2368766651082,
              -85.52560284172108
            ],
            [
              -147.23687667404178,
              -85.52560283045652
            ],
            [
              -147.23687668039315,
              -85.52560282184884
            ],
            [
              -147.236876670415,
              -85.52560281345892
            ],
            [
              -147.23687667154513,
              -85.52560280910262
            ],
            [
              -147.2368766820382,
              -85.52560280155602
            ],
            [
              -147.23687669122626,
              -85.52560279507227
            ],
            [
              -147.2368766922152,
              -85.52560278805996
            ],
            [
              -147.23687670260114,
              -85.52560277849479
            ],
            [
              -147.23687671015625,
              -85.52560276691193
            ],
            [
              -147.23687673288262,
              -85.52560275893642
            ],
            [
              -147.23687675814622,
              -85.52560274745407
            ],
            [
              -147.23687676199424,
              -85.52560274299066
            ],
            [
              -147.23687677467453,
              -85.52560272535031
            ],
            [
              -147.23687678365894,
              -85.52560271504191
            ],
            [
              -147.23687680355465,
              -85.5256027050487
            ],
            [
              -147.2368768327681,
              -85.52560269101527
            ],
            [
              -147.23687689159016,
              -85.52560267038523
            ],
            [
              -147.2368769304318,
              -85.52560265815478
            ],
            [
              -147.23687697575485,
              -85.52560263976021
            ],
            [
              -147.2368770386791,
              -85.52560261944758
            ],
            [
              -147.23687713934325,
              -85.52560259179201
            ],
            [
              -147.23687719825583,
              -85.5256025728618
            ],
            [
              -147.23687721537115,
              -85.52560256180708
            ],
            [
              -147.236877226079,
              -85.5256025582976
            ],
            [
              -147.23687725150072,
              -85.52560254979001
            ],
            [
              -147.2368773155272,
              -85.52560252458986
            ],
            [
              -147.23687735706963,
              -85.52560251193358
            ],
            [
              -147.23687738498333,
              -85.52560249906924
            ],
            [
              -147.23687739959604,
              -85.52560249215877
            ],
            [
              -147.23687739987326,
              -85.52560247176015
            ],
            [
              -147.23687739796958,
              -85.5256024615615
            ],
            [
              -147.23687739081046,
              -85.52560245497679
            ],
            [
              -147.23687736997732,
              -85.52560244733408
            ],
            [
              -147.23687735197515,
              -85.52560244170907
            ],
            [
              -147.23687732571764,
              -85.5256024344931
            ],
            [
              -147.23687732150253,
              -85.52560243205087
            ],
            [
              -147.23687732266654,
              -85.52560242833202
            ],
            [
              -147.23687731290832,
              -85.52560242408549
            ],
            [
              -147.23687728391045,
              -85.52560241655166
            ],
            [
              -147.23687726177207,
              -85.52560240997181
            ],
            [
              -147.23687726553538,
              -85.52560240391479
            ],
            [
              -147.23687727071157,
              -85.52560239881346
            ],
            [
              -147.23687731241233,
              -85.52560238913192
            ],
            [
              -147.23687731900088,
              -85.52560238498634
            ],
            [
              -147.23687731477426,
              -85.52560238233166
            ],
            [
              -147.23687729838792,
              -85.52560238148702
            ],
            [
              -147.2368772711471,
              -85.5256023813896
            ],
            [
              -147.23687724933063,
              -85.52560238086544
            ],
            [
              -147.2368772356396,
              -85.5256023794887
            ],
            [
              -147.23687722462114,
              -85.52560237715494
            ],
            [
              -147.23687721096314,
              -85.52560237127355
            ],
            [
              -147.2368772096704,
              -85.52560236744925
            ],
            [
              -147.23687722335833,
              -85.52560235852046
            ],
            [
              -147.23687722391028,
              -85.52560234840601
            ],
            [
              -147.2368772179525,
              -85.52560233880362
            ],
            [
              -147.23687720870433,
              -85.52560232877735
            ],
            [
              -147.23687720392198,
              -85.52560232078949
            ],
            [
              -147.23687719390466,
              -85.52560231679801
            ],
            [
              -147.2368771925987,
              -85.52560231271873
            ],
            [
              -147.23687719015786,
              -85.52560230778987
            ],
            [
              -147.23687717354545,
              -85.52560230269562
            ],
            [
              -147.23687716030557,
              -85.52560229955513
            ],
            [
              -147.23687714919902,
              -85.52560229556401
            ],
            [
              -147.23687713362187,
              -85.52560228944948
            ],
            [
              -147.2368771191614,
              -85.52560228384458
            ],
            [
              -147.2368770872387,
              -85.52560227765035
            ],
            [
              -147.2368770620242,
              -85.52560227468373
            ],
            [
              -147.23687702928754,
              -85.5256022736744
            ],
            [
              -147.23687702491193,
              -85.52560227333582
            ],
            [
              -147.23687701503485,
              -85.52560227197912
            ],
            [
              -147.2368770150078,
              -85.52560227146917
            ],
            [
              -147.2368770039827,
              -85.52560226900792
            ],
            [
              -147.23687698975263,
              -85.52560226773761
            ],
            [
              -147.2368769744512,
              -85.52560226680764
            ],
            [
              -147.23687695590397,
              -85.52560226630366
            ],
            [
              -147.23687692755226,
              -85.52560226580289
            ],
            [
              -147.23687691445676,
              -85.52560226538215
            ],
            [
              -147.23687691005372,
              -85.52560226453365
            ],
            [
              -147.23687690993626,
              -85.52560226232383
            ],
            [
              -147.2368769106283,
              -85.52560225484415
            ],
            [
              -147.2368768885328,
              -85.52560224907172
            ],
            [
              -147.23687686750884,
              -85.52560224295897
            ],
            [
              -147.23687685545295,
              -85.52560224160295
            ],
            [
              -147.23687681398766,
              -85.52560224034147
            ],
            [
              -147.23687678784157,
              -85.52560224034994
            ],
            [
              -147.23687675846807,
              -85.52560224112437
            ],
            [
              -147.23687673017523,
              -85.52560224172849
            ],
            [
              -147.23687669748614,
              -85.52560224161158
            ],
            [
              -147.23687668376675,
              -85.52560223970364
            ],
            [
              -147.23687667273714,
              -85.52560223715741
            ],
            [
              -147.23687664820275,
              -85.52560223674038
            ],
            [
              -147.236876629206,
              -85.52560223802142
            ],
            [
              -147.2368765832674,
              -85.5256022448358
            ],
            [
              -147.2368765506866,
              -85.5256022467587
            ],
            [
              -147.23687649898477,
              -85.52560224762537
            ],
            [
              -147.23687644454813,
              -85.52560224828044
            ],
            [
              -147.23687642843305,
              -85.52560225253534
            ],
            [
              -147.23687625452234,
              -85.52560226002855
            ],
            [
              -147.23687623800035,
              -85.52560225663416
            ],
            [
              -147.23687618861547,
              -85.52560224985062
            ],
            [
              -147.23687612972236,
              -85.5256022383955
            ],
            [
              -147.2368760999083,
              -85.5256022308832
            ],
            [
              -147.23687608002106,
              -85.52560222566251
            ],
            [
              -147.23687604860714,
              -85.52560221878818
            ],
            [
              -147.23687598736527,
              -85.52560220414654
            ],
            [
              -147.23687598219857,
              -85.52560219917608
            ],
            [
              -147.23687596528174,
              -85.52560218834482
            ],
            [
              -147.23687595179513,
              -85.52560218057226
            ],
            [
              -147.23687592842276,
              -85.525602171273
            ],
            [
              -147.2368759050983,
              -85.52560216286615
            ],
            [
              -147.2368758896999,
              -85.52560214986708
            ],
            [
              -147.2368758893339,
              -85.5256021429827
            ],
            [
              -147.2368758986981,
              -85.52560213469278
            ],
            [
              -147.23687588592426,
              -85.52560210958121
            ],
            [
              -147.23687588235782,
              -85.52560210397277
            ],
            [
              -147.23687587879155,
              -85.52560209836435
            ],
            [
              -147.23687585834844,
              -85.52560208268959
            ],
            [
              -147.23687585119538,
              -85.52560207109025
            ],
            [
              -147.23687585100564,
              -85.52560206752055
            ],
            [
              -147.23687585553512,
              -85.5256020605071
            ],
            [
              -147.23687585520304,
              -85.52560205426016
            ],
            [
              -147.23687583666546,
              -85.52560204368442
            ],
            [
              -147.2368758364486,
              -85.5256020396048
            ],
            [
              -147.2368758474401,
              -85.52560203118684
            ],
            [
              -147.23687584701992,
              -85.52560202328254
            ],
            [
              -147.2368758435553,
              -85.52560201958644
            ],
            [
              -147.23687583029266,
              -85.525602016021
            ],
            [
              -147.23687581042572,
              -85.52560201118277
            ],
            [
              -147.2368758019027,
              -85.525602004556
            ],
            [
              -147.2368757850399,
              -85.52560199474468
            ],
            [
              -147.2368757582095,
              -85.52560198187678
            ],
            [
              -147.2368757464997,
              -85.52560197678095
            ],
            [
              -147.23687571503135,
              -85.5256019688867
            ],
            [
              -147.2368756928222,
              -85.52560195952668
            ],
            [
              -147.23687568316996,
              -85.52560195359811
            ],
            [
              -147.23687565940455,
              -85.52560193690451
            ],
            [
              -147.2368756472339,
              -85.52560192313945
            ],
            [
              -147.23687565476735,
              -85.52560191115288
            ],
            [
              -147.2368756838427,
              -85.52560190476892
            ],
            [
              -147.23687570296417,
              -85.5256018955834
            ],
            [
              -147.23687571358292,
              -85.52560188015359
            ],
            [
              -147.23687572140813,
              -85.52560187364902
            ],
            [
              -147.23687571918427,
              -85.52560186255805
            ],
            [
              -147.2368757285216,
              -85.52560185375818
            ],
            [
              -147.23687574604264,
              -85.5256018452106
            ],
            [
              -147.23687576012654,
              -85.52560183347691
            ],
            [
              -147.2368757710977,
              -85.5256018246765
            ],
            [
              -147.2368757821908,
              -85.52560181817088
            ],
            [
              -147.23687579146005,
              -85.52560180809611
            ],
            [
              -147.23687579603717,
              -85.52560180197509
            ],
            [
              -147.23687581345692,
              -85.52560179151519
            ],
            [
              -147.23687583263938,
              -85.52560178347709
            ],
            [
              -147.23687586823075,
              -85.52560177670854
            ],
            [
              -147.23687589731966,
              -85.52560177057958
            ],
            [
              -147.2368759859965,
              -85.52560174798502
            ],
            [
              -147.23687599702868,
              -85.52560174033202
            ],
            [
              -147.23687600499585,
              -85.52560173650471
            ],
            [
              -147.23687602601592,
              -85.5256017322907
            ],
            [
              -147.23687607306636,
              -85.52560172590096
            ],
            [
              -147.23687609247247,
              -85.52560172206995
            ],
            [
              -147.23687610516583,
              -85.52560171492637
            ],
            [
              -147.2368762180428,
              -85.5256016864594
            ],
            [
              -147.23687632408536,
              -85.52560165238505
            ],
            [
              -147.23687636268036,
              -85.52560164064343
            ],
            [
              -147.23687638367332,
              -85.52560163591947
            ],
            [
              -147.23687643382956,
              -85.52560162646891
            ],
            [
              -147.23687650828057,
              -85.52560161293081
            ],
            [
              -147.2368765843047,
              -85.52560159824479
            ],
            [
              -147.23687666047798,
              -85.5256015863635
            ],
            [
              -147.23687674787988,
              -85.52560157052636
            ],
            [
              -147.23687678827216,
              -85.52560156184393
            ],
            [
              -147.2368768334579,
              -85.52560155112009
            ],
            [
              -147.23687687722654,
              -85.5256015444764
            ],
            [
              -147.2368768995961,
              -85.52560153490735
            ],
            [
              -147.23687699898568,
              -85.5256015293931
            ],
            [
              -147.23687699052397,
              -85.52560152391372
            ],
            [
              -147.2368769919819,
              -85.5256015205985
            ],
            [
              -147.23687700148173,
              -85.52560151485834
            ],
            [
              -147.23687703040105,
              -85.52560150554216
            ],
            [
              -147.23687705936794,
              -85.5256014971184
            ],
            [
              -147.2368770917043,
              -85.52560149060591
            ],
            [
              -147.2368771466411,
              -85.52560147885897
            ],
            [
              -147.2368771722581,
              -85.52560146890642
            ],
            [
              -147.23687719154253,
              -85.52560146278061
            ],
            [
              -147.2368772235164,
              -85.52560145456837
            ],
            [
              -147.23687727187345,
              -85.52560144201613
            ],
            [
              -147.2368773575913,
              -85.52560144060725
            ],
            [
              -147.23687737036178,
              -85.52560142466676
            ],
            [
              -147.2368772934084,
              -85.52560141162385
            ],
            [
              -147.23687725796302,
              -85.52560141089162
            ],
            [
              -147.23687721763048,
              -85.52560139507457
            ],
            [
              -147.23687720400724,
              -85.52560139497275
            ],
            [
              -147.23687715650365,
              -85.52560139796289
            ],
            [
              -147.2368771252792,
              -85.52560139977913
            ],
            [
              -147.23687712125576,
              -85.52560140094909
            ],
            [
              -147.2368771612609,
              -85.5256014106042
            ],
            [
              -147.23687717092866,
              -85.52560141315088
            ],
            [
              -147.23687715872936,
              -85.52560141421725
            ],
            [
              -147.2368771274596,
              -85.52560141518354
            ],
            [
              -147.2368771179894,
              -85.52560141635527
            ],
            [
              -147.2368771072025,
              -85.52560141837736
            ],
            [
              -147.2368770977437,
              -85.52560141976159
            ],
            [
              -147.2368770827586,
              -85.52560141966018
            ],
            [
              -147.2368770364418,
              -85.52560141935643
            ],
            [
              -147.236876996962,
              -85.5256014195817
            ],
            [
              -147.23687696295192,
              -85.52560142023016
            ],
            [
              -147.23687691940913,
              -85.5256014208817
            ],
            [
              -147.23687688396362,
              -85.52560142014946
            ],
            [
              -147.23687685398227,
              -85.5256014197342
            ],
            [
              -147.23687680623036,
              -85.52560141804977
            ],
            [
              -147.2368767161789,
              -85.5256014147854
            ],
            [
              -147.23687666439224,
              -85.52560141405846
            ],
            [
              -147.23687662899206,
              -85.52560141417615
            ],
            [
              -147.2368766017514,
              -85.52560141407872
            ],
            [
              -147.236876563571,
              -85.52560141313491
            ],
            [
              -147.23687653897449,
              -85.52560141154922
            ],
            [
              -147.23687651029837,
              -85.5256014100711
            ],
            [
              -147.2368764829785,
              -85.52560140848632
            ],
            [
              -147.23687644071853,
              -85.52560140765003
            ],
            [
              -147.23687638624236,
              -85.52560140756142
            ],
            [
              -147.23687636304157,
              -85.52560140661274
            ],
            [
              -147.23687632889013,
              -85.52560140460518
            ],
            [
              -147.23687629060842,
              -85.52560140174904
            ],
            [
              -147.2368762686619,
              -85.52560139878135
            ],
            [
              -147.2368762412744,
              -85.52560139592168
            ],
            [
              -147.2368761962063,
              -85.52560139349268
            ],
            [
              -147.2368761291975,
              -85.52560138820225
            ],
            [
              -147.23687610040264,
              -85.52560138449307
            ],
            [
              -147.23687605507482,
              -85.52560137717703
            ],
            [
              -147.23687602075427,
              -85.52560137198225
            ],
            [
              -147.23687597415494,
              -85.52560136636649
            ],
            [
              -147.2368758973653,
              -85.52560135640455
            ],
            [
              -147.23687584520587,
              -85.52560134866573
            ],
            [
              -147.23687582453118,
              -85.52560134399778
            ],
            [
              -147.2368757968497,
              -85.52560133561359
            ],
            [
              -147.2368757631228,
              -85.52560131596967
            ],
            [
              -147.23687575300298,
              -85.52560130492374
            ],
            [
              -147.23687574736968,
              -85.52560130141957
            ],
            [
              -147.2368757362328,
              -85.52560129685475
            ],
            [
              -147.23687569052655,
              -85.52560128242058
            ],
            [
              -147.23687568898401,
              -85.52560127902133
            ],
            [
              -147.23687568606277,
              -85.5256012753038
            ],
            [
              -147.23687568591598,
              -85.52560127254155
            ],
            [
              -147.23687568428335,
              -85.52560126744244
            ],
            [
              -147.23687567590923,
              -85.52560126362042
            ],
            [
              -147.23687564821114,
              -85.52560125491752
            ],
            [
              -147.23687563716442,
              -85.52560125205254
            ],
            [
              -147.2368756260274,
              -85.52560124748773
            ],
            [
              -147.23687560809284,
              -85.52560124313761
            ],
            [
              -147.236875586045,
              -85.52560123825758
            ],
            [
              -147.23687565716813,
              -85.52560121847351
            ],
            [
              -147.23687566393755,
              -85.52560121772761
            ],
            [
              -147.2368756651805,
              -85.52560121549614
            ],
            [
              -147.23687565646236,
              -85.52560120519344
            ],
            [
              -147.23687565712927,
              -85.52560119212542
            ],
            [
              -147.23687565798883,
              -85.52560118266959
            ],
            [
              -147.23687564902173,
              -85.52560116769233
            ],
            [
              -147.23687565690452,
              -85.52560116227143
            ],
            [
              -147.23687567819002,
              -85.52560115280896
            ],
            [
              -147.2368757033632,
              -85.52560113962677
            ],
            [
              -147.23687571392972,
              -85.52560113346128
            ],
            [
              -147.23687572192514,
              -85.5256011301652
            ],
            [
              -147.2368757380857,
              -85.52560112676022
            ],
            [
              -147.2368757514492,
              -85.52560112197499
            ],
            [
              -147.23687576607867,
              -85.52560111538324
            ],
            [
              -147.23687577529458,
              -85.52560110943068
            ],
            [
              -147.23687581277454,
              -85.52560109720069
            ],
            [
              -147.2368758758514,
              -85.52560107975656
            ],
            [
              -147.23687588784753,
              -85.52560107486552
            ],
            [
              -147.2368759214568,
              -85.52560106667399
            ],
            [
              -147.23687595782903,
              -85.52560105922525
            ],
            [
              -147.23687603566492,
              -85.52560103763288
            ],
            [
              -147.23687609617056,
              -85.52560102305812
            ],
            [
              -147.23687614735863,
              -85.52560101252357
            ],
            [
              -147.23687616884754,
              -85.52560100688578
            ],
            [
              -147.23687617938015,
              -85.52560100008286
            ],
            [
              -147.2368761914326,
              -85.52560099625423
            ],
            [
              -147.2368762264996,
              -85.52560098986835
            ],
            [
              -147.2368763409507,
              -85.5256009653956
            ],
            [
              -147.23687640699941,
              -85.52560095262515
            ],
            [
              -147.2368764433889,
              -85.52560094549514
            ],
            [
              -147.236876470212,
              -85.52560093773077
            ],
            [
              -147.2368765403626,
              -85.52560092527773
            ],
            [
              -147.2368766508753,
              -85.52560090356855
            ],
            [
              -147.2368767235182,
              -85.52560088675877
            ],
            [
              -147.23687677474013,
              -85.52560087686166
            ],
            [
              -147.2368768447386,
              -85.52560086154011
            ],
            [
              -147.23687687846646,
              -85.52560085557964
            ],
            [
              -147.23687690946517,
              -85.52560084951381
            ],
            [
              -147.23687698218717,
              -85.52560083419137
            ],
            [
              -147.23687705500518,
              -85.52560082067502
            ],
            [
              -147.23687710082515,
              -85.52560081162962
            ],
            [
              -147.23687712101452,
              -85.5256008071609
            ],
            [
              -147.236877156183,
              -85.52560080268736
            ],
            [
              -147.23687720603775,
              -85.52560079268444
            ],
            [
              -147.23687722893337,
              -85.52560078789614
            ],
            [
              -147.23687725726498,
              -85.52560078289359
            ],
            [
              -147.23687730170604,
              -85.52560077352989
            ],
            [
              -147.2368773272578,
              -85.5256007674658
            ],
            [
              -147.23687735022733,
              -85.52560076405862
            ],
            [
              -147.2368773799658,
              -85.52560075990554
            ],
            [
              -147.2368774055682,
              -85.52560075479762
            ],
            [
              -147.2368774419233,
              -85.5256007470302
            ],
            [
              -147.2368774687974,
              -85.52560074022198
            ],
            [
              -147.2368775213752,
              -85.52560073021819
            ],
            [
              -147.23687756049372,
              -85.52560072319353
            ],
            [
              -147.2368775929275,
              -85.52560071850839
            ],
            [
              -147.23687764698593,
              -85.52560071073523
            ],
            [
              -147.23687769552353,
              -85.52560070158268
            ],
            [
              -147.23687773055113,
              -85.5256006944531
            ],
            [
              -147.23687776161196,
              -85.5256006895559
            ],
            [
              -147.2368778034143,
              -85.5256006817867
            ],
            [
              -147.2368778263724,
              -85.52560067816702
            ],
            [
              -147.23687786697667,
              -85.52560067347923
            ],
            [
              -147.23687790484644,
              -85.52560066857983
            ],
            [
              -147.23687797789017,
              -85.52560065931313
            ],
            [
              -147.23687803746895,
              -85.5256006529193
            ],
            [
              -147.23687809014874,
              -85.52560064482785
            ],
            [
              -147.23687811985897,
              -85.52560064014358
            ],
            [
              -147.23687815374484,
              -85.52560063715782
            ],
            [
              -147.2368782025877,
              -85.52560063374227
            ],
            [
              -147.23687828256448,
              -85.52560062681064
            ],
            [
              -147.23687832461547,
              -85.525600623716
            ],
            [
              -147.23687835845064,
              -85.5256006197741
            ],
            [
              -147.23687838944352,
              -85.52560061360202
            ],
            [
              -147.23687840547404,
              -85.5256006077535
            ],
            [
              -147.23687841193833,
              -85.52560060127064
            ],
            [
              -147.23687842395736,
              -85.52560059680457
            ],
            [
              -147.23687845639103,
              -85.52560059211942
            ],
            [
              -147.23687849029383,
              -85.52560058945238
            ],
            [
              -147.23687851881743,
              -85.525600588062
            ],
            [
              -147.23687852687513,
              -85.52560058593455
            ],
            [
              -147.23687852812407,
              -85.52560058380931
            ],
            [
              -147.2368785184334,
              -85.52560058083765
            ],
            [
              -147.23687850469753,
              -85.525600578611
            ],
            [
              -147.236878471806,
              -85.52560057469069
            ],
            [
              -147.23687844438442,
              -85.52560057119356
            ],
            [
              -147.23687843196475,
              -85.52560056811656
            ],
            [
              -147.23687841681604,
              -85.52560056493418
            ],
            [
              -147.23687838936613,
              -85.52560056090584
            ],
            [
              -147.2368783674254,
              -85.52560055804442
            ],
            [
              -147.2368783509205,
              -85.52560055496872
            ],
            [
              -147.23687833018914,
              -85.52560054923835
            ],
            [
              -147.23687832322787,
              -85.52560054637206
            ],
            [
              -147.2368783258328,
              -85.52560054414012
            ],
            [
              -147.23687832435235,
              -85.52560054190953
            ],
            [
              -147.23687831337378,
              -85.52560054031945
            ],
            [
              -147.23687830091438,
              -85.52560053649876
            ],
            [
              -147.23687828837612,
              -85.52560053119069
            ],
            [
              -147.23687826229371,
              -85.52560052726815
            ],
            [
              -147.2368782268427,
              -85.52560052642968
            ],
            [
              -147.2368781927987,
              -85.52560052644071
            ],
            [
              -147.23687816691958,
              -85.52560052634284
            ],
            [
              -147.23687814773047,
              -85.52560052401171
            ],
            [
              -147.2368781353394,
              -85.52560052146592
            ],
            [
              -147.23687813512478,
              -85.52560051742877
            ],
            [
              -147.2368781294234,
              -85.5256005126497
            ],
            [
              -147.23687811705472,
              -85.52560051052886
            ],
            [
              -147.2368780992783,
              -85.52560050915346
            ],
            [
              -147.23687805841988,
              -85.52560050906045
            ],
            [
              -147.23687801764584,
              -85.52560051056102
            ],
            [
              -147.23687799586324,
              -85.52560051067432
            ],
            [
              -147.23687798486756,
              -85.5256005087655
            ],
            [
              -147.23687798478284,
              -85.52560050717192
            ],
            [
              -147.2368779928349,
              -85.52560050493821
            ],
            [
              -147.23687799406122,
              -85.525600502388
            ],
            [
              -147.23687798852941,
              -85.52560050079616
            ],
            [
              -147.2368779680522,
              -85.52560049984659
            ],
            [
              -147.23687794218986,
              -85.52560050006744
            ],
            [
              -147.23687790280027,
              -85.52560050199256
            ],
            [
              -147.23687783357636,
              -85.52560050626464
            ],
            [
              -147.23687779277424,
              -85.52560050723403
            ],
            [
              -147.23687774917516,
              -85.52560050682317
            ],
            [
              -147.2368777150465,
              -85.52560050524056
            ],
            [
              -147.23687768904875,
              -85.52560050291166
            ],
            [
              -147.23687766978077,
              -85.52560049909316
            ],
            [
              -147.23687764212767,
              -85.52560049124017
            ],
            [
              -147.23687762391643,
              -85.52560048168426
            ],
            [
              -147.23687762367925,
              -85.52560047722216
            ],
            [
              -147.23687763173692,
              -85.5256004750947
            ],
            [
              -147.2368776574805,
              -85.5256004726428
            ],
            [
              -147.23687768602673,
              -85.52560047167738
            ],
            [
              -147.23687771861864,
              -85.52560046996697
            ],
            [
              -147.23687773212876,
              -85.52560046794399
            ],
            [
              -147.23687773884188,
              -85.5256004661357
            ],
            [
              -147.23687773593744,
              -85.52560046273689
            ],
            [
              -147.23687770861756,
              -85.52560046115208
            ],
            [
              -147.23687768411708,
              -85.52560046137252
            ],
            [
              -147.23687766102364,
              -85.5256004624424
            ],
            [
              -147.2368776365288,
              -85.52560046276905
            ],
            [
              -147.23687761332818,
              -85.52560046182037
            ],
            [
              -147.23687759147214,
              -85.52560046055254
            ],
            [
              -147.23687756832192,
              -85.52560046056003
            ],
            [
              -147.23687754793522,
              -85.52560046131032
            ],
            [
              -147.2368775288479,
              -85.52560046089152
            ],
            [
              -147.23687752466654,
              -85.52560045908676
            ],
            [
              -147.23687751498187,
              -85.52560045622135
            ],
            [
              -147.23687750786794,
              -85.52560045048656
            ],
            [
              -147.23687749513215,
              -85.52560044146009
            ],
            [
              -147.23687747728218,
              -85.52560043870356
            ],
            [
              -147.23687746081714,
              -85.52560043637158
            ],
            [
              -147.23687745796934,
              -85.52560043403516
            ],
            [
              -147.23687746306067,
              -85.52560042734025
            ],
            [
              -147.23687745199152,
              -85.52560042405031
            ],
            [
              -147.23687742599367,
              -85.5256004217214
            ],
            [
              -147.23687740418848,
              -85.52560042140973
            ],
            [
              -147.23687738246235,
              -85.52560042258541
            ],
            [
              -147.23687732972076,
              -85.52560042950824
            ],
            [
              -147.23687731350356,
              -85.52560043185079
            ],
            [
              -147.23687727948766,
              -85.52560043239302
            ],
            [
              -147.23687724408762,
              -85.52560043251073
            ],
            [
              -147.23687719501905,
              -85.52560043167664
            ],
            [
              -147.23687715546583,
              -85.52560043052078
            ],
            [
              -147.23687710633493,
              -85.52560042851808
            ],
            [
              -147.23687701207405,
              -85.52560042291772
            ],
            [
              -147.23687691919176,
              -85.52560041763566
            ],
            [
              -147.23687687134387,
              -85.52560041414515
            ],
            [
              -147.23687679748676,
              -85.52560040811323
            ],
            [
              -147.23687676728517,
              -85.52560040355459
            ],
            [
              -147.23687675753806,
              -85.52560039952053
            ],
            [
              -147.23687675330584,
              -85.52560039675961
            ],
            [
              -147.2368767409147,
              -85.5256003942138
            ],
            [
              -147.2368767231325,
              -85.52560039273216
            ],
            [
              -147.23687662334544,
              -85.5256003856462
            ],
            [
              -147.23687657285302,
              -85.52560038364395
            ],
            [
              -147.23687651290166,
              -85.52560038302589
            ],
            [
              -147.23687647473275,
              -85.52560038229454
            ],
            [
              -147.23687644468916,
              -85.52560038071061
            ],
            [
              -147.23687642141482,
              -85.52560037838083
            ],
            [
              -147.23687639405543,
              -85.52560037605234
            ],
            [
              -147.23687634340487,
              -85.52560037107534
            ],
            [
              -147.23687627227696,
              -85.52560036514879
            ],
            [
              -147.2368761298517,
              -85.52560035010845
            ],
            [
              -147.2368761024187,
              -85.52560034639885
            ],
            [
              -147.23687607354498,
              -85.5256003412023
            ],
            [
              -147.2368760446712,
              -85.52560033600577
            ],
            [
              -147.23687600766632,
              -85.52560033155558
            ],
            [
              -147.2368759596548,
              -85.5256003249841
            ],
            [
              -147.23687583354211,
              -85.52560030940727
            ],
            [
              -147.2368757923505,
              -85.52560030304606
            ],
            [
              -147.23687576756186,
              -85.5256002978482
            ],
            [
              -147.2368757495994,
              -85.52560029296687
            ],
            [
              -147.23687571241962,
              -85.52560028522322
            ],
            [
              -147.23687569819194,
              -85.52560027375364
            ],
            [
              -147.2368756870946,
              -85.52560026993251
            ],
            [
              -147.23687566910377,
              -85.52560026451997
            ],
            [
              -147.23687564403855,
              -85.52560025411634
            ],
            [
              -147.23687563259654,
              -85.52560024381454
            ],
            [
              -147.23687560083562,
              -85.52560023553791
            ],
            [
              -147.23687556110173,
              -85.52560023098235
            ],
            [
              -147.23687550091867,
              -85.52560022600844
            ],
            [
              -147.23687548447586,
              -85.5256002241014
            ],
            [
              -147.23687546791433,
              -85.5256002199633
            ],
            [
              -147.2368754650386,
              -85.52560021709569
            ],
            [
              -147.23687545675503,
              -85.52560021497352
            ],
            [
              -147.23687543341293,
              -85.52560021136883
            ],
            [
              -147.23687543052577,
              -85.52560020828874
            ],
            [
              -147.23687543579763,
              -85.52560020499352
            ],
            [
              -147.2368754639882,
              -85.52560019733497
            ],
            [
              -147.23687546353642,
              -85.52560018883572
            ],
            [
              -147.23687547022647,
              -85.52560018660246
            ],
            [
              -147.2368754578578,
              -85.52560018448163
            ],
            [
              -147.23687541961544,
              -85.52560018236915
            ],
            [
              -147.23687539226734,
              -85.52560018025316
            ],
            [
              -147.23687537583567,
              -85.52560017855858
            ],
            [
              -147.23687536193572,
              -85.52560017325098
            ],
            [
              -147.23687534806967,
              -85.5256001685808
            ],
            [
              -147.2368753450639,
              -85.52560016326964
            ],
            [
              -147.23687533641885,
              -85.52560015434808
            ],
            [
              -147.2368753361139,
              -85.52560014861112
            ],
            [
              -147.23687532761588,
              -85.52560014245181
            ],
            [
              -147.23687531351246,
              -85.52560013331953
            ],
            [
              -147.23687531321877,
              -85.52560012779502
            ],
            [
              -147.23687531216837,
              -85.5256001080343
            ],
            [
              -147.23687531459828,
              -85.5256001025089
            ],
            [
              -147.23687534959734,
              -85.52560009484814
            ],
            [
              -147.2368753575874,
              -85.5256000914458
            ],
            [
              -147.23687534078337,
              -85.52560008273937
            ],
            [
              -147.23687534033158,
              -85.52560007424013
            ],
            [
              -147.23687535104472,
              -85.52560007083692
            ],
            [
              -147.23687536987222,
              -85.52560006636864
            ],
            [
              -147.2368753777944,
              -85.52560006169142
            ],
            [
              -147.23687536920585,
              -85.52560005383226
            ],
            [
              -147.23687537432573,
              -85.52560004766856
            ],
            [
              -147.23687539583145,
              -85.52560004234948
            ],
            [
              -147.23687539515376,
              -85.52560002960062
            ],
            [
              -147.23687539474213,
              -85.52560001673481
            ],
            [
              -147.23687540677457,
              -85.52560001252373
            ],
            [
              -147.23687541886426,
              -85.5256000093963
            ],
            [
              -147.23687542424497,
              -85.52560000302002
            ],
            [
              -147.23687542889644,
              -85.52559999830135
            ],
            [
              -147.23687544240727,
              -85.52559999115749
            ],
            [
              -147.23687545288996,
              -85.52559998854055
            ],
            [
              -147.23687546157586,
              -85.52559998286439
            ],
            [
              -147.2368754622812,
              -85.52559998076057
            ],
            [
              -147.23687547515755,
              -85.52559997705917
            ],
            [
              -147.23687548130778,
              -85.5255999697902
            ],
            [
              -147.2368754948283,
              -85.52559996283759
            ],
            [
              -147.2368755099899,
              -85.52559995601192
            ],
            [
              -147.23687552612805,
              -85.52559995218198
            ],
            [
              -147.23687557405023,
              -85.52559993144922
            ],
            [
              -147.23687558601796,
              -85.525599926027
            ],
            [
              -147.23687559153402,
              -85.52559992220048
            ],
            [
              -147.23687560112856,
              -85.52559991824516
            ],
            [
              -147.23687562842778,
              -85.5255999091845
            ],
            [
              -147.23687564533515,
              -85.52559990446187
            ],
            [
              -147.23687566624645,
              -85.52559989820806
            ],
            [
              -147.2368756902974,
              -85.52559988953091
            ],
            [
              -147.23687570149545,
              -85.52559988500136
            ],
            [
              -147.2368757433895,
              -85.52559987383236
            ],
            [
              -147.2368757708241,
              -85.52559986732146
            ],
            [
              -147.23687580228278,
              -85.52559985966182
            ],
            [
              -147.2368758337347,
              -85.52559985187473
            ],
            [
              -147.23687587243504,
              -85.52559984210916
            ],
            [
              -147.23687590478866,
              -85.52559983591537
            ],
            [
              -147.23687594190233,
              -85.52559982704277
            ],
            [
              -147.2368759750153,
              -85.52559981976508
            ],
            [
              -147.23687601378342,
              -85.5255998112744
            ],
            [
              -147.2368760501887,
              -85.52559980444187
            ],
            [
              -147.23687606309898,
              -85.52559980137791
            ],
            [
              -147.23687607100192,
              -85.52559979633946
            ],
            [
              -147.23687608473253,
              -85.525599793339
            ],
            [
              -147.23687609849716,
              -85.52559979097596
            ],
            [
              -147.23687613659726,
              -85.52559978529028
            ],
            [
              -147.2368761527588,
              -85.52559978190656
            ],
            [
              -147.2368761826513,
              -85.52559977552235
            ],
            [
              -147.23687622951536,
              -85.52559976562667
            ],
            [
              -147.23687626107247,
              -85.5255997598156
            ],
            [
              -147.23687628944555,
              -85.52559975559925
            ],
            [
              -147.2368763406256,
              -85.52559975003683
            ],
            [
              -147.23687636001816,
              -85.52559974595084
            ],
            [
              -147.2368763857881,
              -85.52559973886679
            ],
            [
              -147.23687640258026,
              -85.52559973197685
            ],
            [
              -147.23687642108789,
              -85.52559972661625
            ],
            [
              -147.2368764372325,
              -85.5255997229138
            ],
            [
              -147.23687645752656,
              -85.52559972042114
            ],
            [
              -147.23687647537,
              -85.52559971792932
            ],
            [
              -147.23687652058658,
              -85.52559970777916
            ],
            [
              -147.2368765601751,
              -85.52559969935197
            ],
            [
              -147.2368766128671,
              -85.52559969149424
            ],
            [
              -147.23687665254693,
              -85.52559968478813
            ],
            [
              -147.23687667999508,
              -85.5255996785322
            ],
            [
              -147.23687670265588,
              -85.52559967444517
            ],
            [
              -147.2368767212753,
              -85.52559967118813
            ],
            [
              -147.23687672605556,
              -85.52559966889176
            ],
            [
              -147.23687673000543,
              -85.52559966634065
            ],
            [
              -147.23687672501492,
              -85.52559966468489
            ],
            [
              -147.23687671403724,
              -85.52559965799519
            ],
            [
              -147.23687671143716,
              -85.52559965519123
            ],
            [
              -147.23687671293916,
              -85.52559965270467
            ],
            [
              -147.2368767160753,
              -85.52559965021759
            ],
            [
              -147.236876726521,
              -85.52559964689944
            ],
            [
              -147.2368767418788,
              -85.52559964377095
            ],
            [
              -147.23687676215948,
              -85.52559964102335
            ],
            [
              -147.2368767849221,
              -85.52559963884863
            ],
            [
              -147.23687680037492,
              -85.52559963750497
            ],
            [
              -147.23687682239492,
              -85.5255996367329
            ],
            [
              -147.23687685341596,
              -85.5255996362129
            ],
            [
              -147.23687686890963,
              -85.5255996356342
            ],
            [
              -147.23687688188426,
              -85.52559963378137
            ],
            [
              -147.23687688419304,
              -85.52559963110332
            ],
            [
              -147.23687685848802,
              -85.5255996240359
            ],
            [
              -147.23687685589456,
              -85.52559962135942
            ],
            [
              -147.23687686151243,
              -85.52559961944525
            ],
            [
              -147.23687686631658,
              -85.52559961759508
            ],
            [
              -147.23687687603328,
              -85.52559961593457
            ],
            [
              -147.23687689223868,
              -85.52559961337951
            ],
            [
              -147.23687689215058,
              -85.52559961172216
            ],
            [
              -147.23687689038448,
              -85.52559960923665
            ],
            [
              -147.23687689191001,
              -85.52559960719631
            ],
            [
              -147.2368768991517,
              -85.52559960509038
            ],
            [
              -147.23687690970246,
              -85.5255996037483
            ],
            [
              -147.2368769300882,
              -85.52559960297675
            ],
            [
              -147.2368769431204,
              -85.52559960220759
            ],
            [
              -147.23687696021432,
              -85.5255996009909
            ],
            [
              -147.23687696748308,
              -85.52559959939492
            ],
            [
              -147.2368769665543,
              -85.52559959729163
            ],
            [
              -147.23687697057517,
              -85.52559959607915
            ],
            [
              -147.2368769819495,
              -85.5255995948643
            ],
            [
              -147.2368769933273,
              -85.52559959371321
            ],
            [
              -147.23687700223715,
              -85.5255995922442
            ],
            [
              -147.23687700377977,
              -85.52559959052257
            ],
            [
              -147.23687700044036,
              -85.52559958918499
            ],
            [
              -147.23687699297489,
              -85.52559958708382
            ],
            [
              -147.23687697483035,
              -85.5255995839024
            ],
            [
              -147.23687696982972,
              -85.52559958205542
            ],
            [
              -147.23687697053504,
              -85.52559957995157
            ],
            [
              -147.236876968745,
              -85.52559957701988
            ],
            [
              -147.23687695789963,
              -85.5255995728162
            ],
            [
              -147.23687694464394,
              -85.52559956937823
            ],
            [
              -147.23687694284007,
              -85.52559956619154
            ],
            [
              -147.2368769475256,
              -85.52559956211033
            ],
            [
              -147.23687696032755,
              -85.52559955700656
            ],
            [
              -147.23687698202534,
              -85.52559955017877
            ],
            [
              -147.2368769981703,
              -85.52559954647633
            ],
            [
              -147.23687700206915,
              -85.52559954296905
            ],
            [
              -147.23687700922613,
              -85.52559953926952
            ],
            [
              -147.23687702619483,
              -85.52559953569428
            ],
            [
              -147.23687704155955,
              -85.52559953269328
            ],
            [
              -147.23687705041488,
              -85.52559953020435
            ],
            [
              -147.23687707223496,
              -85.52559952567135
            ],
            [
              -147.23687711928187,
              -85.52559951921785
            ],
            [
              -147.23687719553638,
              -85.52559950886643
            ],
            [
              -147.23687723531143,
              -85.52559950394517
            ],
            [
              -147.23687731977725,
              -85.52559949435603
            ],
            [
              -147.23687738872232,
              -85.52559948483568
            ],
            [
              -147.23687746085773,
              -85.52559947384813
            ],
            [
              -147.2368774860001,
              -85.525599470334
            ],
            [
              -147.236877546893,
              -85.52559946304733
            ],
            [
              -147.23687759308575,
              -85.5255994558929
            ],
            [
              -147.23687761165812,
              -85.52559945174345
            ],
            [
              -147.23687762275816,
              -85.5255994453653
            ],
            [
              -147.2368776348277,
              -85.5255994418554
            ],
            [
              -147.2368776533692,
              -85.52559943713224
            ],
            [
              -147.23687767281916,
              -85.52559943412993
            ],
            [
              -147.23687769394766,
              -85.52559943195575
            ],
            [
              -147.23687771188548,
              -85.52559943124874
            ],
            [
              -147.2368777477989,
              -85.5255994305359
            ],
            [
              -147.23687776163825,
              -85.52559942957525
            ],
            [
              -147.23687777460592,
              -85.52559942759495
            ],
            [
              -147.2368777826341,
              -85.52559942491507
            ],
            [
              -147.23687779388308,
              -85.52559942134167
            ],
            [
              -147.23687783347856,
              -85.52559941304196
            ],
            [
              -147.2368778561156,
              -85.52559940850873
            ],
            [
              -147.2368778845161,
              -85.52559940480229
            ],
            [
              -147.23687792032095,
              -85.52559940204965
            ],
            [
              -147.23687795533252,
              -85.52559939974351
            ],
            [
              -147.23687797406038,
              -85.52559939852628
            ],
            [
              -147.23687797560996,
              -85.52559939693214
            ],
            [
              -147.23687797141613,
              -85.52559939489366
            ],
            [
              -147.236877966439,
              -85.52559939349287
            ],
            [
              -147.23687796636787,
              -85.52559939215422
            ],
            [
              -147.23687797852904,
              -85.52559939036543
            ],
            [
              -147.23687798164838,
              -85.52559938755962
            ],
            [
              -147.2368779552787,
              -85.52559938336096
            ],
            [
              -147.23687791030036,
              -85.52559936724792
            ],
            [
              -147.2368778987227,
              -85.52559936463813
            ],
            [
              -147.23687788063205,
              -85.52559936247663
            ],
            [
              -147.2368778518285,
              -85.52559935859747
            ],
            [
              -147.2368778013104,
              -85.52559934586473
            ],
            [
              -147.236877757481,
              -85.52559933599838
            ],
            [
              -147.23687775328736,
              -85.52559933395989
            ],
            [
              -147.23687774684268,
              -85.52559932032045
            ],
            [
              -147.23687775221998,
              -85.52559931388043
            ],
            [
              -147.23687775456267,
              -85.52559931183984
            ],
            [
              -147.23687779535513,
              -85.52559929531658
            ],
            [
              -147.23687783788318,
              -85.52559928070514
            ],
            [
              -147.23687786281906,
              -85.52559927330259
            ],
            [
              -147.23687792095586,
              -85.52559926027972
            ],
            [
              -147.23687797188484,
              -85.52559925000025
            ],
            [
              -147.23687802847945,
              -85.525599238699
            ],
            [
              -147.23687806328417,
              -85.52559923250443
            ],
            [
              -147.23687815239484,
              -85.52559921806915
            ],
            [
              -147.23687820258817,
              -85.52559920931978
            ],
            [
              -147.23687822363516,
              -85.52559920561575
            ],
            [
              -147.23687826503738,
              -85.52559920056646
            ],
            [
              -147.23687830968413,
              -85.52559919506992
            ],
            [
              -147.23687832507292,
              -85.52559919251512
            ],
            [
              -147.23687836862143,
              -85.52559918172807
            ],
            [
              -147.23687839931378,
              -85.52559917502488
            ],
            [
              -147.2368784308604,
              -85.5255991690226
            ],
            [
              -147.23687844535746,
              -85.5255991650657
            ],
            [
              -147.236878455759,
              -85.52559916091887
            ],
            [
              -147.23687846284125,
              -85.52559915581696
            ],
            [
              -147.23687847236818,
              -85.52559915058676
            ],
            [
              -147.23687848995056,
              -85.5255991431866
            ],
            [
              -147.23687849463252,
              -85.52559913904163
            ],
            [
              -147.2368785025558,
              -85.52559913438566
            ],
            [
              -147.2368785054783,
              -85.52559912788269
            ],
            [
              -147.2368785052411,
              -85.52559912342059
            ],
            [
              -147.23687851155077,
              -85.5255991191476
            ],
            [
              -147.23687852681047,
              -85.52559911417053
            ],
            [
              -147.23687853566932,
              -85.52559911174532
            ],
            [
              -147.23687855423793,
              -85.52559910753213
            ],
            [
              -147.23687857287092,
              -85.52559910453007
            ],
            [
              -147.23687859320597,
              -85.52559910280237
            ],
            [
              -147.23687859880692,
              -85.52559910056947
            ],
            [
              -147.23687861151367,
              -85.52559909368085
            ],
            [
              -147.23687862356658,
              -85.52559908985222
            ],
            [
              -147.23687866724015,
              -85.52559908142372
            ],
            [
              -147.23687869631885,
              -85.5255990751035
            ],
            [
              -147.23687871159564,
              -85.52559907044517
            ],
            [
              -147.23687872598077,
              -85.52559906438469
            ],
            [
              -147.23687873227652,
              -85.52559905985675
            ],
            [
              -147.23687874271565,
              -85.52559905641111
            ],
            [
              -147.2368787999031,
              -85.52559904090246
            ],
            [
              -147.2368788209127,
              -85.52559903649724
            ],
            [
              -147.23687885166635,
              -85.52559903094144
            ],
            [
              -147.23687887348643,
              -85.52559902640846
            ],
            [
              -147.23687888633552,
              -85.52559902219711
            ],
            [
              -147.23687890084938,
              -85.52559901855894
            ],
            [
              -147.23687891537372,
              -85.52559901511198
            ],
            [
              -147.2368789381326,
              -85.52559901287353
            ],
            [
              -147.2368789535514,
              -85.52559901089244
            ],
            [
              -147.2368789713508,
              -85.5255990075719
            ],
            [
              -147.23687898829544,
              -85.52559900355047
            ],
            [
              -147.23687900362324,
              -85.52559899984827
            ],
            [
              -147.23687902465633,
              -85.52559899588925
            ],
            [
              -147.23687904657115,
              -85.52559899314112
            ],
            [
              -147.23687905871537,
              -85.52559899103359
            ],
            [
              -147.23687907081202,
              -85.52559898803364
            ],
            [
              -147.23687907889098,
              -85.5255989863099
            ],
            [
              -147.23687909025168,
              -85.52559898484007
            ],
            [
              -147.23687913901787,
              -85.52559897997966
            ],
            [
              -147.23687917638227,
              -85.52559897582414
            ],
            [
              -147.23687919665954,
              -85.52559897301276
            ],
            [
              -147.2368792128177,
              -85.52559896956528
            ],
            [
              -147.23687922241257,
              -85.52559896560997
            ],
            [
              -147.23687923289523,
              -85.52559896299303
            ],
            [
              -147.23687924996187,
              -85.52559896126637
            ],
            [
              -147.23687928971563,
              -85.52559895869778
            ],
            [
              -147.23687933055254,
              -85.5255989556307
            ],
            [
              -147.23687935003994,
              -85.52559895332956
            ],
            [
              -147.23687935891914,
              -85.52559895128682
            ],
            [
              -147.23687936284853,
              -85.52559894835328
            ],
            [
              -147.23687935694633,
              -85.52559894491293
            ],
            [
              -147.23687935518345,
              -85.52559894249119
            ],
            [
              -147.23687935750917,
              -85.52559894013184
            ],
            [
              -147.2368793712635,
              -85.52559893757758
            ],
            [
              -147.23687938341112,
              -85.5255989355338
            ],
            [
              -147.2368793873847,
              -85.52559893342892
            ],
            [
              -147.23687938483144,
              -85.5255989315174
            ],
            [
              -147.23687937982433,
              -85.52559892954291
            ],
            [
              -147.23687936913464,
              -85.52559892827145
            ],
            [
              -147.23687936499195,
              -85.52559892718911
            ],
            [
              -147.23687936409686,
              -85.52559892572327
            ],
            [
              -147.23687937302014,
              -85.52559892450921
            ],
            [
              -147.23687938521178,
              -85.52559892329411
            ],
            [
              -147.23687940473616,
              -85.52559892169415
            ],
            [
              -147.23687942503395,
              -85.52559891926526
            ],
            [
              -147.23687943799177,
              -85.52559891709373
            ],
            [
              -147.23687944032767,
              -85.52559891492562
            ],
            [
              -147.23687944107027,
              -85.52559891352298
            ],
            [
              -147.23687944258563,
              -85.52559891129141
            ],
            [
              -147.23687944575565,
              -85.52559890944178
            ],
            [
              -147.23687944566416,
              -85.52559890772068
            ],
            [
              -147.23687943906003,
              -85.5255989064479
            ],
            [
              -147.2368794250987,
              -85.52559890511377
            ],
            [
              -147.23687941685702,
              -85.52559890377778
            ],
            [
              -147.23687940941898,
              -85.52559890218654
            ],
            [
              -147.2368794028384,
              -85.52559890135998
            ],
            [
              -147.23687939300314,
              -85.52559890078946
            ],
            [
              -147.23687937417685,
              -85.5255989001581
            ],
            [
              -147.23687935127904,
              -85.52559889978303
            ],
            [
              -147.2368793340938,
              -85.52559889927863
            ],
            [
              -147.23687932260748,
              -85.52559889838993
            ],
            [
              -147.2368793095007,
              -85.52559889775671
            ],
            [
              -147.23687929725483,
              -85.52559889795191
            ],
            [
              -147.23687927521817,
              -85.52559889840526
            ],
            [
              -147.23687921403715,
              -85.52559890027366
            ],
            [
              -147.2368791707567,
              -85.52559890073388
            ],
            [
              -147.2368791347892,
              -85.52559890042679
            ],
            [
              -147.23687910533116,
              -85.52559889960763
            ],
            [
              -147.23687908810496,
              -85.5255988983383
            ],
            [
              -147.23687906513257,
              -85.52559889656085
            ],
            [
              -147.23687904708973,
              -85.5255988952918
            ],
            [
              -147.23687902334083,
              -85.52559889427954
            ],
            [
              -147.23687898896668,
              -85.525598893207
            ],
            [
              -147.23687897749744,
              -85.525598892637
            ],
            [
              -147.2368789700999,
              -85.5255988918107
            ],
            [
              -147.23687895117874,
              -85.52559888939449
            ],
            [
              -147.2368789412894,
              -85.52559888780407
            ],
            [
              -147.23687892893201,
              -85.52559888589569
            ],
            [
              -147.2368789010266,
              -85.52559888354615
            ],
            [
              -147.23687887555874,
              -85.52559888094083
            ],
            [
              -147.2368788722161,
              -85.5255988795395
            ],
            [
              -147.23687886883926,
              -85.52559887750076
            ],
            [
              -147.23687886625277,
              -85.52559887495177
            ],
            [
              -147.23687886288286,
              -85.52559887304051
            ],
            [
              -147.23687884966057,
              -85.52559887023997
            ],
            [
              -147.23687881325273,
              -85.52559886164613
            ],
            [
              -147.23687879348088,
              -85.52559885859276
            ],
            [
              -147.23687878175733,
              -85.52559885324193
            ],
            [
              -147.23687877411598,
              -85.52559884782605
            ],
            [
              -147.2368787740211,
              -85.5255988460412
            ],
            [
              -147.23687877798096,
              -85.52559884368135
            ],
            [
              -147.2368787860669,
              -85.5255988420851
            ],
            [
              -147.23687882093583,
              -85.52559883710167
            ],
            [
              -147.23687885665964,
              -85.52559883281918
            ],
            [
              -147.23687886231093,
              -85.52559883154244
            ],
            [
              -147.23687885980223,
              -85.52559883045959
            ],
            [
              -147.2368788516114,
              -85.52559883007974
            ],
            [
              -147.23687884260698,
              -85.52559882976394
            ],
            [
              -147.23687883256164,
              -85.52559882524127
            ],
            [
              -147.23687883413814,
              -85.5255988241571
            ],
            [
              -147.2368788324498,
              -85.52559882313771
            ],
            [
              -147.23687882340457,
              -85.52559882205696
            ],
            [
              -147.23687881272843,
              -85.52559882104049
            ],
            [
              -147.23687879225463,
              -85.52559882015468
            ],
            [
              -147.2368787693126,
              -85.52559881895094
            ],
            [
              -147.23687875373454,
              -85.52559881793606
            ],
            [
              -147.2368787266563,
              -85.52559881577747
            ],
            [
              -147.2368787069317,
              -85.52559881361651
            ],
            [
              -147.2368786846643,
              -85.52559880973524
            ],
            [
              -147.2368786787586,
              -85.52559880623116
            ],
            [
              -147.2368786819118,
              -85.5255988040628
            ],
            [
              -147.23687869482202,
              -85.52559880099885
            ],
            [
              -147.2368787004636,
              -85.52559879953087
            ],
            [
              -147.2368786987143,
              -85.5255987973641
            ],
            [
              -147.23687869861604,
              -85.5255987955155
            ],
            [
              -147.2368787058543,
              -85.52559879334581
            ],
            [
              -147.23687871474368,
              -85.52559879149433
            ],
            [
              -147.23687873420735,
              -85.52559878874699
            ],
            [
              -147.2368787487653,
              -85.52559878593748
            ],
            [
              -147.2368787519319,
              -85.52559878402408
            ],
            [
              -147.23687875427456,
              -85.52559878198349
            ],
            [
              -147.2368787775389,
              -85.52559877388029
            ],
            [
              -147.23687879357183,
              -85.52559876807429
            ],
            [
              -147.23687880561747,
              -85.52559876411816
            ],
            [
              -147.23687881364597,
              -85.52559876143826
            ],
            [
              -147.23687882334212,
              -85.52559875939528
            ],
            [
              -147.23687885490247,
              -85.52559875364797
            ],
            [
              -147.23687886862288,
              -85.52559875045627
            ],
            [
              -147.23687888800526,
              -85.52559874617906
            ],
            [
              -147.23687889923391,
              -85.52559874222322
            ],
            [
              -147.23687891936228,
              -85.5255987366071
            ],
            [
              -147.23687893624256,
              -85.52559873137453
            ],
            [
              -147.23687895720482,
              -85.52559872607686
            ],
            [
              -147.23687898230315,
              -85.52559872173407
            ],
            [
              -147.23687898554863,
              -85.52559871873699
            ],
            [
              -147.2368789881109,
              -85.52559871570824
            ],
            [
              -147.23687899682122,
              -85.52559871304938
            ],
            [
              -147.2368790062549,
              -85.52559871118709
            ],
            [
              -147.23687901909278,
              -85.52559870932369
            ],
            [
              -147.2368790678451,
              -85.52559870420828
            ],
            [
              -147.2368790901901,
              -85.52559870186373
            ],
            [
              -147.2368791118116,
              -85.52559869872258
            ],
            [
              -147.23687912790442,
              -85.52559869404271
            ],
            [
              -147.23687914736192,
              -85.52559868861806
            ],
            [
              -147.23687916823212,
              -85.52559868414912
            ],
            [
              -147.23687919453775,
              -85.52559867946596
            ],
            [
              -147.23687921268456,
              -85.52559867499791
            ],
            [
              -147.23687923163064,
              -85.5255986727607
            ],
            [
              -147.2368792526022,
              -85.52559867020409
            ],
            [
              -147.2368792809989,
              -85.52559866642329
            ],
            [
              -147.23687930324755,
              -85.52559866227264
            ],
            [
              -147.23687932277596,
              -85.52559865817601
            ],
            [
              -147.23687934977943,
              -85.52559865381134
            ],
            [
              -147.236879384225,
              -85.52559864854119
            ],
            [
              -147.2368794044539,
              -85.52559864481617
            ],
            [
              -147.2368794313954,
              -85.52559863928286
            ],
            [
              -147.23687944897412,
              -85.52559863693985
            ],
            [
              -147.23687950784648,
              -85.52559863006816
            ],
            [
              -147.23687953823205,
              -85.52559862527742
            ],
            [
              -147.23687956463405,
              -85.52559862240034
            ],
            [
              -147.236879584573,
              -85.52559862055709
            ],
            [
              -147.23687960667925,
              -85.52559861919949
            ],
            [
              -147.2368796535189,
              -85.52559861652826
            ],
            [
              -147.23687967792887,
              -85.52559861460799
            ],
            [
              -147.23687970025378,
              -85.5255986118916
            ],
            [
              -147.23687971580708,
              -85.52559860986796
            ],
            [
              -147.23687974118639,
              -85.5255986079214
            ],
            [
              -147.23687977479804,
              -85.52559860522734
            ],
            [
              -147.23687979916846,
              -85.52559860256338
            ],
            [
              -147.2368798194,
              -85.52559859889149
            ],
            [
              -147.23687983560558,
              -85.52559859633644
            ],
            [
              -147.23687986476205,
              -85.52559859404278
            ],
            [
              -147.23687989668437,
              -85.52559859254507
            ],
            [
              -147.23687993341818,
              -85.52559859189573
            ],
            [
              -147.23687997631362,
              -85.52559859188185
            ],
            [
              -147.23688000632598,
              -85.52559859288145
            ],
            [
              -147.23688003433537,
              -85.52559859462538
            ],
            [
              -147.23688005964974,
              -85.5255985969014
            ],
            [
              -147.2368800855541,
              -85.52559859747734
            ],
            [
              -147.2368801087012,
              -85.52559859741673
            ],
            [
              -147.2368801345097,
              -85.5255985961866
            ],
            [
              -147.2368801568886,
              -85.52559859447949
            ],
            [
              -147.23688017516216,
              -85.52559859240183
            ],
            [
              -147.2368801859208,
              -85.52559858984856
            ],
            [
              -147.23688018577113,
              -85.52559858703319
            ],
            [
              -147.23688016722056,
              -85.52559858390502
            ],
            [
              -147.23688014804875,
              -85.52559858189262
            ],
            [
              -147.23688011930753,
              -85.52559857919275
            ],
            [
              -147.23688010696728,
              -85.52559857760312
            ],
            [
              -147.23688010347797,
              -85.5255985760106
            ],
            [
              -147.2368801033707,
              -85.52559857399203
            ],
            [
              -147.23688010391598,
              -85.52559857144203
            ],
            [
              -147.23688011403632,
              -85.52559856968577
            ],
            [
              -147.23688012758018,
              -85.52559856830024
            ],
            [
              -147.2368801397432,
              -85.52559856654331
            ],
            [
              -147.23688014513368,
              -85.52559856547914
            ],
            [
              -147.23688014643025,
              -85.52559856425692
            ],
            [
              -147.23688014902407,
              -85.52559856181252
            ],
            [
              -147.23688015779365,
              -85.52559856026917
            ],
            [
              -147.23688017132653,
              -85.52559855867116
            ],
            [
              -147.2368801882866,
              -85.525598557497
            ],
            [
              -147.23688020254264,
              -85.52559855669557
            ],
            [
              -147.23688021407233,
              -85.52559855584191
            ],
            [
              -147.23688022285342,
              -85.52559855451103
            ],
            [
              -147.23688024233616,
              -85.52559854956446
            ],
            [
              -147.23688024768444,
              -85.52559854770348
            ],
            [
              -147.23688024692717,
              -85.52559854626948
            ],
            [
              -147.23688024212157,
              -85.52559854552733
            ],
            [
              -147.23688023254138,
              -85.52559854462737
            ],
            [
              -147.23688021955098,
              -85.52559854362227
            ],
            [
              -147.23688021064868,
              -85.52559854266897
            ],
            [
              -147.2368802024217,
              -85.5255985416092
            ],
            [
              -147.23688020100604,
              -85.52559854060037
            ],
            [
              -147.236880202978,
              -85.5255985392717
            ],
            [
              -147.23688021801505,
              -85.52559853768354
            ],
            [
              -147.236880242964,
              -85.52559853575276
            ],
            [
              -147.23688025854787,
              -85.52559853431345
            ],
            [
              -147.23688026799005,
              -85.52559853261052
            ],
            [
              -147.23688027333813,
              -85.52559853074953
            ],
            [
              -147.23688027258387,
              -85.52559852936864
            ],
            [
              -147.23688026703795,
              -85.52559852751119
            ],
            [
              -147.23688026151476,
              -85.5255985260787
            ],
            [
              -147.236880248496,
              -85.5255985245424
            ],
            [
              -147.23688023616936,
              -85.52559852321836
            ],
            [
              -147.23688023137237,
              -85.52559852263559
            ],
            [
              -147.23688022858948,
              -85.52559852152095
            ],
            [
              -147.2368802299115,
              -85.52559852077682
            ],
            [
              -147.23688024140213,
              -85.52559851917945
            ],
            [
              -147.23688024340234,
              -85.525598518382
            ],
            [
              -147.23688023586453,
              -85.52559851748138
            ],
            [
              -147.23688022970254,
              -85.52559851684592
            ],
            [
              -147.2368802310252,
              -85.5255985161018
            ],
            [
              -147.23688024663733,
              -85.52559851519369
            ],
            [
              -147.23688026295304,
              -85.52559851471032
            ],
            [
              -147.23688027036943,
              -85.52559851332677
            ],
            [
              -147.23688026906808,
              -85.52559851232675
            ],
            [
              -147.23688025665936,
              -85.52559850946221
            ],
            [
              -147.2368802496868,
              -85.52559850638343
            ],
            [
              -147.23688024961336,
              -85.52559850500232
            ],
            [
              -147.23688025346723,
              -85.52559850064513
            ],
            [
              -147.2368802656215,
              -85.52559849872884
            ],
            [
              -147.2368802926761,
              -85.52559849532034
            ],
            [
              -147.23688031033373,
              -85.5255984944647
            ],
            [
              -147.23688035113017,
              -85.52559849338907
            ],
            [
              -147.2368803864963,
              -85.52559849263392
            ],
            [
              -147.23688041086137,
              -85.52559848986374
            ],
            [
              -147.2368804257166,
              -85.5255984875216
            ],
            [
              -147.23688043515293,
              -85.52559848571242
            ],
            [
              -147.2368804513303,
              -85.52559848262617
            ],
            [
              -147.23688046348434,
              -85.52559848070989
            ],
            [
              -147.23688047829438,
              -85.52559847751782
            ],
            [
              -147.23688048496763,
              -85.52559847496585
            ],
            [
              -147.23688047784825,
              -85.52559846912482
            ],
            [
              -147.23688047216976,
              -85.52559846477071
            ],
            [
              -147.23688048147602,
              -85.52559846051801
            ],
            [
              -147.23688049077697,
              -85.52559845615907
            ],
            [
              -147.23688051898446,
              -85.52559844881922
            ],
            [
              -147.2368805471181,
              -85.52559844009825
            ],
            [
              -147.23688054970046,
              -85.52559843744136
            ],
            [
              -147.23688054549677,
              -85.52559843521163
            ],
            [
              -147.23688053723578,
              -85.52559843351442
            ],
            [
              -147.23688053571033,
              -85.5255984304339
            ],
            [
              -147.23688054236078,
              -85.52559842745696
            ],
            [
              -147.2368805435758,
              -85.52559842469427
            ],
            [
              -147.236880535298,
              -85.52559842267833
            ],
            [
              -147.23688051751614,
              -85.52559842119669
            ],
            [
              -147.23688049163138,
              -85.5255984209926
            ],
            [
              -147.23688044537093,
              -85.52559842175127
            ],
            [
              -147.23688040864826,
              -85.52559842261307
            ],
            [
              -147.23688036380062,
              -85.52559842432747
            ],
            [
              -147.23688031616717,
              -85.52559842487408
            ],
            [
              -147.23688029569544,
              -85.52559842403078
            ],
            [
              -147.23688027651232,
              -85.52559842180588
            ],
            [
              -147.2368802627876,
              -85.52559841979172
            ],
            [
              -147.2368802491245,
              -85.5255984189462
            ],
            [
              -147.23688022598586,
              -85.52559841916619
            ],
            [
              -147.23688020970124,
              -85.52559842023388
            ],
            [
              -147.2368801865739,
              -85.52559842066633
            ],
            [
              -147.23688016206196,
              -85.52559842067424
            ],
            [
              -147.2368801334425,
              -85.52559842025855
            ],
            [
              -147.23688011159217,
              -85.52559841909695
            ],
            [
              -147.23688009791226,
              -85.5255984179327
            ],
            [
              -147.2368800923808,
              -85.52559841634087
            ],
            [
              -147.23688008543064,
              -85.52559841368705
            ],
            [
              -147.2368800730618,
              -85.52559841156622
            ],
            [
              -147.23688005665855,
              -85.52559841040285
            ],
            [
              -147.23688003073426,
              -85.52559840945506
            ],
            [
              -147.23688000070777,
              -85.52559840818986
            ],
            [
              -147.23687997336515,
              -85.52559840618011
            ],
            [
              -147.23687995006838,
              -85.52559840342535
            ],
            [
              -147.23687992648377,
              -85.52559839525232
            ],
            [
              -147.23687991804204,
              -85.52559839015541
            ],
            [
              -147.23687990553202,
              -85.52559838537856
            ],
            [
              -147.2368798778449,
              -85.52559837688811
            ],
            [
              -147.23687988029172,
              -85.52559837168147
            ],
            [
              -147.23687989230493,
              -85.52559836710915
            ],
            [
              -147.2368799043517,
              -85.52559836317431
            ],
            [
              -147.23687991635927,
              -85.52559835849574
            ],
            [
              -147.2368799162011,
              -85.52559835552103
            ],
            [
              -147.23687990655569,
              -85.52559835339929
            ],
            [
              -147.23687987646707,
              -85.52559835096545
            ],
            [
              -147.23687986004688,
              -85.52559834948337
            ],
            [
              -147.23687985722734,
              -85.52559834767817
            ],
            [
              -147.23687985719343,
              -85.52559834704073
            ],
            [
              -147.2368798638893,
              -85.52559834491372
            ],
            [
              -147.236879884118,
              -85.5255983411887
            ],
            [
              -147.23687989619316,
              -85.52559833778503
            ],
            [
              -147.23687990397414,
              -85.5255983304518
            ],
            [
              -147.23687990928553,
              -85.52559832790025
            ],
            [
              -147.23687993893353,
              -85.52559832338837
            ],
            [
              -147.23687995119533,
              -85.52559832214962
            ],
            [
              -147.2368799714694,
              -85.52559831927451
            ],
            [
              -147.2368799753344,
              -85.52559831512983
            ],
            [
              -147.23687997508026,
              -85.525598310349
            ],
            [
              -147.23687998848322,
              -85.52559830630744
            ],
            [
              -147.23688000193704,
              -85.52559830322207
            ],
            [
              -147.23688001261098,
              -85.52559829907517
            ],
            [
              -147.2368800328681,
              -85.52559829588134
            ],
            [
              -147.23688006944906,
              -85.5255982923635
            ],
            [
              -147.23688009248602,
              -85.52559829023122
            ],
            [
              -147.23688009229403,
              -85.52559828661903
            ],
            [
              -147.2368800864913,
              -85.52559827992765
            ],
            [
              -147.23688009448122,
              -85.5255982765253
            ],
            [
              -147.23688012561544,
              -85.52559827300924
            ],
            [
              -147.23688015257403,
              -85.52559826779463
            ],
            [
              -147.2368801605442,
              -85.52559826402046
            ],
            [
              -147.23688017461092,
              -85.52559825965997
            ],
            [
              -147.23688019152027,
              -85.52559825752965
            ],
            [
              -147.23688019960886,
              -85.52559825598654
            ],
            [
              -147.2368802094352,
              -85.52559824870575
            ],
            [
              -147.23688021969795,
              -85.52559824707693
            ],
            [
              -147.23688024260363,
              -85.52559824460116
            ],
            [
              -147.23688026194137,
              -85.52559824247359
            ],
            [
              -147.23688027166463,
              -85.52559824094055
            ],
            [
              -147.23688028610735,
              -85.52559823596374
            ],
            [
              -147.23688029746478,
              -85.52559823443018
            ],
            [
              -147.2368803463255,
              -85.52559823135459
            ],
            [
              -147.23688041144624,
              -85.52559822674385
            ],
            [
              -147.23688042931306,
              -85.52559822469821
            ],
            [
              -147.23688046815235,
              -85.52559821754618
            ],
            [
              -147.23688046635556,
              -85.52559821448699
            ],
            [
              -147.23688045305244,
              -85.52559821015659
            ],
            [
              -147.23688045296433,
              -85.52559820849923
            ],
            [
              -147.23688045618482,
              -85.52559820760577
            ],
            [
              -147.23688046269424,
              -85.5255982070937
            ],
            [
              -147.23688048875897,
              -85.52559820555537
            ],
            [
              -147.2368805262623,
              -85.52559820401335
            ],
            [
              -147.23688054909914,
              -85.52559820324102
            ],
            [
              -147.23688055881564,
              -85.5255982015805
            ],
            [
              -147.23688056525066,
              -85.52559819966605
            ],
            [
              -147.2368805667762,
              -85.5255981976257
            ],
            [
              -147.2368805585039,
              -85.52559819571603
            ],
            [
              -147.2368805502589,
              -85.52559819431629
            ],
            [
              -147.23688053387724,
              -85.52559819355665
            ],
            [
              -147.23688049288864,
              -85.5255981910201
            ],
            [
              -147.23688047811385,
              -85.52559818974996
            ],
            [
              -147.23688047473053,
              -85.52559818758371
            ],
            [
              -147.2368804762627,
              -85.52559818567086
            ],
            [
              -147.23688049248895,
              -85.52559818349826
            ],
            [
              -147.23688052833103,
              -85.52559818144681
            ],
            [
              -147.2368805609252,
              -85.5255981797789
            ],
            [
              -147.2368805902579,
              -85.52559817823952
            ],
            [
              -147.2368806097385,
              -85.52559817581088
            ],
            [
              -147.23688063883512,
              -85.52559816983066
            ],
            [
              -147.23688064266074,
              -85.52559816494228
            ],
            [
              -147.2368806518205,
              -85.5255981579273
            ],
            [
              -147.23688064483068,
              -85.52559815452983
            ],
            [
              -147.2368806174432,
              -85.52559815167012
            ],
            [
              -147.2368805709849,
              -85.52559814871039
            ],
            [
              -147.2368805408511,
              -85.52559814542663
            ],
            [
              -147.23688053530816,
              -85.5255981436223
            ],
            [
              -147.2368805365908,
              -85.52559814213448
            ],
            [
              -147.23688054187977,
              -85.525598139158
            ],
            [
              -147.23688054986388,
              -85.52559813564942
            ],
            [
              -147.23688054154093,
              -85.52559813278356
            ],
            [
              -147.23688053598653,
              -85.52559813076675
            ],
            [
              -147.23688053586793,
              -85.52559812853572
            ],
            [
              -147.23688053023477,
              -85.52559812503155
            ],
            [
              -147.2368805137015,
              -85.52559812142464
            ],
            [
              -147.23688051494454,
              -85.52559811919316
            ],
            [
              -147.23688051754388,
              -85.525598116855
            ],
            [
              -147.23688052555642,
              -85.5255981138776
            ],
            [
              -147.236880548407,
              -85.52559810823938
            ],
            [
              -147.23688056447705,
              -85.52559810313454
            ],
            [
              -147.2368805656356,
              -85.52559809930945
            ],
            [
              -147.23688055868564,
              -85.52559809665564
            ],
            [
              -147.23688055044173,
              -85.52559809527715
            ],
            [
              -147.23688052859137,
              -85.52559809411555
            ],
            [
              -147.2368805081705,
              -85.52559809422841
            ],
            [
              -147.2368804754429,
              -85.52559809338906
            ],
            [
              -147.2368804562654,
              -85.5255980912704
            ],
            [
              -147.2368804561978,
              -85.52559808999554
            ],
            [
              -147.23688046019817,
              -85.52559808840059
            ],
            [
              -147.23688046270698,
              -85.52559808436258
            ],
            [
              -147.2368804734656,
              -85.52559808180928
            ],
            [
              -147.23688050318148,
              -85.52559807723125
            ],
            [
              -147.23688051121675,
              -85.52559807467884
            ],
            [
              -147.23688051642085,
              -85.52559807010873
            ],
            [
              -147.23688051899774,
              -85.5255980673456
            ],
            [
              -147.23688052703847,
              -85.52559806489941
            ],
            [
              -147.23688053784767,
              -85.52559806330228
            ],
            [
              -147.23688057162067,
              -85.52559805819173
            ],
            [
              -147.2368806026022,
              -85.52559805180718
            ],
            [
              -147.23688062687683,
              -85.52559804733714
            ],
            [
              -147.2368806579376,
              -85.52559804243994
            ],
            [
              -147.2368807104423,
              -85.52559803845944
            ],
            [
              -147.23688075969721,
              -85.52559803539503
            ],
            [
              -147.23688081530898,
              -85.52559803123359
            ],
            [
              -147.236880832899,
              -85.52559802910305
            ],
            [
              -147.23688084094525,
              -85.52559802676312
            ],
            [
              -147.2368808340295,
              -85.52559802474674
            ],
            [
              -147.2368808203043,
              -85.5255980227326
            ],
            [
              -147.23688081615708,
              -85.52559802156526
            ],
            [
              -147.23688081610624,
              -85.5255980206091
            ],
            [
              -147.23688081602722,
              -85.52559801912173
            ],
            [
              -147.23688082068028,
              -85.52559801418126
            ],
            [
              -147.2368808277464,
              -85.52559800902492
            ],
            [
              -147.23688084364704,
              -85.52559800073287
            ],
            [
              -147.23688085264288,
              -85.52559799063695
            ],
            [
              -147.2368808520839,
              -85.52559798011914
            ],
            [
              -147.23688083680534,
              -85.52559797449324
            ],
            [
              -147.23688082432338,
              -85.52559797024759
            ],
            [
              -147.236880799693,
              -85.52559796802446
            ],
            [
              -147.2368807669207,
              -85.52559796633518
            ],
            [
              -147.23688069738608,
              -85.52559796476406
            ],
            [
              -147.23688065513744,
              -85.52559796414027
            ],
            [
              -147.23688063460924,
              -85.52559796223454
            ],
            [
              -147.23688062774946,
              -85.52559796128058
            ],
            [
              -147.2368806180593,
              -85.52559795830894
            ],
            [
              -147.2368806204892,
              -85.52559795278356
            ],
            [
              -147.2368806298689,
              -85.52559794991198
            ],
            [
              -147.23688066354026,
              -85.52559794288909
            ],
            [
              -147.23688068617062,
              -85.52559793310748
            ],
            [
              -147.2368806846508,
              -85.52559793013319
            ],
            [
              -147.23688067906832,
              -85.52559792758517
            ],
            [
              -147.23688066241095,
              -85.52559792164101
            ],
            [
              -147.23688065411042,
              -85.52559791920012
            ],
            [
              -147.2368806526753,
              -85.52559791781943
            ],
            [
              -147.2368806674966,
              -85.52559791483984
            ],
            [
              -147.2368807022889,
              -85.525597911131
            ],
            [
              -147.236880713531,
              -85.52559790983156
            ],
            [
              -147.23688072020443,
              -85.52559790727959
            ],
            [
              -147.23688071732823,
              -85.52559790441198
            ],
            [
              -147.2368807049031,
              -85.52559790122872
            ],
            [
              -147.2368806802274,
              -85.52559789815568
            ],
            [
              -147.2368806569871,
              -85.52559789646332
            ],
            [
              -147.23688063240752,
              -85.52559789519637
            ],
            [
              -147.23688061326945,
              -85.52559789382141
            ],
            [
              -147.2368805927132,
              -85.52559789138449
            ],
            [
              -147.23688057487482,
              -85.52559788884045
            ],
            [
              -147.2368805679021,
              -85.52559788576167
            ],
            [
              -147.23688056768748,
              -85.52559788172454
            ],
            [
              -147.2368805770562,
              -85.52559787864047
            ],
            [
              -147.23688059323922,
              -85.52559787566047
            ],
            [
              -147.23688062980904,
              -85.52559787193015
            ],
            [
              -147.23688070982016,
              -85.52559786563596
            ],
            [
              -147.23688078167152,
              -85.52559785955691
            ],
            [
              -147.23688079304665,
              -85.52559785756989
            ],
            [
              -147.2368809542248,
              -85.5255978518565
            ],
            [
              -147.2368809391326,
              -85.52559784973654
            ],
            [
              -147.23688079818706,
              -85.52559785437744
            ],
            [
              -147.23688079345288,
              -85.52559785062874
            ],
            [
              -147.23688076547242,
              -85.52559783661381
            ],
            [
              -147.23688086759793,
              -85.52559783616066
            ],
            [
              -147.23688091518605,
              -85.52559783476411
            ],
            [
              -147.23688090010526,
              -85.52559783285663
            ],
            [
              -147.23688084297885,
              -85.52559783415002
            ],
            [
              -147.23688075910812,
              -85.52559783478242
            ],
            [
              -147.23688075440862,
              -85.52559783343011
            ],
            [
              -147.23688073788693,
              -85.52559783003572
            ],
            [
              -147.23688073914698,
              -85.52559782812294
            ],
            [
              -147.23688074714255,
              -85.52559782482683
            ],
            [
              -147.2368807374182,
              -85.52559782121774
            ],
            [
              -147.2368807222185,
              -85.52559781707922
            ],
            [
              -147.23688070978756,
              -85.52559781378974
            ],
            [
              -147.23688070139102,
              -85.52559780954275
            ],
            [
              -147.23688070245953,
              -85.5255978040178
            ],
            [
              -147.23688070696332,
              -85.52559778627388
            ],
            [
              -147.2368806980811,
              -85.52559777289022
            ],
            [
              -147.23688067714627,
              -85.52559776333518
            ],
            [
              -147.23688066194111,
              -85.5255977590904
            ],
            [
              -147.23688063177894,
              -85.52559775527544
            ],
            [
              -147.236880605753,
              -85.52559775241532
            ],
            [
              -147.23688057570956,
              -85.52559775083142
            ],
            [
              -147.2368805593176,
              -85.52559774988055
            ],
            [
              -147.23688051162767,
              -85.52559774936476
            ],
            [
              -147.2368804708088,
              -85.52559775001541
            ],
            [
              -147.23688043547642,
              -85.52559775140801
            ],
            [
              -147.23688040838243,
              -85.52559775407283
            ],
            [
              -147.2368803867015,
              -85.52559775609843
            ],
            [
              -147.2368803703657,
              -85.52559775620998
            ],
            [
              -147.2368803539852,
              -85.52559775547158
            ],
            [
              -147.23688033076752,
              -85.52559775420417
            ],
            [
              -147.23688031438104,
              -85.52559775335955
            ],
            [
              -147.23688029120288,
              -85.52559775283582
            ],
            [
              -147.23688027625732,
              -85.52559775347812
            ],
            [
              -147.23688026405242,
              -85.52559775443825
            ],
            [
              -147.2368802505081,
              -85.52559775582378
            ],
            [
              -147.2368802315001,
              -85.52559775689235
            ],
            [
              -147.23688019748417,
              -85.52559775743457
            ],
            [
              -147.2368801838721,
              -85.52559775754521
            ],
            [
              -147.23688013395167,
              -85.52559775575746
            ],
            [
              -147.2368800793771,
              -85.52559775382025
            ],
            [
              -147.2368800347206,
              -85.52559775400469
            ],
            [
              -147.23688003589567,
              -85.5255977556192
            ],
            [
              -147.23688010129635,
              -85.52559775627799
            ],
            [
              -147.23688017448094,
              -85.5255977602043
            ],
            [
              -147.23688016645744,
              -85.52559776296921
            ],
            [
              -147.23688014226758,
              -85.52559776903284
            ],
            [
              -147.23688013701744,
              -85.52559777179478
            ],
            [
              -147.23688008354895,
              -85.52559777081767
            ],
            [
              -147.2368800768861,
              -85.52559776844001
            ],
            [
              -147.23688005509788,
              -85.52559776844706
            ],
            [
              -147.23688006623587,
              -85.52559777303311
            ],
            [
              -147.2368801329471,
              -85.52559777393598
            ],
            [
              -147.2368801303449,
              -85.525597775305
            ],
            [
              -147.23688011552906,
              -85.52559777839083
            ],
            [
              -147.23688008845753,
              -85.52559778148061
            ],
            [
              -147.23688007224067,
              -85.52559778382317
            ],
            [
              -147.23688007233665,
              -85.52559778562927
            ],
            [
              -147.23688006913807,
              -85.52559780231034
            ],
            [
              -147.23688004766043,
              -85.52559780816063
            ],
            [
              -147.2368800111132,
              -85.5255978123159
            ],
            [
              -147.23687997987716,
              -85.52559781391965
            ],
            [
              -147.23687993223822,
              -85.52559781436003
            ],
            [
              -147.23687987502157,
              -85.52559781395357
            ],
            [
              -147.2368798477979,
              -85.52559781417484
            ],
            [
              -147.23687980300045,
              -85.52559781684542
            ],
            [
              -147.23687974566633,
              -85.52559782514182
            ],
            [
              -147.23687969880564,
              -85.52559782930946
            ],
            [
              -147.23687966891467,
              -85.52559783059405
            ],
            [
              -147.23687960496832,
              -85.52559783167716
            ],
            [
              -147.23687953414526,
              -85.52559783148759
            ],
            [
              -147.2368794864779,
              -85.52559783139675
            ],
            [
              -147.23687944837113,
              -85.52559783183408
            ],
            [
              -147.23687940482873,
              -85.5255978324856
            ],
            [
              -147.23687931905476,
              -85.52559783283208
            ],
            [
              -147.23687927680066,
              -85.52559783210206
            ],
            [
              -147.23687923725296,
              -85.52559783105244
            ],
            [
              -147.23687912420982,
              -85.52559783077028
            ],
            [
              -147.23687897847293,
              -85.52559783028622
            ],
            [
              -147.23687892531913,
              -85.52559782945347
            ],
            [
              -147.23687889258588,
              -85.52559782850788
            ],
            [
              -147.23687883387765,
              -85.52559782565832
            ],
            [
              -147.23687870861724,
              -85.52559782098172
            ],
            [
              -147.23687867148695,
              -85.52559781929385
            ],
            [
              -147.23687863106113,
              -85.52559781709708
            ],
            [
              -147.23687859389466,
              -85.52559781472928
            ],
            [
              -147.23687857200707,
              -85.5255978128665
            ],
            [
              -147.2368785435697,
              -85.52559781075085
            ],
            [
              -147.23687849875472,
              -85.52559780796055
            ],
            [
              -147.23687844738984,
              -85.5255978049174
            ],
            [
              -147.236878382875,
              -85.52559780043359
            ],
            [
              -147.23687828895993,
              -85.52559779318747
            ],
            [
              -147.23687826584305,
              -85.52559779171709
            ],
            [
              -147.23687821231724,
              -85.5255977890146
            ],
            [
              -147.2368781674889,
              -85.52559778596932
            ],
            [
              -147.23687811394063,
              -85.52559778284188
            ],
            [
              -147.23687808115432,
              -85.52559778089763
            ],
            [
              -147.2368780461714,
              -85.5255977786141
            ],
            [
              -147.2368780155641,
              -85.52559777666916
            ],
            [
              -147.23687797281247,
              -85.5255977720827
            ],
            [
              -147.23687794753278,
              -85.52559776751183
            ],
            [
              -147.23687790031758,
              -85.52559776055762
            ],
            [
              -147.23687786088647,
              -85.52559775657568
            ],
            [
              -147.2368778390079,
              -85.52559775488285
            ],
            [
              -147.23687779963552,
              -85.5255977520058
            ],
            [
              -147.23687776463888,
              -85.52559774946731
            ],
            [
              -147.23687773507558,
              -85.52559774667209
            ],
            [
              -147.2368777109054,
              -85.52559774285518
            ],
            [
              -147.23687768987693,
              -85.52559773665743
            ],
            [
              -147.23687766662417,
              -85.52559772961047
            ],
            [
              -147.23687764554597,
              -85.5255977224778
            ],
            [
              -147.23687762550756,
              -85.52559771440987
            ],
            [
              -147.23687760226397,
              -85.5255977075329
            ],
            [
              -147.23687757919654,
              -85.52559770397062
            ],
            [
              -147.2368775550354,
              -85.5255977003237
            ],
            [
              -147.2368775079467,
              -85.52559769574925
            ],
            [
              -147.2368774598185,
              -85.5255976921101
            ],
            [
              -147.23687741167652,
              -85.52559768821594
            ],
            [
              -147.23687733293175,
              -85.52559768246185
            ],
            [
              -147.23687730664577,
              -85.52559767983554
            ],
            [
              -147.2368772682047,
              -85.52559767398341
            ],
            [
              -147.23687722967776,
              -85.5255976665164
            ],
            [
              -147.23687720643449,
              -85.52559765963944
            ],
            [
              -147.23687713370217,
              -85.5255976440241
            ],
            [
              -147.2368771194132,
              -85.52559764164889
            ],
            [
              -147.23687710836558,
              -85.52559763876268
            ],
            [
              -147.2368770992076,
              -85.52559763043624
            ],
            [
              -147.2368770913287,
              -85.52559762567913
            ],
            [
              -147.23687709443413,
              -85.52559762261835
            ],
            [
              -147.23687710603824,
              -85.5255976154751
            ],
            [
              -147.23687710135073,
              -85.52559760927207
            ],
            [
              -147.23687708692205,
              -85.52559760426212
            ],
            [
              -147.23687706375512,
              -85.52559759882999
            ],
            [
              -147.2368770351414,
              -85.52559759339964
            ],
            [
              -147.2368770077526,
              -85.52559759051871
            ],
            [
              -147.23687697374135,
              -85.52559758602506
            ],
            [
              -147.23687694304363,
              -85.52559758238026
            ],
            [
              -147.2368769134941,
              -85.52559757983998
            ],
            [
              -147.23687688176122,
              -85.52559757721545
            ],
            [
              -147.23687685334156,
              -85.52559757543976
            ],
            [
              -147.23687675172837,
              -85.52559756986305
            ],
            [
              -147.23687671348605,
              -85.5255975677506
            ],
            [
              -147.23687667847588,
              -85.52559756495711
            ],
            [
              -147.23687666090092,
              -85.525597562243
            ],
            [
              -147.23687665101014,
              -85.5255975606313
            ],
            [
              -147.2368766410203,
              -85.5255975571498
            ],
            [
              -147.23687662884691,
              -85.52559755358399
            ],
            [
              -147.23687661555735,
              -85.52559754950859
            ],
            [
              -147.2368765925035,
              -85.5255975462013
            ],
            [
              -147.2368765453427,
              -85.52559754026697
            ],
            [
              -147.23687651237566,
              -85.52559753492304
            ],
            [
              -147.236876491424,
              -85.52559753017013
            ],
            [
              -147.23687648480634,
              -85.52559752864241
            ],
            [
              -147.23687648474308,
              -85.5255975274525
            ],
            [
              -147.23687648791181,
              -85.52559752558162
            ],
            [
              -147.23687649104,
              -85.5255975229458
            ],
            [
              -147.2368764876136,
              -85.52559751997211
            ],
            [
              -147.23687647553965,
              -85.52559751827614
            ],
            [
              -147.2368764536793,
              -85.52559751692331
            ],
            [
              -147.23687643069772,
              -85.5255975149759
            ],
            [
              -147.23687641206917,
              -85.52559751294208
            ],
            [
              -147.23687636704204,
              -85.52559750615713
            ],
            [
              -147.23687634497838,
              -85.52559750097966
            ],
            [
              -147.2368763229144,
              -85.52559749580217
            ],
            [
              -147.23687630311557,
              -85.52559749223882
            ],
            [
              -147.2368762898436,
              -85.5255974885034
            ],
            [
              -147.23687627206985,
              -85.52559748204962
            ],
            [
              -147.23687624779106,
              -85.5255974761929
            ],
            [
              -147.2368762017647,
              -85.52559747110814
            ],
            [
              -147.2368761372637,
              -85.52559746687933
            ],
            [
              -147.23687602144287,
              -85.52559746045726
            ],
            [
              -147.23687596140797,
              -85.52559745826684
            ],
            [
              -147.23687591771858,
              -85.52559745615613
            ],
            [
              -147.23687588384317,
              -85.52559745421223
            ],
            [
              -147.23687581498416,
              -85.52559744998482
            ],
            [
              -147.23687568490615,
              -85.5255974417825
            ],
            [
              -147.2368756509899,
              -85.52559743907366
            ],
            [
              -147.23687560289332,
              -85.52559743602944
            ],
            [
              -147.23687555810093,
              -85.52559743366412
            ],
            [
              -147.23687552420725,
              -85.52559743138023
            ],
            [
              -147.23687549583767,
              -85.5255974305395
            ],
            [
              -147.23687547291937,
              -85.52559742978195
            ],
            [
              -147.2368754565058,
              -85.52559742842737
            ],
            [
              -147.23687541168644,
              -85.52559742555208
            ],
            [
              -147.23687537015348,
              -85.5255974230157
            ],
            [
              -147.236875345011,
              -85.52559742140896
            ],
            [
              -147.23687530454467,
              -85.52559741844726
            ],
            [
              -147.23687522261295,
              -85.52559741422407
            ],
            [
              -147.23687518654518,
              -85.5255974120259
            ],
            [
              -147.2368751296475,
              -85.52559740736964
            ],
            [
              -147.23687508804645,
              -85.52559740355838
            ],
            [
              -147.23687503994546,
              -85.52559740042918
            ],
            [
              -147.23687498757252,
              -85.52559739891625
            ],
            [
              -147.23687493086413,
              -85.52559739782964
            ],
            [
              -147.23687486110595,
              -85.52559739717228
            ],
            [
              -147.2368748153552,
              -85.52559739727208
            ],
            [
              -147.23687477073918,
              -85.52559739822145
            ],
            [
              -147.23687470113447,
              -85.5255974004538
            ],
            [
              -147.2368746021519,
              -85.52559740337563
            ],
            [
              -147.23687447160182,
              -85.5255974054237
            ],
            [
              -147.23687438890613,
              -85.52559740732032
            ],
            [
              -147.23687434315067,
              -85.52559740733511
            ],
            [
              -147.23687429081386,
              -85.52559740650211
            ],
            [
              -147.23687423409226,
              -85.52559740516057
            ],
            [
              -147.23687413810703,
              -85.52559740298177
            ],
            [
              -147.23687407700046,
              -85.52559740113169
            ],
            [
              -147.2368740246004,
              -85.52559739910879
            ],
            [
              -147.23687398751528,
              -85.52559739827086
            ],
            [
              -147.2368739242573,
              -85.52559739693142
            ],
            [
              -147.236873889333,
              -85.5255973957528
            ],
            [
              -147.2368738261021,
              -85.52559739492332
            ],
            [
              -147.23687376076438,
              -85.52559739545441
            ],
            [
              -147.23687368018415,
              -85.52559739616045
            ],
            [
              -147.23687363659883,
              -85.52559739600454
            ],
            [
              -147.23687356687648,
              -85.52559739602711
            ],
            [
              -147.2368734144315,
              -85.52559739743633
            ],
            [
              -147.2368732946959,
              -85.52559739934495
            ],
            [
              -147.23687321850932,
              -85.52559740072948
            ],
            [
              -147.23687315536898,
              -85.52559740159984
            ],
            [
              -147.23687309437085,
              -85.52559740178957
            ],
            [
              -147.2368729635605,
              -85.52559740030199
            ],
            [
              -147.2368728502119,
              -85.5255974016562
            ],
            [
              -147.23687268270942,
              -85.52559740447258
            ],
            [
              -147.2368726108447,
              -85.52559740517577
            ],
            [
              -147.23687251934317,
              -85.52559740537536
            ],
            [
              -147.23687239737467,
              -85.52559740626477
            ],
            [
              -147.23687225792094,
              -85.5255974061399
            ],
            [
              -147.23687209012485,
              -85.52559740568421
            ],
            [
              -147.23687201383902,
              -85.52559740519894
            ],
            [
              -147.23687190701366,
              -85.52559740404358
            ],
            [
              -147.2368718655707,
              -85.52559740320706
            ],
            [
              -147.2368718306465,
              -85.52559740202842
            ],
            [
              -147.23687179132835,
              -85.52559740017129
            ],
            [
              -147.23687174550076,
              -85.5255973988262
            ],
            [
              -147.2368716801274,
              -85.52559739867736
            ],
            [
              -147.2368716125476,
              -85.52559739801927
            ],
            [
              -147.23687157114108,
              -85.52559739786268
            ],
            [
              -147.23687153621677,
              -85.52559739668408
            ],
            [
              -147.23687149471974,
              -85.52559739482766
            ],
            [
              -147.23687147076186,
              -85.52559739500539
            ],
            [
              -147.2368714402854,
              -85.5255973955252
            ],
            [
              -147.23687138363624,
              -85.52559739554351
            ],
            [
              -147.23687131609273,
              -85.52559739556537
            ],
            [
              -147.2368712507011,
              -85.52559739507656
            ],
            [
              -147.23687119180065,
              -85.52559739373572
            ],
            [
              -147.2368711132095,
              -85.52559739087135
            ],
            [
              -147.23687105865739,
              -85.52559738935912
            ],
            [
              -147.2368710084815,
              -85.52559738818545
            ],
            [
              -147.23687093433836,
              -85.5255973870195
            ],
            [
              -147.2368708950925,
              -85.52559738652225
            ],
            [
              -147.23687085799833,
              -85.52559738551433
            ],
            [
              -147.2368707881769,
              -85.52559738366706
            ],
            [
              -147.23687074671608,
              -85.52559738249055
            ],
            [
              -147.2368707009427,
              -85.52559738216537
            ],
            [
              -147.2368706420513,
              -85.52559738099451
            ],
            [
              -147.2368705809541,
              -85.52559737931442
            ],
            [
              -147.23687054166305,
              -85.52559737796723
            ],
            [
              -147.2368704958445,
              -85.52559737679212
            ],
            [
              -147.2368704435653,
              -85.52559737704277
            ],
            [
              -147.23687041223923,
              -85.52559737694666
            ],
            [
              -147.2368703713297,
              -85.52559737589748
            ],
            [
              -147.23687034000366,
              -85.52559737580137
            ],
            [
              -147.2368702991564,
              -85.52559737592082
            ],
            [
              -147.23687024880505,
              -85.52559737657458
            ],
            [
              -147.23687018891005,
              -85.52559737701891
            ],
            [
              -147.23687013578999,
              -85.52559737682363
            ],
            [
              -147.23687010308527,
              -85.52559737640924
            ],
            [
              -147.2368700731151,
              -85.52559737620645
            ],
            [
              -147.23687005407302,
              -85.52559737663758
            ],
            [
              -147.2368700296066,
              -85.52559737749542
            ],
            [
              -147.23686997927783,
              -85.52559737857413
            ],
            [
              -147.2368699384078,
              -85.52559737826863
            ],
            [
              -147.23686991794773,
              -85.5255973776378
            ],
            [
              -147.23686990153303,
              -85.52559737626196
            ],
            [
              -147.23686986600327,
              -85.52559737517207
            ],
            [
              -147.23686981296774,
              -85.52559737533443
            ],
            [
              -147.2368697652835,
              -85.52559737492489
            ],
            [
              -147.23686969711056,
              -85.52559737335329
            ],
            [
              -147.2368695824798,
              -85.52559736882196
            ],
            [
              -147.23686949516897,
              -85.52559736587543
            ],
            [
              -147.23686944195853,
              -85.5255973639803
            ],
            [
              -147.23686931635456,
              -85.52559735796511
            ],
            [
              -147.23686928083598,
              -85.52559735585174
            ],
            [
              -147.23686925488343,
              -85.52559735437275
            ],
            [
              -147.23686922211613,
              -85.52559735278973
            ],
            [
              -147.2368691730195,
              -85.52559735142445
            ],
            [
              -147.23686909117833,
              -85.52559734890112
            ],
            [
              -147.23686903109697,
              -85.52559734583953
            ],
            [
              -147.23686885631116,
              -85.52559733686549
            ],
            [
              -147.23686881939668,
              -85.52559733411512
            ],
            [
              -147.23686872788778,
              -85.5255973290451
            ],
            [
              -147.2368684998241,
              -85.52559731690101
            ],
            [
              -147.23686841245112,
              -85.52559731278585
            ],
            [
              -147.2368683018603,
              -85.52559730740325
            ],
            [
              -147.2368682567866,
              -85.52559730486801
            ],
            [
              -147.23686821579818,
              -85.52559730233148
            ],
            [
              -147.23686809552822,
              -85.52559729418972
            ],
            [
              -147.23686799307995,
              -85.52559728827329
            ],
            [
              -147.2368679275007,
              -85.5255972842573
            ],
            [
              -147.2368678919482,
              -85.52559728150649
            ],
            [
              -147.2368678659957,
              -85.5255972800275
            ],
            [
              -147.23686782916593,
              -85.52559727887076
            ],
            [
              -147.2368677937317,
              -85.525597278351
            ],
            [
              -147.23686777327728,
              -85.52559727782642
            ],
            [
              -147.23686775550073,
              -85.52559727645101
            ],
            [
              -147.2368677308479,
              -85.52559727380293
            ],
            [
              -147.23686770073672,
              -85.52559727094415
            ],
            [
              -147.23686767880184,
              -85.52559726818893
            ],
            [
              -147.23686766911123,
              -85.52559726521729
            ],
            [
              -147.23686766212737,
              -85.52559726192604
            ],
            [
              -147.2368676497529,
              -85.52559725969896
            ],
            [
              -147.23686763741813,
              -85.52559725821554
            ],
            [
              -147.23686760053187,
              -85.52559725599639
            ],
            [
              -147.2368675677762,
              -85.52559725462582
            ],
            [
              -147.2368675268725,
              -85.52559725368289
            ],
            [
              -147.23686746556496,
              -85.52559725317151
            ],
            [
              -147.236867441008,
              -85.52559725232952
            ],
            [
              -147.23686742052516,
              -85.52559725127371
            ],
            [
              -147.2368674000309,
              -85.52559725000543
            ],
            [
              -147.2368673644558,
              -85.52559724682969
            ],
            [
              -147.2368671880374,
              -85.52559723275654
            ],
            [
              -147.23686711835032,
              -85.5255972283169
            ],
            [
              -147.23686707046838,
              -85.52559722418893
            ],
            [
              -147.2368670171789,
              -85.52559722080643
            ],
            [
              -147.2368669721562,
              -85.52559721922736
            ],
            [
              -147.23686691074704,
              -85.52559721680365
            ],
            [
              -147.23686686705184,
              -85.5255972145867
            ],
            [
              -147.23686680830414,
              -85.52559721099347
            ],
            [
              -147.23686673591058,
              -85.52559720687343
            ],
            [
              -147.23686670444337,
              -85.52559720412133
            ],
            [
              -147.23686667711186,
              -85.52559720232404
            ],
            [
              -147.23686664163847,
              -85.5255972010606
            ],
            [
              -147.23686658031386,
              -85.52559720023051
            ],
            [
              -147.23686650946254,
              -85.52559719950973
            ],
            [
              -147.23686648356102,
              -85.52559719898689
            ],
            [
              -147.23686644261213,
              -85.52559719719403
            ],
            [
              -147.23686641801015,
              -85.52559719550212
            ],
            [
              -147.23686637426994,
              -85.52559719243524
            ],
            [
              -147.23686633321955,
              -85.52559718873003
            ],
            [
              -147.23686629763853,
              -85.52559718544804
            ],
            [
              -147.23686626209152,
              -85.52559718280348
            ],
            [
              -147.2368662252111,
              -85.52559718069057
            ],
            [
              -147.23686617879252,
              -85.52559717847448
            ],
            [
              -147.23686611866037,
              -85.52559717445673
            ],
            [
              -147.2368659834337,
              -85.5255971667448
            ],
            [
              -147.23686593832628,
              -85.52559716357213
            ],
            [
              -147.23686591097803,
              -85.52559716145613
            ],
            [
              -147.236865886342,
              -85.52559715912678
            ],
            [
              -147.23686585900523,
              -85.52559715722325
            ],
            [
              -147.2368657962229,
              -85.5255971545875
            ],
            [
              -147.23686577299955,
              -85.52559715321387
            ],
            [
              -147.23686573603428,
              -85.52559714950735
            ],
            [
              -147.23686571004222,
              -85.52559714728466
            ],
            [
              -147.23686567162486,
              -85.52559714187872
            ],
            [
              -147.2368656427792,
              -85.5255971372134
            ],
            [
              -147.23686562220053,
              -85.52559713435151
            ],
            [
              -147.23686552910956,
              -85.52559712513855
            ],
            [
              -147.23686545661985,
              -85.52559711921245
            ],
            [
              -147.23686538967905,
              -85.52559711519689
            ],
            [
              -147.23686533902824,
              -85.52559711021989
            ],
            [
              -147.23686525400046,
              -85.52559709898571
            ],
            [
              -147.23686518949506,
              -85.525597089551
            ],
            [
              -147.23686511393186,
              -85.52559707703887
            ],
            [
              -147.23686507685923,
              -85.52559707131378
            ],
            [
              -147.23686504403582,
              -85.52559706866835
            ],
            [
              -147.2368650057937,
              -85.52559706655586
            ],
            [
              -147.23686495392235,
              -85.52559706423531
            ],
            [
              -147.2368649197484,
              -85.5255970618028
            ],
            [
              -147.23686488005404,
              -85.52559705799091
            ],
            [
              -147.23686484167635,
              -85.52559705332867
            ],
            [
              -147.23686481563897,
              -85.52559705025607
            ],
            [
              -147.2368647950545,
              -85.52559704728795
            ],
            [
              -147.23686477589965,
              -85.52559704559425
            ],
            [
              -147.23686476773446,
              -85.52559704570315
            ],
            [
              -147.23686463731022,
              -85.52559705148242
            ],
            [
              -147.23686458142706,
              -85.5255970505443
            ],
            [
              -147.23686454738876,
              -85.52559705066157
            ],
            [
              -147.23686450234334,
              -85.52559704865753
            ],
            [
              -147.23686447639082,
              -85.52559704717855
            ],
            [
              -147.2368644613212,
              -85.52559704548354
            ],
            [
              -147.23686444209838,
              -85.52559704251497
            ],
            [
              -147.23686442014625,
              -85.52559703944105
            ],
            [
              -147.23686439273052,
              -85.52559703605017
            ],
            [
              -147.23686434614834,
              -85.52559703075312
            ],
            [
              -147.23686429410762,
              -85.52559702524536
            ],
            [
              -147.2368642680591,
              -85.52559702196027
            ],
            [
              -147.23686424742925,
              -85.52559701814222
            ],
            [
              -147.2368642310149,
              -85.52559701676637
            ],
            [
              -147.2368642009768,
              -85.52559701528871
            ],
            [
              -147.23686417230655,
              -85.52559701391684
            ],
            [
              -147.23686413399648,
              -85.52559701052947
            ],
            [
              -147.23686410663692,
              -85.52559700820099
            ],
            [
              -147.2368640806731,
              -85.52559700650951
            ],
            [
              -147.23686403285348,
              -85.5255970035502
            ],
            [
              -147.23686400007537,
              -85.52559700175469
            ],
            [
              -147.2368639591487,
              -85.52559700038678
            ],
            [
              -147.23686394138943,
              -85.5255969993301
            ],
            [
              -147.23686392360193,
              -85.52559699774221
            ],
            [
              -147.23686390170076,
              -85.52559699562447
            ],
            [
              -147.23686386341325,
              -85.52559699266207
            ],
            [
              -147.23686381280197,
              -85.52559698842876
            ],
            [
              -147.23686377038428,
              -85.52559698461775
            ],
            [
              -147.23686370342074,
              -85.52559698017724
            ],
            [
              -147.23686365013143,
              -85.52559697679472
            ],
            [
              -147.23686360228885,
              -85.52559697341044
            ],
            [
              -147.23686355855446,
              -85.52559697044981
            ],
            [
              -147.23686350253593,
              -85.52559696696194
            ],
            [
              -147.23686345342784,
              -85.5255969653842
            ],
            [
              -147.23686333080704,
              -85.5255969642552
            ],
            [
              -147.2368632776758,
              -85.52559696384742
            ],
            [
              -147.23686322042516,
              -85.5255969628035
            ],
            [
              -147.2368631726565,
              -85.52559696080034
            ],
            [
              -147.23686313171308,
              -85.52559695911373
            ],
            [
              -147.23686308251465,
              -85.52559695583614
            ],
            [
              -147.23686295948175,
              -85.52559694695158
            ],
            [
              -147.23686285421397,
              -85.52559693922994
            ],
            [
              -147.23686279817835,
              -85.52559693542335
            ],
            [
              -147.2368627517372,
              -85.52559693278232
            ],
            [
              -147.2368627052905,
              -85.52559693003505
            ],
            [
              -147.2368626425026,
              -85.52559692729307
            ],
            [
              -147.2368625729341,
              -85.52559692508447
            ],
            [
              -147.2368624488896,
              -85.52559692278729
            ],
            [
              -147.2368623398583,
              -85.52559692112267
            ],
            [
              -147.23686231255522,
              -85.52559691985661
            ],
            [
              -147.236862289309,
              -85.525596918058
            ],
            [
              -147.2368622701543,
              -85.52559691636432
            ],
            [
              -147.2368622332227,
              -85.52559691329523
            ],
            [
              -147.2368621853579,
              -85.525596909486
            ],
            [
              -147.23686211568773,
              -85.52559690536509
            ],
            [
              -147.2368620515268,
              -85.52559690241105
            ],
            [
              -147.23686199279052,
              -85.52559689903032
            ],
            [
              -147.2368618875902,
              -85.52559689258356
            ],
            [
              -147.2368617237325,
              -85.52559688424344
            ],
            [
              -147.23686160623723,
              -85.52559687705696
            ],
            [
              -147.23686154206501,
              -85.52559687389046
            ],
            [
              -147.23686147383577,
              -85.52559687125647
            ],
            [
              -147.23686142739444,
              -85.52559686861544
            ],
            [
              -147.2368613727152,
              -85.52559686470217
            ],
            [
              -147.23686133306603,
              -85.5255968617402
            ],
            [
              -147.23686129753582,
              -85.52559685941438
            ],
            [
              -147.2368612428679,
              -85.52559685571357
            ],
            [
              -147.23686108988727,
              -85.5255968470512
            ],
            [
              -147.23686105979303,
              -85.52559684451111
            ],
            [
              -147.2368610378525,
              -85.52559684164967
            ],
            [
              -147.23686101032936,
              -85.52559683624021
            ],
            [
              -147.23686098548455,
              -85.52559682997996
            ],
            [
              -147.23686096761216,
              -85.52559682679848
            ],
            [
              -147.23686094713483,
              -85.52559682584891
            ],
            [
              -147.23686091579182,
              -85.52559682543409
            ],
            [
              -147.23686089263626,
              -85.52559682533534
            ],
            [
              -147.2368608776173,
              -85.5255968245965
            ],
            [
              -147.2368608570948,
              -85.52559682279701
            ],
            [
              -147.23686078726104,
              -85.52559681559514
            ],
            [
              -147.23686072425286,
              -85.52559680870976
            ],
            [
              -147.23686070384807,
              -85.52559680516055
            ],
            [
              -147.23686068720866,
              -85.52559680351588
            ],
            [
              -147.23686066804234,
              -85.52559680160971
            ],
            [
              -147.23686066254425,
              -85.52559680065532
            ],
            [
              -147.23686065971359,
              -85.52559679863762
            ],
            [
              -147.2368606636804,
              -85.52559679640525
            ],
            [
              -147.2368606499665,
              -85.52559679460357
            ],
            [
              -147.23686060217508,
              -85.52559679217546
            ],
            [
              -147.23686056394976,
              -85.52559679038171
            ],
            [
              -147.23686052428366,
              -85.52559678710102
            ],
            [
              -147.23686049414422,
              -85.52559678371104
            ],
            [
              -147.23686045298092,
              -85.52559677788102
            ],
            [
              -147.236860432481,
              -85.5255967765065
            ],
            [
              -147.23686031362354,
              -85.52559676932047
            ],
            [
              -147.23686028218438,
              -85.52559676709956
            ],
            [
              -147.23686025888216,
              -85.52559676423856
            ],
            [
              -147.23686024371074,
              -85.52559676063122
            ],
            [
              -147.23686021632875,
              -85.52559675787778
            ],
            [
              -147.23686018214912,
              -85.52559675533902
            ],
            [
              -147.236860115163,
              -85.52559675047354
            ],
            [
              -147.236860042758,
              -85.52559674614103
            ],
            [
              -147.23685997034772,
              -85.52559674170229
            ],
            [
              -147.23685991835782,
              -85.52559673715068
            ],
            [
              -147.23685984037022,
              -85.52559673027017
            ],
            [
              -147.2368597992745,
              -85.52559672571502
            ],
            [
              -147.2368597582525,
              -85.52559672254104
            ],
            [
              -147.23685971861465,
              -85.52559671979157
            ],
            [
              -147.2368596721567,
              -85.5255967168318
            ],
            [
              -147.23685962844473,
              -85.52559671429614
            ],
            [
              -147.23685958742792,
              -85.52559671122837
            ],
            [
              -147.2368595313697,
              -85.52559670699682
            ],
            [
              -147.23685940150546,
              -85.52559669768951
            ],
            [
              -147.23685934142412,
              -85.52559669462792
            ],
            [
              -147.23685931132988,
              -85.52559669208783
            ],
            [
              -147.236859279902,
              -85.5255966900794
            ],
            [
              -147.23685924843466,
              -85.52559668732728
            ],
            [
              -147.23685923745606,
              -85.52559668573721
            ],
            [
              -147.23685923329148,
              -85.52559668425117
            ],
            [
              -147.2368592168545,
              -85.52559668245034
            ],
            [
              -147.2368591991007,
              -85.52559668149992
            ],
            [
              -147.2368591690176,
              -85.52559667917231
            ],
            [
              -147.23685914299745,
              -85.52559667641843
            ],
            [
              -147.23685911288615,
              -85.52559667355965
            ],
            [
              -147.2368590855324,
              -85.52559667133738
            ],
            [
              -147.23685904588888,
              -85.52559666848168
            ],
            [
              -147.23685902399902,
              -85.52559666657639
            ],
            [
              -147.23685899932352,
              -85.52559666350336
            ],
            [
              -147.23685897465376,
              -85.52559666053654
            ],
            [
              -147.2368589321736,
              -85.5255966555569
            ],
            [
              -147.23685886384837,
              -85.52559665111681
            ],
            [
              -147.23685883238682,
              -85.52559664847094
            ],
            [
              -147.2368588186676,
              -85.52559664656302
            ],
            [
              -147.23685880352423,
              -85.52559664348689
            ],
            [
              -147.2368587938846,
              -85.52559664147142
            ],
            [
              -147.23685877609145,
              -85.52559663977729
            ],
            [
              -147.2368587404993,
              -85.52559663628281
            ],
            [
              -147.23685867078413,
              -85.52559663131197
            ],
            [
              -147.23685865298532,
              -85.52559662951161
            ],
            [
              -147.23685863519182,
              -85.5255966278175
            ],
            [
              -147.23685862146678,
              -85.52559662580333
            ],
            [
              -147.2368585941358,
              -85.52559662400606
            ],
            [
              -147.23685857084473,
              -85.52559662135752
            ],
            [
              -147.2368585571534,
              -85.5255966199808
            ],
            [
              -147.23685854199908,
              -85.5255966166922
            ],
            [
              -147.23685852828564,
              -85.52559661489052
            ],
            [
              -147.2368584982084,
              -85.52559661266916
            ],
            [
              -147.2368584695152,
              -85.52559661087231
            ],
            [
              -147.23685844897574,
              -85.52559660875413
            ],
            [
              -147.23685841470027,
              -85.52559660440927
            ],
            [
              -147.23685838450987,
              -85.52559660006311
            ],
            [
              -147.23685836385778,
              -85.52559659582009
            ],
            [
              -147.2368583433127,
              -85.52559659359567
            ],
            [
              -147.23685832416928,
              -85.52559659211445
            ],
            [
              -147.23685829007417,
              -85.5255965911693
            ],
            [
              -147.23685824101113,
              -85.5255965904415
            ],
            [
              -147.2368582096397,
              -85.52559658949545
            ],
            [
              -147.23685818778955,
              -85.52559658833384
            ],
            [
              -147.23685815909073,
              -85.52559658643078
            ],
            [
              -147.23685813173714,
              -85.52559658420851
            ],
            [
              -147.236858105779,
              -85.5255965826233
            ],
            [
              -147.23685808393415,
              -85.52559658156794
            ],
            [
              -147.23685805527518,
              -85.52559658040855
            ],
            [
              -147.2368580279721,
              -85.52559657914247
            ],
            [
              -147.23685800883965,
              -85.52559657787376
            ],
            [
              -147.23685795017667,
              -85.52559657587413
            ],
            [
              -147.23685792155706,
              -85.52559657545841
            ],
            [
              -147.2368578886152,
              -85.52559657589546
            ],
            [
              -147.2368573354721,
              -85.52559654779128
            ],
            [
              -147.23685733539588,
              -85.52559654635704
            ],
            [
              -147.23685733527165,
              -85.52559654401976
            ],
            [
              -147.2368573330989,
              -85.52559654157689
            ],
            [
              -147.23685732618844,
              -85.52559653966675
            ],
            [
              -147.23685731727235,
              -85.52559653844784
            ],
            [
              -147.23685730088025,
              -85.52559653749698
            ],
            [
              -147.23685728587822,
              -85.52559653707686
            ],
            [
              -147.23685725930133,
              -85.52559653666047
            ],
            [
              -147.23685724566698,
              -85.52559653634617
            ],
            [
              -147.23685722996134,
              -85.52559653550132
            ],
            [
              -147.23685722254044,
              -85.52559653466705
            ],
            [
              -147.23685722146442,
              -85.52559653363153
            ],
            [
              -147.23685722245858,
              -85.52559653312656
            ],
            [
              -147.23685722683092,
              -85.52559653211586
            ],
            [
              -147.23685723594235,
              -85.52559653059895
            ],
            [
              -147.23685724166776,
              -85.52559652942844
            ],
            [
              -147.23685724197415,
              -85.52559652879089
            ],
            [
              -147.2368572405715,
              -85.52559652802107
            ],
            [
              -147.23685723782677,
              -85.52559652762356
            ],
            [
              -147.2368572318251,
              -85.52559652743957
            ],
            [
              -147.23685720784917,
              -85.52559652727733
            ],
            [
              -147.23685716535311,
              -85.5255965271211
            ],
            [
              -147.23685713916672,
              -85.52559652636464
            ],
            [
              -147.2368571042017,
              -85.52559652442108
            ],
            [
              -147.2368570866852,
              -85.52559652281187
            ],
            [
              -147.2368570592919,
              -85.52559651984595
            ],
            [
              -147.23685702758164,
              -85.52559651764636
            ],
            [
              -147.23685700355134,
              -85.52559651646422
            ],
            [
              -147.23685696207255,
              -85.52559651494776
            ],
            [
              -147.23685691186023,
              -85.52559651309413
            ],
            [
              -147.23685688018156,
              -85.5255965114895
            ],
            [
              -147.23685683864827,
              -85.52559650895313
            ],
            [
              -147.2368567905383,
              -85.52559650565392
            ],
            [
              -147.2368567522147,
              -85.5255965020116
            ],
            [
              -147.23685670726888,
              -85.52559649675649
            ],
            [
              -147.236856678813,
              -85.5255964943009
            ],
            [
              -147.23685665478754,
              -85.52559649320374
            ],
            [
              -147.2368566165993,
              -85.52559649211118
            ],
            [
              -147.23685656975024,
              -85.52559649204134
            ],
            [
              -147.23685652840248,
              -85.52559649298964
            ],
            [
              -147.23685647724997,
              -85.52559649394114
            ],
            [
              -147.23685644020102,
              -85.52559649378311
            ],
            [
              -147.2368563976732,
              -85.52559649303194
            ],
            [
              -147.23685636930324,
              -85.52559649219117
            ],
            [
              -147.2368563419689,
              -85.52559649033016
            ],
            [
              -147.23685632227333,
              -85.52559648872166
            ],
            [
              -147.23685628828952,
              -85.52559648473793
            ],
            [
              -147.2368562587626,
              -85.52559648262262
            ],
            [
              -147.23685621720685,
              -85.52559647966129
            ],
            [
              -147.23685617785728,
              -85.5255964772092
            ],
            [
              -147.23685615051787,
              -85.52559647526319
            ],
            [
              -147.23685613297016,
              -85.52559647305903
            ],
            [
              -147.23685611323398,
              -85.52559647068558
            ],
            [
              -147.2368560957042,
              -85.52559646882139
            ],
            [
              -147.23685606727997,
              -85.52559646696072
            ],
            [
              -147.23685604433504,
              -85.52559646569324
            ],
            [
              -147.23685600063192,
              -85.52559646332755
            ],
            [
              -147.23685597216735,
              -85.52559646070193
            ],
            [
              -147.23685587677429,
              -85.52559644917363
            ],
            [
              -147.2368558526354,
              -85.52559644595169
            ],
            [
              -147.23685582948687,
              -85.52559644085954
            ],
            [
              -147.2368557998741,
              -85.5255964371294
            ],
            [
              -147.236855751642,
              -85.52559643153539
            ],
            [
              -147.23685571544755,
              -85.52559642695745
            ],
            [
              -147.236855656267,
              -85.52559642034707
            ],
            [
              -147.23685562997676,
              -85.52559641763577
            ],
            [
              -147.23685560375839,
              -85.52559641628434
            ],
            [
              -147.23685558952383,
              -85.52559641492905
            ],
            [
              -147.23685557634704,
              -85.52559641297844
            ],
            [
              -147.23685555756975,
              -85.52559640813989
            ],
            [
              -147.2368555377119,
              -85.52559640347164
            ],
            [
              -147.23685552015021,
              -85.5255964010125
            ],
            [
              -147.23685550480832,
              -85.52559639931758
            ],
            [
              -147.2368554598038,
              -85.52559639295761
            ],
            [
              -147.23685544330004,
              -85.52559638990317
            ],
            [
              -147.23685543441286,
              -85.52559638667628
            ],
            [
              -147.2368554288575,
              -85.52559638463823
            ],
            [
              -147.23685541567608,
              -85.52559638260264
            ],
            [
              -147.23685539037578,
              -85.52559637802116
            ],
            [
              -147.23685535088583,
              -85.52559637293429
            ],
            [
              -147.23685532889013,
              -85.52559636903169
            ],
            [
              -147.236855306867,
              -85.52559636461913
            ],
            [
              -147.23685527713658,
              -85.5255963586792
            ],
            [
              -147.23685526064642,
              -85.52559635587973
            ],
            [
              -147.2368552341754,
              -85.52559634976873
            ],
            [
              -147.23685519241192,
              -85.52559634289774
            ],
            [
              -147.23685515388502,
              -85.52559633543075
            ],
            [
              -147.23685515160244,
              -85.52559633347663
            ],
            [
              -147.23685514694193,
              -85.52559632778355
            ],
            [
              -147.23685513259895,
              -85.52559632438843
            ],
            [
              -147.23685509745326,
              -85.52559631904519
            ],
            [
              -147.23685506445025,
              -85.52559631302131
            ],
            [
              -147.23685503580495,
              -85.52559630699601
            ],
            [
              -147.23685503128013,
              -85.52559630385271
            ],
            [
              -147.2368550376721,
              -85.52559630113083
            ],
            [
              -147.23685504299704,
              -85.52559629883427
            ],
            [
              -147.23685503859852,
              -85.52559629807075
            ],
            [
              -147.23685502983398,
              -85.52559629713865
            ],
            [
              -147.23685501021538,
              -85.52559629697502
            ],
            [
              -147.23685496008454,
              -85.52559629665126
            ],
            [
              -147.23685494589063,
              -85.5255962960609
            ],
            [
              -147.2368549316877,
              -85.52559629530055
            ],
            [
              -147.23685491636806,
              -85.52559629403059
            ],
            [
              -147.23685490648214,
              -85.5255962925039
            ],
            [
              -147.236854888862,
              -85.52559628893985
            ],
            [
              -147.23685486460116,
              -85.52559628342311
            ],
            [
              -147.23685482618723,
              -85.52559627808093
            ],
            [
              -147.23685480202604,
              -85.525596274434
            ],
            [
              -147.23685479755108,
              -85.52559627222561
            ],
            [
              -147.23685479858614,
              -85.52559627120536
            ],
            [
              -147.23685480721565,
              -85.52559626958768
            ],
            [
              -147.23685480383446,
              -85.52559626746392
            ],
            [
              -147.23685479287252,
              -85.52559626619255
            ],
            [
              -147.2368547797272,
              -85.52559626483692
            ],
            [
              -147.2368547632733,
              -85.52559626271739
            ],
            [
              -147.23685475331058,
              -85.52559625974583
            ],
            [
              -147.23685474417513,
              -85.52559625184435
            ],
            [
              -147.23685473509414,
              -85.52559624496278
            ],
            [
              -147.2368547325447,
              -85.52559623799411
            ],
            [
              -147.23685473122507,
              -85.52559623365987
            ],
            [
              -147.23685473540627,
              -85.52559623034375
            ],
            [
              -147.23685474729498,
              -85.52559622855503
            ],
            [
              -147.2368547602775,
              -85.52559622685095
            ],
            [
              -147.23685476453144,
              -85.52559622489473
            ],
            [
              -147.23685476336507,
              -85.52559622345021
            ],
            [
              -147.2368547567971,
              -85.52559622285737
            ],
            [
              -147.23685473933477,
              -85.52559622226806
            ],
            [
              -147.23685471751057,
              -85.52559622159518
            ],
            [
              -147.23685470984395,
              -85.52559622083271
            ],
            [
              -147.23685470977622,
              -85.52559621955781
            ],
            [
              -147.23685471078883,
              -85.5255962181126
            ],
            [
              -147.23685471828827,
              -85.52559621573036
            ],
            [
              -147.23685472028205,
              -85.52559621224493
            ],
            [
              -147.23685470705527,
              -85.52559620935943
            ],
            [
              -147.23685468842254,
              -85.52559620724062
            ],
            [
              -147.23685466440125,
              -85.52559620622847
            ],
            [
              -147.23685463054846,
              -85.52559620470953
            ],
            [
              -147.23685461411665,
              -85.52559620301496
            ],
            [
              -147.23685459763115,
              -85.5255962003005
            ],
            [
              -147.23685458316166,
              -85.5255961945256
            ],
            [
              -147.23685458289512,
              -85.52559618951105
            ],
            [
              -147.23685457614178,
              -85.52559618543353
            ],
            [
              -147.23685455857586,
              -85.52559618288939
            ],
            [
              -147.23685455303377,
              -85.52559618110632
            ],
            [
              -147.23685455402395,
              -85.52559617923613
            ],
            [
              -147.23685456264428,
              -85.52559617744848
            ],
            [
              -147.2368545820594,
              -85.52559617378745
            ],
            [
              -147.23685457533315,
              -85.52559617021988
            ],
            [
              -147.23685456107614,
              -85.52559616843963
            ],
            [
              -147.2368545523156,
              -85.52559616759252
            ],
            [
              -147.23685453703231,
              -85.52559616700252
            ],
            [
              -147.23685451743196,
              -85.52559616717883
            ],
            [
              -147.23685448367817,
              -85.52559616752974
            ],
            [
              -147.23685433343,
              -85.52559616927823
            ],
            [
              -147.23685431165967,
              -85.52559616962526
            ],
            [
              -147.2368542888321,
              -85.52559617056757
            ],
            [
              -147.23685424854648,
              -85.52559617100556
            ],
            [
              -147.2368542050199,
              -85.52559617195456
            ],
            [
              -147.23685417778458,
              -85.52559617196337
            ],
            [
              -147.23685413635098,
              -85.52559617129684
            ],
            [
              -147.2368540959973,
              -85.52559617045995
            ],
            [
              -147.2368540403971,
              -85.525596169713
            ],
            [
              -147.23685397826907,
              -85.52559616913814
            ],
            [
              -147.23685392593194,
              -85.52559616830511
            ],
            [
              -147.23685388558326,
              -85.52559616755323
            ],
            [
              -147.23685387464425,
              -85.52559616670685
            ],
            [
              -147.23685385380992,
              -85.52559616416376
            ],
            [
              -147.23685382322518,
              -85.52559616264377
            ],
            [
              -147.23685379594002,
              -85.52559616171766
            ],
            [
              -147.2368537696949,
              -85.52559615985626
            ],
            [
              -147.23685373138017,
              -85.52559615638393
            ],
            [
              -147.236853694101,
              -85.52559615189132
            ],
            [
              -147.2368536370677,
              -85.52559614468528
            ],
            [
              -147.23685361186682,
              -85.52559614197364
            ],
            [
              -147.2368535889077,
              -85.52559614045117
            ],
            [
              -147.23685356704303,
              -85.52559613901336
            ],
            [
              -147.23685343988535,
              -85.52559612426556
            ],
            [
              -147.23685341467512,
              -85.52559612138393
            ],
            [
              -147.2368534069364,
              -85.52559611926158
            ],
            [
              -147.2368534078182,
              -85.52559611535158
            ],
            [
              -147.2368534054407,
              -85.52559611161263
            ],
            [
              -147.23685339558176,
              -85.52559611059587
            ],
            [
              -147.23685336282722,
              -85.52559610924658
            ],
            [
              -147.23685334096655,
              -85.52559610789375
            ],
            [
              -147.23685332995507,
              -85.52559610568748
            ],
            [
              -147.23685331556257,
              -85.52559610135745
            ],
            [
              -147.2368533088181,
              -85.5255960974499
            ],
            [
              -147.23685328339135,
              -85.52559609048863
            ],
            [
              -147.23685326677466,
              -85.52559608530939
            ],
            [
              -147.2368532414065,
              -85.52559607945302
            ],
            [
              -147.2368532084351,
              -85.52559607402408
            ],
            [
              -147.23685318314824,
              -85.52559606969757
            ],
            [
              -147.23685314674162,
              -85.52559606112497
            ],
            [
              -147.23685312345742,
              -85.52559605348307
            ],
            [
              -147.23685311216585,
              -85.52559604600727
            ],
            [
              -147.23685310518212,
              -85.52559603759511
            ],
            [
              -147.2368531015978,
              -85.52559603164671
            ],
            [
              -147.23685309262495,
              -85.52559602680496
            ],
            [
              -147.23685307594502,
              -85.52559602043581
            ],
            [
              -147.23685306689538,
              -85.5255960141492
            ],
            [
              -147.23685306315295,
              -85.52559600522606
            ],
            [
              -147.23685306278253,
              -85.5255959982567
            ],
            [
              -147.2368530636914,
              -85.52559599485663
            ],
            [
              -147.23685307438652,
              -85.52559599111345
            ],
            [
              -147.23685307205423,
              -85.52559598822442
            ],
            [
              -147.23685306424323,
              -85.5255959847422
            ],
            [
              -147.2368530663088,
              -85.52559598261668
            ],
            [
              -147.23685307159346,
              -85.52559597955519
            ],
            [
              -147.23685306360179,
              -85.52559597267327
            ],
            [
              -147.23685306014832,
              -85.52559596918965
            ],
            [
              -147.23685306326763,
              -85.52559596638385
            ],
            [
              -147.2368530706495,
              -85.52559596179178
            ],
            [
              -147.23685307775105,
              -85.52559595193021
            ],
            [
              -147.2368530772451,
              -85.52559594241106
            ],
            [
              -147.23685308251166,
              -85.5255959390096
            ],
            [
              -147.23685308999754,
              -85.52559593637237
            ],
            [
              -147.23685310429374,
              -85.52559593235438
            ],
            [
              -147.23685311472846,
              -85.5255959302448
            ],
            [
              -147.23685312547806,
              -85.52559592752154
            ],
            [
              -147.23685313401725,
              -85.52559592420401
            ],
            [
              -147.23685314586064,
              -85.52559592156537
            ],
            [
              -147.23685316412315,
              -85.5255959167148
            ],
            [
              -147.2368531607374,
              -85.52559591450606
            ],
            [
              -147.23685315414232,
              -85.52559591340328
            ],
            [
              -147.23685313667113,
              -85.525595912644
            ],
            [
              -147.23685312249512,
              -85.52559591239358
            ],
            [
              -147.23685308873718,
              -85.5255959126595
            ],
            [
              -147.23685304192412,
              -85.5255959132696
            ],
            [
              -147.23685300922833,
              -85.52559591302517
            ],
            [
              -147.23685298632373,
              -85.52559591252263
            ],
            [
              -147.23685295795818,
              -85.52559591176686
            ],
            [
              -147.23685293725939,
              -85.52559591177356
            ],
            [
              -147.23685292092728,
              -85.52559591194884
            ],
            [
              -147.23685290785446,
              -85.52559591195308
            ],
            [
              -147.23685288931654,
              -85.52559591161908
            ],
            [
              -147.23685287948018,
              -85.52559591102731
            ],
            [
              -147.23685287182263,
              -85.52559591043483
            ],
            [
              -147.23685284778796,
              -85.52559590916769
            ],
            [
              -147.23685281395288,
              -85.52559590798873
            ],
            [
              -147.23685278344044,
              -85.5255959078286
            ],
            [
              -147.23685276382204,
              -85.52559590766498
            ],
            [
              -147.23685274310066,
              -85.52559590724672
            ],
            [
              -147.23685272889753,
              -85.52559590648634
            ],
            [
              -147.23685271140843,
              -85.52559590538709
            ],
            [
              -147.23685268629325,
              -85.5255959042903
            ],
            [
              -147.23685266774615,
              -85.52559590378632
            ],
            [
              -147.23685265676644,
              -85.525595902175
            ],
            [
              -147.2368526522912,
              -85.5255958999666
            ],
            [
              -147.23685264891012,
              -85.52559589784285
            ],
            [
              -147.23685264871588,
              -85.52559589418819
            ],
            [
              -147.2368526453481,
              -85.52559589231942
            ],
            [
              -147.23685263756872,
              -85.52559588943213
            ],
            [
              -147.23685262763328,
              -85.52559588697054
            ],
            [
              -147.2368526285959,
              -85.52559588459039
            ],
            [
              -147.23685263499235,
              -85.5255958819535
            ],
            [
              -147.2368526348252,
              -85.5255958788088
            ],
            [
              -147.2368526282164,
              -85.52559587745102
            ],
            [
              -147.23685261507578,
              -85.52559587618038
            ],
            [
              -147.23685259868498,
              -85.52559587525073
            ],
            [
              -147.23685257690144,
              -85.52559587534277
            ],
            [
              -147.23685254859492,
              -85.52559587569192
            ],
            [
              -147.2368524821318,
              -85.52559587554342
            ],
            [
              -147.23685245264556,
              -85.52559587419307
            ],
            [
              -147.23685242639993,
              -85.52559587233169
            ],
            [
              -147.2368523859611,
              -85.52559586987995
            ],
            [
              -147.23685234555788,
              -85.52559586810816
            ],
            [
              -147.23685230958029,
              -85.52559586760982
            ],
            [
              -147.2368522725631,
              -85.52559586804676
            ],
            [
              -147.2368522399078,
              -85.5255958685673
            ],
            [
              -147.23685218770217,
              -85.52559587019908
            ],
            [
              -147.2368521268533,
              -85.52559587319355
            ],
            [
              -147.2368520997174,
              -85.52559587507218
            ],
            [
              -147.23685208028417,
              -85.52559587839323
            ],
            [
              -147.23685206954042,
              -85.52559588129083
            ],
            [
              -147.2368520501917,
              -85.52559588613741
            ],
            [
              -147.23685203727257,
              -85.52559588903138
            ],
            [
              -147.23685201665054,
              -85.52559589048295
            ],
            [
              -147.23685198080383,
              -85.52559589244939
            ],
            [
              -147.23685195471228,
              -85.52559589347777
            ],
            [
              -147.2368519405771,
              -85.52559589399229
            ],
            [
              -147.23685191885195,
              -85.52559589518924
            ],
            [
              -147.23685189504772,
              -85.52559589825671
            ],
            [
              -147.23685188527907,
              -85.52559589893984
            ],
            [
              -147.23685186354976,
              -85.52559590005178
            ],
            [
              -147.23685183642286,
              -85.5255959021004
            ],
            [
              -147.2368518201766,
              -85.52559590389053
            ],
            [
              -147.23685179848323,
              -85.52559590568242
            ],
            [
              -147.23685173871928,
              -85.52559590859154
            ],
            [
              -147.2368516876029,
              -85.52559591022296
            ],
            [
              -147.2368516516706,
              -85.52559591057455
            ],
            [
              -147.2368516287659,
              -85.52559591007201
            ],
            [
              -147.2368515905912,
              -85.52559590923443
            ],
            [
              -147.23685153504036,
              -85.52559590942236
            ],
            [
              -147.2368514195631,
              -85.52559590945974
            ],
            [
              -147.23685133347718,
              -85.52559590906262
            ],
            [
              -147.23685123755007,
              -85.52559590798873
            ],
            [
              -147.23685116127365,
              -85.52559590767342
            ],
            [
              -147.2368511121824,
              -85.52559590641441
            ],
            [
              -147.2368510750566,
              -85.52559590481152
            ],
            [
              -147.23685104448094,
              -85.52559590346152
            ],
            [
              -147.2368510040327,
              -85.52559590083979
            ],
            [
              -147.2368509329501,
              -85.52559589576315
            ],
            [
              -147.23685087071834,
              -85.52559589323347
            ],
            [
              -147.23685082710574,
              -85.52559589256764
            ],
            [
              -147.23685078790956,
              -85.52559589300527
            ],
            [
              -147.23685071937618,
              -85.52559589489731
            ],
            [
              -147.23685069976682,
              -85.52559589490366
            ],
            [
              -147.23685067686225,
              -85.5255958944011
            ],
            [
              -147.23685065393025,
              -85.5255958933886
            ],
            [
              -147.23685063207006,
              -85.52559589203578
            ],
            [
              -147.23685062549274,
              -85.52559589127296
            ],
            [
              -147.236850617745,
              -85.52559588898063
            ],
            [
              -147.23685060676027,
              -85.5255958872843
            ],
            [
              -147.2368505848911,
              -85.52559588576149
            ],
            [
              -147.23685055107873,
              -85.52559588500748
            ],
            [
              -147.23685051402964,
              -85.52559588484948
            ],
            [
              -147.23685049002208,
              -85.5255958840923
            ],
            [
              -147.2368504834133,
              -85.52559588273452
            ],
            [
              -147.2368504789743,
              -85.52559588120609
            ],
            [
              -147.23685047237439,
              -85.52559588001832
            ],
            [
              -147.23685045380054,
              -85.52559587900437
            ],
            [
              -147.23685043088207,
              -85.52559587824685
            ],
            [
              -147.23685040145472,
              -85.5255958780014
            ],
            [
              -147.23685039056954,
              -85.5255958781749
            ],
            [
              -147.236850361187,
              -85.52559587877936
            ],
            [
              -147.23685034153732,
              -85.52559587802078
            ],
            [
              -147.2368503349645,
              -85.52559587734295
            ],
            [
              -147.23685031963163,
              -85.52559587581803
            ],
            [
              -147.23685030205638,
              -85.5255958731039
            ],
            [
              -147.236850287736,
              -85.52559587013376
            ],
            [
              -147.23685026675696,
              -85.52559586487092
            ],
            [
              -147.2368502502669,
              -85.52559586207146
            ],
            [
              -147.23685021961427,
              -85.52559585927658
            ],
            [
              -147.23685019120387,
              -85.52559585767088
            ],
            [
              -147.23685016494957,
              -85.52559585563952
            ],
            [
              -147.23685014302131,
              -85.52559585301181
            ],
            [
              -147.23685011553334,
              -85.52559584826105
            ],
            [
              -147.2368500979897,
              -85.52559584614188
            ],
            [
              -147.23685007602984,
              -85.5255958429192
            ],
            [
              -147.23685005619473,
              -85.52559583867593
            ],
            [
              -147.23685004943687,
              -85.52559583451342
            ],
            [
              -147.2368500503725,
              -85.52559583162333
            ],
            [
              -147.23685005662895,
              -85.52559582635169
            ],
            [
              -147.2368500617555,
              -85.52559582031547
            ],
            [
              -147.23685006920974,
              -85.5255958170833
            ],
            [
              -147.23685008753515,
              -85.52559581342263
            ],
            [
              -147.23685011996926,
              -85.52559580873749
            ],
            [
              -147.23685011880738,
              -85.52559580737795
            ],
            [
              -147.23685011331983,
              -85.52559580661479
            ],
            [
              -147.23685010129992,
              -85.5255958059387
            ],
            [
              -147.23685008932114,
              -85.5255958060276
            ],
            [
              -147.23685007953895,
              -85.52559580645571
            ],
            [
              -147.2368500425984,
              -85.52559580833756
            ],
            [
              -147.23685002085085,
              -85.5255958091095
            ],
            [
              -147.23685001212195,
              -85.52559580885736
            ],
            [
              -147.2368500055493,
              -85.52559580817953
            ],
            [
              -147.23684999894988,
              -85.52559580699176
            ],
            [
              -147.2368499868309,
              -85.52559580444586
            ],
            [
              -147.23684997133057,
              -85.52559579977621
            ],
            [
              -147.2368499646632,
              -85.52559579731354
            ],
            [
              -147.23684995260732,
              -85.52559579595754
            ],
            [
              -147.23684992533154,
              -85.52559579520141
            ],
            [
              -147.23684991116923,
              -85.525595795206
            ],
            [
              -147.2368498959309,
              -85.52559579546592
            ],
            [
              -147.23684988290773,
              -85.52559579640506
            ],
            [
              -147.23684987318444,
              -85.5255957979381
            ],
            [
              -147.2368498634384,
              -85.52559579904617
            ],
            [
              -147.23684984496379,
              -85.52559579990209
            ],
            [
              -147.23684982971642,
              -85.52559579999202
            ],
            [
              -147.23684981556318,
              -85.52559580016657
            ],
            [
              -147.23684980690672,
              -85.52559580127429
            ],
            [
              -147.23684980807278,
              -85.52559580271881
            ],
            [
              -147.2368498103647,
              -85.52559580484291
            ],
            [
              -147.23684982025063,
              -85.52559580636961
            ],
            [
              -147.2368498575298,
              -85.52559581086223
            ],
            [
              -147.23684986964892,
              -85.52559581319854
            ],
            [
              -147.23684985201476,
              -85.52559582141737
            ],
            [
              -147.23684983470892,
              -85.52559582676184
            ],
            [
              -147.23684982578789,
              -85.52559582821195
            ],
            [
              -147.23684980202341,
              -85.52559583238363
            ],
            [
              -147.2368497803754,
              -85.52559583502543
            ],
            [
              -147.23684976083814,
              -85.52559583639166
            ],
            [
              -147.23684973254066,
              -85.52559583691078
            ],
            [
              -147.23684966501523,
              -85.52559583727259
            ],
            [
              -147.23684962798885,
              -85.52559583753956
            ],
            [
              -147.23684958336818,
              -85.52559583840392
            ],
            [
              -147.23684955512041,
              -85.52559583985796
            ],
            [
              -147.23684954645944,
              -85.5255958408807
            ],
            [
              -147.23684952362697,
              -85.52559584173802
            ],
            [
              -147.23684944302886,
              -85.52559584210407
            ],
            [
              -147.2368494190797,
              -85.52559584245179
            ],
            [
              -147.23684940490853,
              -85.52559584228638
            ],
            [
              -147.23684938744188,
              -85.52559584161207
            ],
            [
              -147.23684936884948,
              -85.52559584025818
            ],
            [
              -147.2368493458997,
              -85.52559583890572
            ],
            [
              -147.23684931857872,
              -85.52559583729968
            ],
            [
              -147.2368492814483,
              -85.52559583561181
            ],
            [
              -147.23684924545714,
              -85.5255958348585
            ],
            [
              -147.23684921162206,
              -85.52559583367953
            ],
            [
              -147.23684907715756,
              -85.52559582792998
            ],
            [
              -147.23684897359246,
              -85.52559582362103
            ],
            [
              -147.23684891079324,
              -85.52559582066657
            ],
            [
              -147.2368488302404,
              -85.52559581676164
            ],
            [
              -147.2368487701139,
              -85.52559581285013
            ],
            [
              -147.236848729035,
              -85.52559580861373
            ],
            [
              -147.2368486974379,
              -85.52559580341808
            ],
            [
              -147.23684867824917,
              -85.52559580108694
            ],
            [
              -147.23684864553286,
              -85.52559580046008
            ],
            [
              -147.23684862784685,
              -85.52559580078452
            ],
            [
              -147.2368486170206,
              -85.52559580206294
            ],
            [
              -147.2368486022333,
              -85.52559580567997
            ],
            [
              -147.23684857637676,
              -85.52559580600706
            ],
            [
              -147.2368485545603,
              -85.5255958054829
            ],
            [
              -147.23684854089177,
              -85.52559580453114
            ],
            [
              -147.2368485284836,
              -85.5255958016666
            ],
            [
              -147.23684850653163,
              -85.5255957985927
            ],
            [
              -147.23684848179383,
              -85.52559579435099
            ],
            [
              -147.2368484434783,
              -85.5255957908574
            ],
            [
              -147.23684838742577,
              -85.52559578673208
            ],
            [
              -147.2368483423184,
              -85.5255957835594
            ],
            [
              -147.23684828368366,
              -85.52559578209097
            ],
            [
              -147.23684820747562,
              -85.52559578307181
            ],
            [
              -147.23684803986325,
              -85.52559578094807
            ],
            [
              -147.23684801519917,
              -85.52559577808749
            ],
            [
              -147.23684797417124,
              -85.52559577480726
            ],
            [
              -147.23684791269983,
              -85.52559577121491
            ],
            [
              -147.23684786488602,
              -85.52559576836184
            ],
            [
              -147.236847851161,
              -85.52559576634768
            ],
            [
              -147.23684783468434,
              -85.5255957638032
            ],
            [
              -147.2368478086812,
              -85.52559576136801
            ],
            [
              -147.23684777584052,
              -85.52559575840385
            ],
            [
              -147.23684774439042,
              -85.52559575597047
            ],
            [
              -147.23684770067845,
              -85.52559575343479
            ],
            [
              -147.23684766782085,
              -85.52559575015191
            ],
            [
              -147.23684765267782,
              -85.52559574707577
            ],
            [
              -147.23684764293074,
              -85.52559574304173
            ],
            [
              -147.23684764675076,
              -85.5255957380471
            ],
            [
              -147.23684764521965,
              -85.52559573486032
            ],
            [
              -147.23684759721354,
              -85.52559572839507
            ],
            [
              -147.23684756293244,
              -85.52559572394398
            ],
            [
              -147.23684750402666,
              -85.52559571737602
            ],
            [
              -147.23684748478695,
              -85.52559571408874
            ],
            [
              -147.23684746282365,
              -85.52559571080234
            ],
            [
              -147.23684743675258,
              -85.52559570709228
            ],
            [
              -147.23684737521938,
              -85.52559570233127
            ],
            [
              -147.23684736013814,
              -85.52559570042379
            ],
            [
              -147.23684735461217,
              -85.5255956989382
            ],
            [
              -147.23684734613659,
              -85.52559569320385
            ],
            [
              -147.23684733781366,
              -85.52559569033801
            ],
            [
              -147.2368473103299,
              -85.52559568567222
            ],
            [
              -147.23684723893652,
              -85.52559567475235
            ],
            [
              -147.23684718817313,
              -85.52559566765055
            ],
            [
              -147.23684716201737,
              -85.5255956623469
            ],
            [
              -147.236847146784,
              -85.52559565757092
            ],
            [
              -147.23684711390396,
              -85.52559565386308
            ],
            [
              -147.2368470604001,
              -85.52559564644342
            ],
            [
              -147.236847023288,
              -85.52559563997464
            ],
            [
              -147.23684699161186,
              -85.52559563329163
            ],
            [
              -147.23684696808928,
              -85.52559562628724
            ],
            [
              -147.23684690330143,
              -85.52559561154052
            ],
            [
              -147.236846868975,
              -85.52559560623952
            ],
            [
              -147.23684682646694,
              -85.52559560072866
            ],
            [
              -147.23684679220264,
              -85.5255955965963
            ],
            [
              -147.2368467660299,
              -85.52559559097392
            ],
            [
              -147.23684667638602,
              -85.52559556975446
            ],
            [
              -147.23684655799298,
              -85.52559554567577
            ],
            [
              -147.23684648075726,
              -85.52559552732082
            ],
            [
              -147.23684645333014,
              -85.52559552371744
            ],
            [
              -147.23684643416962,
              -85.52559552191754
            ],
            [
              -147.2368463983626,
              -85.52559551438591
            ],
            [
              -147.23684639692203,
              -85.52559551289899
            ],
            [
              -147.2368463709582,
              -85.52559551120753
            ],
            [
              -147.23684633823663,
              -85.5255955104744
            ],
            [
              -147.23684629873398,
              -85.5255955102747
            ],
            [
              -147.23684626736258,
              -85.52559550932867
            ],
            [
              -147.23684624542207,
              -85.52559550646721
            ],
            [
              -147.23684623985076,
              -85.52559550413169
            ],
            [
              -147.23684622880975,
              -85.52559550137296
            ],
            [
              -147.23684621101094,
              -85.5255954995726
            ],
            [
              -147.23684619456253,
              -85.52559549755932
            ],
            [
              -147.23684619171493,
              -85.5255954952229
            ],
            [
              -147.2368461916078,
              -85.52559549320434
            ],
            [
              -147.23684620370526,
              -85.52559549022564
            ],
            [
              -147.2368462185153,
              -85.52559548703358
            ],
            [
              -147.23684622386057,
              -85.5255954851195
            ],
            [
              -147.23684622235785,
              -85.52559548246393
            ],
            [
              -147.2368462085877,
              -85.52559547959983
            ],
            [
              -147.23684619073256,
              -85.52559547673707
            ],
            [
              -147.23684617970852,
              -85.52559547429706
            ],
            [
              -147.2368461740975,
              -85.52559547121784
            ],
            [
              -147.23684616440175,
              -85.52559546813997
            ],
            [
              -147.2368461507048,
              -85.525595466657
            ],
            [
              -147.23684614109905,
              -85.52559546527895
            ],
            [
              -147.23684612870764,
              -85.52559546273314
            ],
            [
              -147.23684612039037,
              -85.52559545997353
            ],
            [
              -147.23684612152056,
              -85.52559545561724
            ],
            [
              -147.2368461145593,
              -85.52559545275093
            ],
            [
              -147.2368460953028,
              -85.52559544914494
            ],
            [
              -147.23684608429005,
              -85.52559544691741
            ],
            [
              -147.2368460704127,
              -85.52559544203476
            ],
            [
              -147.2368460537439,
              -85.5255954358781
            ],
            [
              -147.23684603844276,
              -85.52559542982723
            ],
            [
              -147.23684601372227,
              -85.52559542590426
            ],
            [
              -147.2368459848936,
              -85.52559542155765
            ],
            [
              -147.23684596977316,
              -85.52559541890649
            ],
            [
              -147.23684596969974,
              -85.52559541752537
            ],
            [
              -147.23684596820254,
              -85.52559541497602
            ],
            [
              -147.2368459653154,
              -85.52559541189594
            ],
            [
              -147.23684596510083,
              -85.5255954078588
            ],
            [
              -147.23684596083476,
              -85.52559540446042
            ],
            [
              -147.23684593304623,
              -85.52559539405766
            ],
            [
              -147.23684591789174,
              -85.52559539076906
            ],
            [
              -147.23684591363696,
              -85.52559538758315
            ],
            [
              -147.23684590796978,
              -85.52559538344155
            ],
            [
              -147.2368458955671,
              -85.52559538068326
            ],
            [
              -147.2368458708972,
              -85.52559537771646
            ],
            [
              -147.2368458462162,
              -85.52559537453716
            ],
            [
              -147.23684582831015,
              -85.52559537071824
            ],
            [
              -147.23684582808426,
              -85.52559536646862
            ],
            [
              -147.23684583190976,
              -85.52559536158023
            ],
            [
              -147.23684585069773,
              -85.52559535636829
            ],
            [
              -147.23684585330832,
              -85.5255953542426
            ],
            [
              -147.23684584773687,
              -85.52559535190707
            ],
            [
              -147.23684583126604,
              -85.52559534946883
            ],
            [
              -147.2368458174676,
              -85.52559534607353
            ],
            [
              -147.2368458105349,
              -85.52559534373844
            ],
            [
              -147.23684581041636,
              -85.5255953415074
            ],
            [
              -147.2368458129645,
              -85.52559533821307
            ],
            [
              -147.2368458141402,
              -85.52559533470668
            ],
            [
              -147.2368458192935,
              -85.52559532918042
            ],
            [
              -147.23684580301588,
              -85.52559532535149
            ],
            [
              -147.23684577842076,
              -85.52559532058564
            ],
            [
              -147.23684576091438,
              -85.52559531477371
            ],
            [
              -147.2368457574978,
              -85.5255953059619
            ],
            [
              -147.2368457461421,
              -85.52559529560814
            ],
            [
              -147.2368457214719,
              -85.5255952823985
            ],
            [
              -147.23684567464827,
              -85.52559526585779
            ],
            [
              -147.2368456432858,
              -85.52559526101629
            ],
            [
              -147.23684558106424,
              -85.52559525304908
            ],
            [
              -147.23684556922927,
              -85.52559524956538
            ],
            [
              -147.23684555260974,
              -85.52559523547806
            ],
            [
              -147.2368455543027,
              -85.52559522976026
            ],
            [
              -147.23684558113504,
              -85.52559522485609
            ],
            [
              -147.23684558254868,
              -85.52559522118413
            ],
            [
              -147.2368455597236,
              -85.5255952171026
            ],
            [
              -147.23684552423893,
              -85.52559520391974
            ],
            [
              -147.23684549370353,
              -85.5255951990764
            ],
            [
              -147.2368454909837,
              -85.52559519549267
            ],
            [
              -147.23684550703433,
              -85.52559519069256
            ],
            [
              -147.23684549962647,
              -85.52559518813482
            ],
            [
              -147.23684546184185,
              -85.52559518408965
            ],
            [
              -147.23684544467125,
              -85.52559517944825
            ],
            [
              -147.2368454412869,
              -85.52559517079276
            ],
            [
              -147.23684546042642,
              -85.52559516801453
            ],
            [
              -147.23684545369906,
              -85.52559516208945
            ],
            [
              -147.2368454231874,
              -85.52559515451443
            ],
            [
              -147.23684539960948,
              -85.52559513100033
            ],
            [
              -147.23684538938448,
              -85.5255951273568
            ],
            [
              -147.23684539192624,
              -85.52559512188712
            ],
            [
              -147.23684537267545,
              -85.52559511865572
            ],
            [
              -147.23684532692252,
              -85.525595115801
            ],
            [
              -147.2368452911646,
              -85.52559511300011
            ],
            [
              -147.23684528144614,
              -85.52559511107248
            ],
            [
              -147.2368452842403,
              -85.52559510927055
            ],
            [
              -147.23684529555172,
              -85.52559510815036
            ],
            [
              -147.2368453354188,
              -85.52559510797535
            ],
            [
              -147.2368453984854,
              -85.52559511312947
            ],
            [
              -147.23684541192048,
              -85.52559511356513
            ],
            [
              -147.23684543018103,
              -85.52559511344269
            ],
            [
              -147.23684544149262,
              -85.52559511232246
            ],
            [
              -147.2368454436163,
              -85.52559511106847
            ],
            [
              -147.2368453797246,
              -85.52559509723373
            ],
            [
              -147.23684537351494,
              -85.52559509311217
            ],
            [
              -147.23684538150215,
              -85.52559508638038
            ],
            [
              -147.23684537947102,
              -85.5255950823267
            ],
            [
              -147.23684533722457,
              -85.52559507165863
            ],
            [
              -147.23684531762436,
              -85.52559506444769
            ],
            [
              -147.23684532261163,
              -85.52559504741092
            ],
            [
              -147.23684534238714,
              -85.52559503276733
            ],
            [
              -147.2368453673119,
              -85.52559502427715
            ],
            [
              -147.23684537111671,
              -85.52559501747746
            ],
            [
              -147.23684535287,
              -85.52559500643882
            ],
            [
              -147.23684535539473,
              -85.52559499253971
            ],
            [
              -147.23684534529644,
              -85.52559498374477
            ],
            [
              -147.2368453126934,
              -85.52559497710754
            ],
            [
              -147.23684531277434,
              -85.52559496899008
            ],
            [
              -147.23684530727763,
              -85.52559496728648
            ],
            [
              -147.23684528125656,
              -85.52559496368181
            ],
            [
              -147.2368452617814,
              -85.52559495412933
            ],
            [
              -147.23684519405987,
              -85.52559494453897
            ],
            [
              -147.2368451829957,
              -85.52559494089776
            ],
            [
              -147.23684517934151,
              -85.52559493700433
            ],
            [
              -147.23684518831547,
              -85.52559493362627
            ],
            [
              -147.23684522066884,
              -85.52559492777134
            ],
            [
              -147.23684522159377,
              -85.52559492205424
            ],
            [
              -147.2368452039048,
              -85.5255949185073
            ],
            [
              -147.23684520524057,
              -85.52559491741134
            ],
            [
              -147.2368452250868,
              -85.5255949142408
            ],
            [
              -147.23684523127076,
              -85.52559491266464
            ],
            [
              -147.23684520647328,
              -85.52559491038396
            ],
            [
              -147.23684519845926,
              -85.52559490860848
            ],
            [
              -147.23684521437622,
              -85.52559490341827
            ],
            [
              -147.23684521201767,
              -85.52559490108254
            ],
            [
              -147.23684517561244,
              -85.52559489055722
            ],
            [
              -147.2368451209475,
              -85.52559488015483
            ],
            [
              -147.2368450384228,
              -85.52559485692841
            ],
            [
              -147.23684502446628,
              -85.52559485196764
            ],
            [
              -147.23684502390734,
              -85.52559485009589
            ],
            [
              -147.2368450300188,
              -85.52559484828578
            ],
            [
              -147.23684507361324,
              -85.52559484388605
            ],
            [
              -147.23684507118168,
              -85.52559484131638
            ],
            [
              -147.23684506009093,
              -85.52559483759747
            ],
            [
              -147.23684505867755,
              -85.52559483564973
            ],
            [
              -147.2368450759336,
              -85.52559483217317
            ],
            [
              -147.2368450809813,
              -85.5255948295852
            ],
            [
              -147.23684505735508,
              -85.52559482566284
            ],
            [
              -147.2368450531911,
              -85.52559482286343
            ],
            [
              -147.23684506576427,
              -85.52559482041296
            ],
            [
              -147.23684506332415,
              -85.52559481773658
            ],
            [
              -147.2368450495145,
              -85.52559481605356
            ],
            [
              -147.23684501806582,
              -85.52559481378952
            ],
            [
              -147.23684500815435,
              -85.52559481123838
            ],
            [
              -147.23684500179127,
              -85.52559479275695
            ],
            [
              -147.2368450119775,
              -85.52559478789293
            ],
            [
              -147.2368450158092,
              -85.52559478124944
            ],
            [
              -147.23684499111553,
              -85.52559477654947
            ],
            [
              -147.2368449821272,
              -85.52559477430826
            ],
            [
              -147.2368449823043,
              -85.52559477212253
            ],
            [
              -147.23684498839108,
              -85.52559477023439
            ],
            [
              -147.2368450274863,
              -85.52559476748438
            ],
            [
              -147.23684503340957,
              -85.52559476505024
            ],
            [
              -147.23684503000496,
              -85.5255947620149
            ],
            [
              -147.23684501635526,
              -85.5255947607864
            ],
            [
              -147.23684500133896,
              -85.52559475785768
            ],
            [
              -147.2368449925032,
              -85.52559475335275
            ],
            [
              -147.2368450063052,
              -85.52559474668472
            ],
            [
              -147.23684500422198,
              -85.52559474528505
            ],
            [
              -147.23684498685253,
              -85.52559474283036
            ],
            [
              -147.23684498574107,
              -85.5255947418966
            ],
            [
              -147.23684503158822,
              -85.52559473671027
            ],
            [
              -147.23684503536882,
              -85.52559473545226
            ],
            [
              -147.23684503090973,
              -85.52559473444867
            ],
            [
              -147.23684500123815,
              -85.52559473257077
            ],
            [
              -147.23684500224505,
              -85.52559473038298
            ],
            [
              -147.2368450227393,
              -85.52559472939573
            ],
            [
              -147.23684503848264,
              -85.5255947292008
            ],
            [
              -147.23684504992968,
              -85.52559472854807
            ],
            [
              -147.23684505537213,
              -85.52559472728595
            ],
            [
              -147.23684505575753,
              -85.525594725802
            ],
            [
              -147.2368450454926,
              -85.5255947220811
            ],
            [
              -147.23684505178997,
              -85.52559472089492
            ],
            [
              -147.23684505118092,
              -85.52559471886714
            ],
            [
              -147.23684502901176,
              -85.52559471704879
            ],
            [
              -147.23684502434182,
              -85.52559471534336
            ],
            [
              -147.23684503462988,
              -85.52559471360082
            ],
            [
              -147.23684506384404,
              -85.52559471118715
            ],
            [
              -147.2368450743554,
              -85.52559470744143
            ],
            [
              -147.236845073184,
              -85.52559470354201
            ],
            [
              -147.2368450545505,
              -85.52559470241737
            ],
            [
              -147.23684503455885,
              -85.52559470231068
            ],
            [
              -147.23684501103284,
              -85.52559470151033
            ],
            [
              -147.23684502270066,
              -85.52559469882794
            ],
            [
              -147.2368450077536,
              -85.52559469613325
            ],
            [
              -147.23684499308646,
              -85.52559469437448
            ],
            [
              -147.23684499254733,
              -85.52559469258067
            ],
            [
              -147.23684500267086,
              -85.52559469029225
            ],
            [
              -147.2368450505287,
              -85.52559468627153
            ],
            [
              -147.2368450591307,
              -85.52559468445516
            ],
            [
              -147.23684505545475,
              -85.52559468329355
            ],
            [
              -147.23684510256157,
              -85.52559467677703
            ],
            [
              -147.23684510128533,
              -85.5255946752973
            ],
            [
              -147.23684508653034,
              -85.5255946745304
            ],
            [
              -147.2368450399933,
              -85.5255946746456
            ],
            [
              -147.2368450368905,
              -85.52559467262402
            ],
            [
              -147.23684504129042,
              -85.52559467066193
            ],
            [
              -147.23684512904504,
              -85.52559466381055
            ],
            [
              -147.23684513045916,
              -85.52559466021681
            ],
            [
              -147.23684510461229,
              -85.52559465723706
            ],
            [
              -147.23684509975314,
              -85.52559465490766
            ],
            [
              -147.23684514092352,
              -85.52559464801546
            ],
            [
              -147.23684514418557,
              -85.52559464504156
            ],
            [
              -147.2368451354381,
              -85.52559464084865
            ],
            [
              -147.23684515111896,
              -85.5255946376879
            ],
            [
              -147.23684514986522,
              -85.52559463628604
            ],
            [
              -147.23684511193727,
              -85.52559463185335
            ],
            [
              -147.2368451105192,
              -85.52559462990575
            ],
            [
              -147.23684511667432,
              -85.52559462825145
            ],
            [
              -147.23684514099355,
              -85.52559462616183
            ],
            [
              -147.23684515033966,
              -85.52559462129967
            ],
            [
              -147.23684515651948,
              -85.52559461370863
            ],
            [
              -147.23684515432495,
              -85.52559460918728
            ],
            [
              -147.2368451319504,
              -85.52559460393557
            ],
            [
              -147.23684512439223,
              -85.52559459817877
            ],
            [
              -147.236845129621,
              -85.52559459621457
            ],
            [
              -147.23684518909118,
              -85.52559458935468
            ],
            [
              -147.23684519189786,
              -85.52559458763069
            ],
            [
              -147.23684517584982,
              -85.52559458681203
            ],
            [
              -147.23684512199856,
              -85.52559458749222
            ],
            [
              -147.23684508104319,
              -85.52559458681353
            ],
            [
              -147.23684499764377,
              -85.52559458327454
            ],
            [
              -147.23684494852404,
              -85.52559458082722
            ],
            [
              -147.23684493090857,
              -85.52559458032471
            ],
            [
              -147.23684485131886,
              -85.52559458114689
            ],
            [
              -147.23684477971048,
              -85.52559458085658
            ],
            [
              -147.2368447222833,
              -85.52559457795566
            ],
            [
              -147.23684470474484,
              -85.52559457495552
            ],
            [
              -147.2368446840942,
              -85.52559457266551
            ],
            [
              -147.23684464520883,
              -85.52559457057698
            ],
            [
              -147.23684461415445,
              -85.52559456963955
            ],
            [
              -147.23684448681425,
              -85.52559456123022
            ],
            [
              -147.23684443486832,
              -85.52559455995468
            ],
            [
              -147.2368444193443,
              -85.5255945581203
            ],
            [
              -147.23684441531304,
              -85.52559455578904
            ],
            [
              -147.236844391668,
              -85.52559455459917
            ],
            [
              -147.23684434014584,
              -85.52559455472735
            ],
            [
              -147.23684430230236,
              -85.52559455333872
            ],
            [
              -147.23684412279562,
              -85.52559454311923
            ],
            [
              -147.23684404202808,
              -85.52559454004265
            ],
            [
              -147.2368439913951,
              -85.52559453486205
            ],
            [
              -147.23684391974564,
              -85.52559453168479
            ],
            [
              -147.2368437900357,
              -85.52559452234352
            ],
            [
              -147.2368437464517,
              -85.52559451847225
            ],
            [
              -147.23684367758227,
              -85.52559451349347
            ],
            [
              -147.2368436278255,
              -85.52559450846702
            ],
            [
              -147.23684356047886,
              -85.52559450087982
            ],
            [
              -147.23684350791197,
              -85.52559448657452
            ],
            [
              -147.23684348177594,
              -85.5255944826599
            ],
            [
              -147.2368434842541,
              -85.5255944771133
            ],
            [
              -147.2368434595671,
              -85.52559447249291
            ],
            [
              -147.23684345760515,
              -85.52559446602096
            ],
            [
              -147.23684344245783,
              -85.52559446543451
            ],
            [
              -147.23684339256704,
              -85.52559447094333
            ],
            [
              -147.23684337271686,
              -85.525594471305
            ],
            [
              -147.23684334821561,
              -85.52559447003962
            ],
            [
              -147.23684333434923,
              -85.52559447093263
            ],
            [
              -147.23684332788292,
              -85.52559447703526
            ],
            [
              -147.2368433168152,
              -85.52559447893567
            ],
            [
              -147.23684329131459,
              -85.52559447985769
            ],
            [
              -147.23684325110062,
              -85.52559447986891
            ],
            [
              -147.23684321764367,
              -85.52559448198126
            ],
            [
              -147.23684316715637,
              -85.52559448827166
            ],
            [
              -147.23684303446083,
              -85.52559450046324
            ],
            [
              -147.23684294062906,
              -85.52559450201622
            ],
            [
              -147.23684284836358,
              -85.52559450216822
            ],
            [
              -147.23684276889833,
              -85.52559450064958
            ],
            [
              -147.23684270059573,
              -85.52559449754266
            ],
            [
              -147.23684264339056,
              -85.52559449058474
            ],
            [
              -147.2368425947951,
              -85.52559448664853
            ],
            [
              -147.23684255732863,
              -85.52559448650781
            ],
            [
              -147.23684253778652,
              -85.52559448788305
            ],
            [
              -147.23684243256037,
              -85.52559450016142
            ],
            [
              -147.23684239829498,
              -85.52559450235347
            ],
            [
              -147.23684233528957,
              -85.52559450365636
            ],
            [
              -147.2368422528582,
              -85.52559451431702
            ],
            [
              -147.23684220075899,
              -85.52559451803594
            ],
            [
              -147.23684213747865,
              -85.52559452053424
            ],
            [
              -147.23684211541874,
              -85.52559452183748
            ],
            [
              -147.23684209214977,
              -85.5255945218954
            ],
            [
              -147.23684206358868,
              -85.52559452095227
            ],
            [
              -147.23684202011242,
              -85.52559451809827
            ],
            [
              -147.23684195602985,
              -85.52559451794575
            ],
            [
              -147.23684192592486,
              -85.52559451739658
            ],
            [
              -147.2368418969863,
              -85.525594515206
            ],
            [
              -147.23684188264738,
              -85.52559451453953
            ],
            [
              -147.23684186104043,
              -85.52559451459334
            ],
            [
              -147.23684184213977,
              -85.52559451534259
            ],
            [
              -147.23684178096445,
              -85.52559452204862
            ],
            [
              -147.236841685053,
              -85.52559452749766
            ],
            [
              -147.23684161043846,
              -85.5255945337689
            ],
            [
              -147.2368415672146,
              -85.52559453933773
            ],
            [
              -147.23684150442818,
              -85.52559454347289
            ],
            [
              -147.23684143625468,
              -85.52559454629498
            ],
            [
              -147.23684137594424,
              -85.52559454761521
            ],
            [
              -147.23684124955903,
              -85.5255945476185
            ],
            [
              -147.23684114295412,
              -85.5255945471034
            ],
            [
              -147.23684104755813,
              -85.5255945451562
            ],
            [
              -147.23684092917037,
              -85.52559454201086
            ],
            [
              -147.23684083704552,
              -85.52559454263003
            ],
            [
              -147.23684070342762,
              -85.52559454904727
            ],
            [
              -147.23684068203363,
              -85.52559454980253
            ],
            [
              -147.23684065209332,
              -85.52559454979894
            ],
            [
              -147.23684057641333,
              -85.52559454773073
            ],
            [
              -147.23684051487095,
              -85.52559454772766
            ],
            [
              -147.2368404287216,
              -85.52559455160826
            ],
            [
              -147.23684039087175,
              -85.52559455295052
            ],
            [
              -147.23684032607568,
              -85.52559455318958
            ],
            [
              -147.23684030430488,
              -85.52559455269758
            ],
            [
              -147.23684027982827,
              -85.52559455151025
            ],
            [
              -147.23684023880935,
              -85.52559454786778
            ],
            [
              -147.23684021850005,
              -85.52559454722937
            ],
            [
              -147.23684013174434,
              -85.52559454635293
            ],
            [
              -147.23684003456842,
              -85.52559454402028
            ],
            [
              -147.2368400040864,
              -85.52559454222391
            ],
            [
              -147.2368398269998,
              -85.52559453471459
            ],
            [
              -147.23683967835433,
              -85.52559452993601
            ],
            [
              -147.23683956444714,
              -85.52559452452508
            ],
            [
              -147.23683951357233,
              -85.52559452129755
            ],
            [
              -147.2368394959807,
              -85.52559451902822
            ],
            [
              -147.23683947621333,
              -85.52559451416327
            ],
            [
              -147.23683946715428,
              -85.5255945089597
            ],
            [
              -147.2368394401189,
              -85.52559450481486
            ],
            [
              -147.23683940064248,
              -85.52559450077906
            ],
            [
              -147.23683937526292,
              -85.52559449936024
            ],
            [
              -147.23683935956842,
              -85.5255944997113
            ],
            [
              -147.23683935068652,
              -85.52559450059147
            ],
            [
              -147.23683927881683,
              -85.52559450030112
            ],
            [
              -147.23683925063324,
              -85.52559450060527
            ],
            [
              -147.23683917802276,
              -85.52559450250202
            ],
            [
              -147.2368391473464,
              -85.52559450281244
            ],
            [
              -147.236839112231,
              -85.52559450219789
            ],
            [
              -147.23683905149682,
              -85.52559450211504
            ],
            [
              -147.23683902996157,
              -85.5255945024027
            ],
            [
              -147.2368390219338,
              -85.5255945033586
            ],
            [
              -147.23683902159877,
              -85.52559450499746
            ],
            [
              -147.2368390287652,
              -85.52559450669554
            ],
            [
              -147.23683903006832,
              -85.52559450825227
            ],
            [
              -147.2368390240564,
              -85.52559451037317
            ],
            [
              -147.23683900375244,
              -85.52559451198367
            ],
            [
              -147.23683896519103,
              -85.52559451371764
            ],
            [
              -147.2368388998943,
              -85.52559451505009
            ],
            [
              -147.23683887000405,
              -85.5255945150743
            ],
            [
              -147.23683884711303,
              -85.52559451482672
            ],
            [
              -147.23683882748108,
              -85.52559451440811
            ],
            [
              -147.23683880781766,
              -85.52559451339455
            ],
            [
              -147.2368387808394,
              -85.52559451206206
            ],
            [
              -147.2368387487522,
              -85.52559451198363
            ],
            [
              -147.2368386661358,
              -85.52559451233545
            ],
            [
              -147.23683861927307,
              -85.52559451201064
            ],
            [
              -147.2368385843757,
              -85.52559451134198
            ],
            [
              -147.23683855708182,
              -85.52559451024588
            ],
            [
              -147.2368385200463,
              -85.52559451034286
            ],
            [
              -147.23683849832614,
              -85.52559451162479
            ],
            [
              -147.23683848096337,
              -85.52559451290533
            ],
            [
              -147.23683846025972,
              -85.52559451282701
            ],
            [
              -147.2368384449314,
              -85.52559451138708
            ],
            [
              -147.23683843177255,
              -85.52559450977645
            ],
            [
              -147.2368383939549,
              -85.52559450631564
            ],
            [
              -147.23683835891038,
              -85.52559450593499
            ],
            [
              -147.23683829328232,
              -85.52559450727145
            ],
            [
              -147.23683827693202,
              -85.52559450710675
            ],
            [
              -147.2368382562061,
              -85.52559450660347
            ],
            [
              -147.2368382354578,
              -85.52559450567524
            ],
            [
              -147.23683820706967,
              -85.52559450449452
            ],
            [
              -147.2368381808607,
              -85.52559450331309
            ],
            [
              -147.23683815468786,
              -85.52559450281159
            ],
            [
              -147.23683812418415,
              -85.52559450282146
            ],
            [
              -147.23683809585074,
              -85.52559450266064
            ],
            [
              -147.23683807948234,
              -85.52559450215598
            ],
            [
              -147.2368380532734,
              -85.52559450097453
            ],
            [
              -147.2368380106736,
              -85.52559449886348
            ],
            [
              -147.23683797038228,
              -85.52559449779896
            ],
            [
              -147.2368378865264,
              -85.52559449773088
            ],
            [
              -147.2368377080209,
              -85.52559449687801
            ],
            [
              -147.23683767995504,
              -85.52559449757173
            ],
            [
              -147.23683763683155,
              -85.52559450072059
            ],
            [
              -147.23683760878916,
              -85.52559450149225
            ],
            [
              -147.23683757545416,
              -85.52559450126326
            ],
            [
              -147.23683751501508,
              -85.52559449944879
            ],
            [
              -147.23683748448425,
              -85.52559449894869
            ],
            [
              -147.23683743108563,
              -85.52559449862599
            ],
            [
              -147.23683739292903,
              -85.52559449812838
            ],
            [
              -147.23683737222123,
              -85.52559449796507
            ],
            [
              -147.23683735366495,
              -85.52559449729112
            ],
            [
              -147.23683733506806,
              -85.52559449585225
            ],
            [
              -147.23683731431055,
              -85.52559449475405
            ],
            [
              -147.23683729793345,
              -85.5255944940794
            ],
            [
              -147.23683727396204,
              -85.52559449400215
            ],
            [
              -147.23683725545564,
              -85.52559449426313
            ],
            [
              -147.23683724016763,
              -85.52559449358812
            ],
            [
              -147.2368372248256,
              -85.5255944918932
            ],
            [
              -147.23683720947,
              -85.52559448994332
            ],
            [
              -147.23683720069593,
              -85.52559448884124
            ],
            [
              -147.23683717130012,
              -85.5255944882056
            ],
            [
              -147.23683714183167,
              -85.52559448818032
            ],
            [
              -147.2368371221999,
              -85.52559448776171
            ],
            [
              -147.23683710798792,
              -85.52559448683137
            ],
            [
              -147.23683708824754,
              -85.52559448437293
            ],
            [
              -147.2368370805764,
              -85.52559448352547
            ],
            [
              -147.2368370511084,
              -85.52559448251507
            ],
            [
              -147.23683703258376,
              -85.52559448243606
            ],
            [
              -147.23683700643804,
              -85.52559448244453
            ],
            [
              -147.2368369857481,
              -85.52559448262122
            ],
            [
              -147.23683697049626,
              -85.52559448262615
            ],
            [
              -147.23683695302537,
              -85.52559448186685
            ],
            [
              -147.2368369366525,
              -85.5255944812772
            ],
            [
              -147.23683689309647,
              -85.52559447918645
            ],
            [
              -147.23683685622078,
              -85.52559447900049
            ],
            [
              -147.23683680796205,
              -85.52559447868401
            ],
            [
              -147.23683679270147,
              -85.52559447851897
            ],
            [
              -147.23683677200268,
              -85.52559447852565
            ],
            [
              -147.2368367600328,
              -85.52559447878451
            ],
            [
              -147.23683674153523,
              -85.52559447921547
            ],
            [
              -147.23683672407762,
              -85.52559447871114
            ],
            [
              -147.23683671421426,
              -85.52559447760942
            ],
            [
              -147.23683670651172,
              -85.52559447616702
            ],
            [
              -147.23683668837785,
              -85.52559447255926
            ],
            [
              -147.23683663958337,
              -85.52559446726431
            ],
            [
              -147.2368366231837,
              -85.5255944661647
            ],
            [
              -147.2368365970286,
              -85.52559446600317
            ],
            [
              -147.2368365534522,
              -85.52559446601727
            ],
            [
              -147.23683653819597,
              -85.5255944659372
            ],
            [
              -147.2368365239795,
              -85.52559446492188
            ],
            [
              -147.2368365064678,
              -85.52559446339765
            ],
            [
              -147.2368364878846,
              -85.52559446221376
            ],
            [
              -147.23683647152527,
              -85.52559446187908
            ],
            [
              -147.236836446442,
              -85.52559446137722
            ],
            [
              -147.2368364180537,
              -85.52559446019649
            ],
            [
              -147.23683640165873,
              -85.52559445918186
            ],
            [
              -147.23683638304826,
              -85.52559445748801
            ],
            [
              -147.236836367738,
              -85.52559445638803
            ],
            [
              -147.23683634481503,
              -85.52559445554552
            ],
            [
              -147.2368362990688,
              -85.5255944557303
            ],
            [
              -147.23683628161587,
              -85.52559445531098
            ],
            [
              -147.2368362728734,
              -85.52559445480384
            ],
            [
              -147.23683626191598,
              -85.52559445361747
            ],
            [
              -147.23683622897238,
              -85.52559444945499
            ],
            [
              -147.23683621437897,
              -85.52559444824522
            ],
            [
              -147.23683614669096,
              -85.52559444554731
            ],
            [
              -147.2368360724666,
              -85.52559444285151
            ],
            [
              -147.23683602879095,
              -85.52559444099577
            ],
            [
              -147.23683599600935,
              -85.52559443913653
            ],
            [
              -147.23683594348284,
              -85.52559443473383
            ],
            [
              -147.2368358997709,
              -85.52559443219815
            ],
            [
              -147.2368358495136,
              -85.5255944294946
            ],
            [
              -147.2368358167139,
              -85.52559442729537
            ],
            [
              -147.23683578606597,
              -85.52559442458549
            ],
            [
              -147.23683576417838,
              -85.5255944227227
            ],
            [
              -147.23683571836003,
              -85.52559442154762
            ],
            [
              -147.23683564635968,
              -85.52559441970102
            ],
            [
              -147.2368355787441,
              -85.525594418363
            ],
            [
              -147.23683554752355,
              -85.52559441806727
            ],
            [
              -147.23683547590716,
              -85.52559441799369
            ],
            [
              -147.23683544919413,
              -85.52559441757737
            ],
            [
              -147.23683543063112,
              -85.52559441677593
            ],
            [
              -147.23683542676864,
              -85.52559441584225
            ],
            [
              -147.2368354278038,
              -85.525594414822
            ],
            [
              -147.23683543429968,
              -85.52559441405495
            ],
            [
              -147.23683545113826,
              -85.52559441315707
            ],
            [
              -147.2368354559795,
              -85.52559441200809
            ],
            [
              -147.2368354548449,
              -85.52559441115852
            ],
            [
              -147.23683545210312,
              -85.52559441081942
            ],
            [
              -147.23683544281855,
              -85.52559441035497
            ],
            [
              -147.23683543518356,
              -85.52559441018742
            ],
            [
              -147.2368353975395,
              -85.52559440991037
            ],
            [
              -147.2368353855553,
              -85.52559440992727
            ],
            [
              -147.23683534330138,
              -85.52559440919724
            ],
            [
              -147.23683529558326,
              -85.52559440815024
            ],
            [
              -147.23683524233317,
              -85.52559440551141
            ],
            [
              -147.23683520272922,
              -85.52559440339938
            ],
            [
              -147.2368351577232,
              -85.52559440213903
            ],
            [
              -147.23683510052936,
              -85.52559440215754
            ],
            [
              -147.23683503465193,
              -85.52559440276715
            ],
            [
              -147.23683501043942,
              -85.5255944032916
            ],
            [
              -147.23683497531624,
              -85.52559440349421
            ],
            [
              -147.23683496487556,
              -85.52559440326137
            ],
            [
              -147.23683493519565,
              -85.52559440191354
            ],
            [
              -147.23683491469475,
              -85.52559440051776
            ],
            [
              -147.23683488679973,
              -85.52559439835946
            ],
            [
              -147.23683483435227,
              -85.52559439544413
            ],
            [
              -147.2368347543059,
              -85.52559439136579
            ],
            [
              -147.23683472951157,
              -85.52559439063339
            ],
            [
              -147.2368347090478,
              -85.5255943899388
            ],
            [
              -147.23683468614985,
              -85.52559438956375
            ],
            [
              -147.23683466977127,
              -85.52559438886784
            ],
            [
              -147.23683465337967,
              -85.52559438791697
            ],
            [
              -147.2368346320312,
              -85.52559438594777
            ],
            [
              -147.23683461968042,
              -85.5255943841669
            ],
            [
              -147.23683460648883,
              -85.52559438194007
            ],
            [
              -147.23683458923907,
              -85.52559438022453
            ],
            [
              -147.2368345695791,
              -85.52559437927471
            ],
            [
              -147.23683452448495,
              -85.525594376357
            ],
            [
              -147.23683448998565,
              -85.52559437292591
            ],
            [
              -147.23683447672644,
              -85.5255943694242
            ],
            [
              -147.23683447090883,
              -85.52559436757747
            ],
            [
              -147.23683446261623,
              -85.52559436528533
            ],
            [
              -147.23683445353393,
              -85.52559436350339
            ],
            [
              -147.23683444199338,
              -85.52559436159476
            ],
            [
              -147.23683443619964,
              -85.52559436019423
            ],
            [
              -147.2368344377828,
              -85.52559435923754
            ],
            [
              -147.23683444264793,
              -85.52559435853478
            ],
            [
              -147.2368344499606,
              -85.52559435776746
            ],
            [
              -147.2368344556088,
              -85.52559435642696
            ],
            [
              -147.23683445473438,
              -85.5255943553436
            ],
            [
              -147.23683445036752,
              -85.52559435408345
            ],
            [
              -147.23683443132794,
              -85.52559435263825
            ],
            [
              -147.23683434070605,
              -85.52559434677484
            ],
            [
              -147.23683431122095,
              -85.52559434544574
            ],
            [
              -147.23683428833294,
              -85.5255943452619
            ],
            [
              -147.23683426796097,
              -85.52559434628841
            ],
            [
              -147.23683425741714,
              -85.52559434775796
            ],
            [
              -147.23683424931104,
              -85.52559434897175
            ],
            [
              -147.2368342362414,
              -85.52559434903971
            ],
            [
              -147.23683422313806,
              -85.52559434847025
            ],
            [
              -147.2368342108178,
              -85.52559434726308
            ],
            [
              -147.23683419603276,
              -85.52559434580174
            ],
            [
              -147.23683417557268,
              -85.5255943451709
            ],
            [
              -147.23683415349507,
              -85.5255943448593
            ],
            [
              -147.23683413630312,
              -85.5255943442274
            ],
            [
              -147.23683412398626,
              -85.52559434308397
            ],
            [
              -147.23683412476936,
              -85.52559434244627
            ],
            [
              -147.23683413128535,
              -85.5255943420617
            ],
            [
              -147.23683415250545,
              -85.5255943416086
            ],
            [
              -147.2368341680159,
              -85.5255943413486
            ],
            [
              -147.2368341753186,
              -85.52559434039006
            ],
            [
              -147.23683417688815,
              -85.52559433917838
            ],
            [
              -147.23683416947384,
              -85.52559433803337
            ],
            [
              -147.23683415716715,
              -85.52559433708119
            ],
            [
              -147.23683414648764,
              -85.52559433600095
            ],
            [
              -147.23683413257748,
              -85.52559433562298
            ],
            [
              -147.2368341162225,
              -85.52559433537328
            ],
            [
              -147.23683409225328,
              -85.52559433588699
            ],
            [
              -147.23683405100047,
              -85.5255943380717
            ],
            [
              -147.23683401837246,
              -85.52559433910217
            ],
            [
              -147.23683398898555,
              -85.52559433962165
            ],
            [
              -147.2368339636331,
              -85.52559433918363
            ],
            [
              -147.23683394725472,
              -85.5255943384877
            ],
            [
              -147.23683389969594,
              -85.52559433531583
            ],
            [
              -147.23683388571786,
              -85.525594333663
            ],
            [
              -147.23683388566027,
              -85.52559433257933
            ],
            [
              -147.2368338954278,
              -85.52559433187498
            ],
            [
              -147.2368339224108,
              -85.52559433224872
            ],
            [
              -147.23683394533938,
              -85.52559433319747
            ],
            [
              -147.23683396663694,
              -85.52559433421051
            ],
            [
              -147.23683398300196,
              -85.52559433465144
            ],
            [
              -147.23683399442714,
              -85.52559433439276
            ],
            [
              -147.23683400090266,
              -85.52559433324326
            ],
            [
              -147.23683400002454,
              -85.52559433209612
            ],
            [
              -147.23683399261023,
              -85.52559433095111
            ],
            [
              -147.23683398111697,
              -85.52559432993489
            ],
            [
              -147.23683397862519,
              -85.52559432917074
            ],
            [
              -147.2368339794049,
              -85.52559432846931
            ],
            [
              -147.23683398428375,
              -85.52559432802151
            ],
            [
              -147.23683399489533,
              -85.52559432782682
            ],
            [
              -147.23683400712056,
              -85.52559432724917
            ],
            [
              -147.23683400297094,
              -85.52559432603937
            ],
            [
              -147.23683399475644,
              -85.52559432521332
            ],
            [
              -147.23683398246328,
              -85.5255943245161
            ],
            [
              -147.23683395789735,
              -85.52559432350412
            ],
            [
              -147.23683392506942,
              -85.52559432077369
            ],
            [
              -147.23683390043246,
              -85.52559431842309
            ],
            [
              -147.23683387340847,
              -85.52559431728439
            ],
            [
              -147.23683384066632,
              -85.52559431669336
            ],
            [
              -147.23683374509335,
              -85.5255943166247
            ],
            [
              -147.23683371075634,
              -85.52559431625335
            ],
            [
              -147.2368336772165,
              -85.52559431549923
            ],
            [
              -147.2368336575395,
              -85.52559431423069
            ],
            [
              -147.23683363294307,
              -85.52559431264503
            ],
            [
              -147.2368336116284,
              -85.52559431131326
            ],
            [
              -147.23683359113753,
              -85.52559431010873
            ],
            [
              -147.23683356988403,
              -85.52559430992437
            ],
            [
              -147.2368335413143,
              -85.52559431044358
            ],
            [
              -147.2368335159854,
              -85.52559431045178
            ],
            [
              -147.2368334963352,
              -85.52559430969319
            ],
            [
              -147.2368334848221,
              -85.52559430829452
            ],
            [
              -147.23683346668764,
              -85.52559430530435
            ],
            [
              -147.2368334584152,
              -85.52559430339466
            ],
            [
              -147.2368334533978,
              -85.52559430122894
            ],
            [
              -147.23683343700603,
              -85.52559430027807
            ],
            [
              -147.2368334198276,
              -85.52559429990114
            ],
            [
              -147.2368334091345,
              -85.52559429856595
            ],
            [
              -147.2368334033371,
              -85.52559429710168
            ],
            [
              -147.23683339669233,
              -85.52559429506397
            ],
            [
              -147.23683338843713,
              -85.52559429347302
            ],
            [
              -147.23683337289285,
              -85.52559429309557
            ],
            [
              -147.23683335164242,
              -85.52559429297496
            ],
            [
              -147.23683333688123,
              -85.5255942919598
            ],
            [
              -147.23683333680668,
              -85.52559429055742
            ],
            [
              -147.2368333367796,
              -85.52559429004747
            ],
            [
              -147.23683334326867,
              -85.52559428915293
            ],
            [
              -147.23683335542614,
              -85.5255942873004
            ],
            [
              -147.23683336104065,
              -85.52559428532246
            ],
            [
              -147.2368333609458,
              -85.52559428353761
            ],
            [
              -147.23683334855085,
              -85.52559428092808
            ],
            [
              -147.23683333622398,
              -85.5255942795934
            ],
            [
              -147.2368333108104,
              -85.52559427800799
            ],
            [
              -147.23683327083512,
              -85.52559427655746
            ],
            [
              -147.2368331946834,
              -85.52559427606946
            ],
            [
              -147.23683317831183,
              -85.52559427550104
            ],
            [
              -147.23683315457995,
              -85.52559427480752
            ],
            [
              -147.23683312925812,
              -85.5255942749432
            ],
            [
              -147.23683310392246,
              -85.5255942748239
            ],
            [
              -147.23683309407025,
              -85.52559427393466
            ],
            [
              -147.23683309320924,
              -85.52559427310625
            ],
            [
              -147.23683309969476,
              -85.52559427214796
            ],
            [
              -147.2368331111235,
              -85.52559427195303
            ],
            [
              -147.2368331298852,
              -85.52559427137327
            ],
            [
              -147.23683315516655,
              -85.52559427047265
            ],
            [
              -147.2368331665548,
              -85.52559426951277
            ],
            [
              -147.23683317466427,
              -85.52559426836274
            ],
            [
              -147.23683317619324,
              -85.52559426638614
            ],
            [
              -147.2368331712165,
              -85.52559426498534
            ],
            [
              -147.23683316136768,
              -85.52559426415984
            ],
            [
              -147.23683313925298,
              -85.52559426314708
            ],
            [
              -147.23683311634824,
              -85.52559426264452
            ],
            [
              -147.23683309261637,
              -85.525594261951
            ],
            [
              -147.23683305985605,
              -85.52559426049545
            ],
            [
              -147.23683302379732,
              -85.52559425846725
            ],
            [
              -147.23683296080944,
              -85.52559425708523
            ],
            [
              -147.236832933833,
              -85.52559425683897
            ],
            [
              -147.23683291173168,
              -85.52559425608119
            ],
            [
              -147.2368328527784,
              -85.52559425374167
            ],
            [
              -147.23683278154533,
              -85.52559425095991
            ],
            [
              -147.23683274960894,
              -85.5255942496316
            ],
            [
              -147.23683272180216,
              -85.52559424913063
            ],
            [
              -147.236832700528,
              -85.52559424856382
            ],
            [
              -147.23683268657365,
              -85.52559424735715
            ],
            [
              -147.23683267833877,
              -85.52559424614866
            ],
            [
              -147.23683266766267,
              -85.52559424513217
            ],
            [
              -147.2368326430967,
              -85.5255942441202
            ],
            [
              -147.23683259916606,
              -85.52559424266812
            ],
            [
              -147.23683258577415,
              -85.5255942417164
            ],
            [
              -147.23683256609365,
              -85.52559424038412
            ],
            [
              -147.23683254964428,
              -85.5255942383496
            ],
            [
              -147.2368325454674,
              -85.52559423662983
            ],
            [
              -147.23683254536576,
              -85.52559423471749
            ],
            [
              -147.23683254363678,
              -85.52559423293319
            ],
            [
              -147.23683253865647,
              -85.52559423146865
            ],
            [
              -147.23683252717709,
              -85.52559423070741
            ],
            [
              -147.2368325001429,
              -85.52559422937752
            ],
            [
              -147.23683247059017,
              -85.52559422677352
            ],
            [
              -147.23683244758027,
              -85.52559422429489
            ],
            [
              -147.23683243189708,
              -85.52559422130393
            ],
            [
              -147.2368324211671,
              -85.52559421926753
            ],
            [
              -147.23683240886683,
              -85.52559421844283
            ],
            [
              -147.23683238843032,
              -85.5255942182582
            ],
            [
              -147.23683237370992,
              -85.525594218008
            ],
            [
              -147.2368323614134,
              -85.52559421724702
            ],
            [
              -147.23683234654027,
              -85.5255942141283
            ],
            [
              -147.23683232671084,
              -85.52559420999128
            ],
            [
              -147.23683230693206,
              -85.5255942068104
            ],
            [
              -147.23683228321022,
              -85.52559420630811
            ],
            [
              -147.23683226688618,
              -85.52559420663212
            ],
            [
              -147.23683225794923,
              -85.5255942075912
            ],
            [
              -147.23683224488653,
              -85.52559420778665
            ],
            [
              -147.2368322350311,
              -85.52559420683366
            ],
            [
              -147.23683222919658,
              -85.52559420466821
            ],
            [
              -147.23683222410426,
              -85.52559420110012
            ],
            [
              -147.2368322117266,
              -85.52559419880927
            ],
            [
              -147.2368321961789,
              -85.52559419836808
            ],
            [
              -147.23683218312962,
              -85.52559419881852
            ],
            [
              -147.23683217092133,
              -85.52559419971492
            ],
            [
              -147.23683215131553,
              -85.525594199785
            ],
            [
              -147.23683213575717,
              -85.52559419915258
            ],
            [
              -147.23683212096566,
              -85.52559419756373
            ],
            [
              -147.23683210865218,
              -85.52559419648404
            ],
            [
              -147.23683208574067,
              -85.525594195854
            ],
            [
              -147.23683206122246,
              -85.52559419573444
            ],
            [
              -147.23683205057665,
              -85.52559419529166
            ],
            [
              -147.23683204156197,
              -85.52559419478462
            ],
            [
              -147.23683202277724,
              -85.52559419270769
            ],
            [
              -147.23683199545383,
              -85.52559418815726
            ],
            [
              -147.23683196585,
              -85.5255941845971
            ],
            [
              -147.2368319099854,
              -85.52559417887808
            ],
            [
              -147.23683179343476,
              -85.52559416897151
            ],
            [
              -147.23683175055479,
              -85.52559416159092
            ],
            [
              -147.2368317010504,
              -85.52559415255509
            ],
            [
              -147.2368316681784,
              -85.52559414899596
            ],
            [
              -147.23683160913347,
              -85.52559414493537
            ],
            [
              -147.2368314683967,
              -85.52559414115616
            ],
            [
              -147.23683144052862,
              -85.5255941395078
            ],
            [
              -147.23683141422705,
              -85.52559413658402
            ],
            [
              -147.23683138639268,
              -85.5255941355731
            ],
            [
              -147.23683132916514,
              -85.52559413495416
            ],
            [
              -147.23683129143822,
              -85.52559413228906
            ],
            [
              -147.23683121852167,
              -85.52559412306984
            ],
            [
              -147.2368311516712,
              -85.52559411601544
            ],
            [
              -147.23683103166266,
              -85.52559410254024
            ],
            [
              -147.23683096572887,
              -85.52559409185234
            ],
            [
              -147.23683089551585,
              -85.52559408179354
            ],
            [
              -147.2368308847917,
              -85.52559408067499
            ],
            [
              -147.23683075215607,
              -85.52559407050299
            ],
            [
              -147.23683063544286,
              -85.52559405753668
            ],
            [
              -147.2368305515745,
              -85.52559404761953
            ],
            [
              -147.23683050375857,
              -85.52559403960309
            ],
            [
              -147.23683047726715,
              -85.5255940331096
            ],
            [
              -147.23683046570648,
              -85.52559403081852
            ],
            [
              -147.23683044608322,
              -85.52559403056989
            ],
            [
              -147.23683042159888,
              -85.52559403108778
            ],
            [
              -147.236830395453,
              -85.52559403109623
            ],
            [
              -147.2368303774237,
              -85.52559403008213
            ],
            [
              -147.2368301162784,
              -85.5255940053059
            ],
            [
              -147.2368300586713,
              -85.52559399754759
            ],
            [
              -147.2368300238805,
              -85.5255939886345
            ],
            [
              -147.23683000901104,
              -85.52559398557953
            ],
            [
              -147.23683000077926,
              -85.52559398443478
            ],
            [
              -147.2368299729386,
              -85.52559398329637
            ],
            [
              -147.2368299205725,
              -85.52559398191092
            ],
            [
              -147.23682989596568,
              -85.52559398013399
            ],
            [
              -147.2368298564827,
              -85.52559397517462
            ],
            [
              -147.23682982188853,
              -85.52559396995869
            ],
            [
              -147.2368296969915,
              -85.52559395674007
            ],
            [
              -147.2368296525453,
              -85.52559395063487
            ],
            [
              -147.23682956009284,
              -85.52559393294355
            ],
            [
              -147.2368295336422,
              -85.52559392721504
            ],
            [
              -147.2368294840332,
              -85.52559391905855
            ],
            [
              -147.2368293953109,
              -85.52559390720124
            ],
            [
              -147.2368293408733,
              -85.5255938975933
            ],
            [
              -147.23682930525553,
              -85.52559388848923
            ],
            [
              -147.23682929594946,
              -85.52559388250016
            ],
            [
              -147.2368292964075,
              -85.52559387574301
            ],
            [
              -147.23682929463803,
              -85.52559387319376
            ],
            [
              -147.23682927977165,
              -85.52559387020254
            ],
            [
              -147.2368292370678,
              -85.52559386613666
            ],
            [
              -147.23682922225922,
              -85.52559386422907
            ],
            [
              -147.23682927871195,
              -85.52559383488794
            ],
            [
              -147.23682925009464,
              -85.52559383451472
            ],
            [
              -147.23682919524214,
              -85.52559386321789
            ],
            [
              -147.2368291756397,
              -85.52559386335172
            ],
            [
              -147.2368291388382,
              -85.52559386272618
            ],
            [
              -147.23682911590637,
              -85.52559386171366
            ],
            [
              -147.23682907256173,
              -85.52559386096273
            ],
            [
              -147.23682904620574,
              -85.52559386114706
            ],
            [
              -147.23682895235103,
              -85.52559386631572
            ],
            [
              -147.23682880061924,
              -85.52559386779309
            ],
            [
              -147.23682866954965,
              -85.52559386409094
            ],
            [
              -147.23682856849527,
              -85.52559386271217
            ],
            [
              -147.2368285361699,
              -85.52559386037929
            ],
            [
              -147.23682851183426,
              -85.52559385972597
            ],
            [
              -147.236828451347,
              -85.52559385984954
            ],
            [
              -147.2368283842483,
              -85.5255938648116
            ],
            [
              -147.23682834556297,
              -85.52559386591882
            ],
            [
              -147.23682813734132,
              -85.52559386279297
            ],
            [
              -147.2368279861377,
              -85.52559385817709
            ],
            [
              -147.23682795244096,
              -85.52559385801078
            ],
            [
              -147.2368279115521,
              -85.52559385634997
            ],
            [
              -147.236827824608,
              -85.52559384938525
            ],
            [
              -147.23682774144623,
              -85.52559384594113
            ],
            [
              -147.23682767485184,
              -85.52559384384152
            ],
            [
              -147.2368276098742,
              -85.52559384262047
            ],
            [
              -147.2368275555771,
              -85.52559384111991
            ],
            [
              -147.2368275408319,
              -85.52559383891943
            ],
            [
              -147.2368275172677,
              -85.52559383671029
            ],
            [
              -147.23682745989055,
              -85.52559383395695
            ],
            [
              -147.23682738158635,
              -85.52559382862022
            ],
            [
              -147.23682717051915,
              -85.52559381424801
            ],
            [
              -147.23682714421952,
              -85.52559381136673
            ],
            [
              -147.23682712446595,
              -85.52559380865333
            ],
            [
              -147.23682710031807,
              -85.52559380526137
            ],
            [
              -147.23682706517695,
              -85.52559380000312
            ],
            [
              -147.23682704971748,
              -85.5255937960984
            ],
            [
              -147.23682704087582,
              -85.52559379372143
            ],
            [
              -147.23682701904227,
              -85.52559379287857
            ],
            [
              -147.2368270103813,
              -85.52559379390128
            ],
            [
              -147.2368269887197,
              -85.52559379628812
            ],
            [
              -147.23682664030184,
              -85.52559378978194
            ],
            [
              -147.23682662390974,
              -85.52559378883105
            ],
            [
              -147.23682659798547,
              -85.52559378788325
            ],
            [
              -147.23682657072195,
              -85.52559378736086
            ],
            [
              -147.2368265515671,
              -85.52559378566718
            ],
            [
              -147.2368265324234,
              -85.52559378418599
            ],
            [
              -147.23682651052226,
              -85.52559378206823
            ],
            [
              -147.2368265009672,
              -85.52559378164632
            ],
            [
              -147.23682645323794,
              -85.52559378038688
            ],
            [
              -147.23682642733627,
              -85.52559377986404
            ],
            [
              -147.2368264164082,
              -85.5255937792301
            ],
            [
              -147.2368264004856,
              -85.5255937775231
            ],
            [
              -147.23682638738157,
              -85.52559377498088
            ],
            [
              -147.2368263714194,
              -85.5255937698365
            ],
            [
              -147.2368263530559,
              -85.52559376586409
            ],
            [
              -147.2368263392802,
              -85.52559376289376
            ],
            [
              -147.23682630910133,
              -85.52559375876007
            ],
            [
              -147.23682628584416,
              -85.52559375674899
            ],
            [
              -147.23682626538377,
              -85.52559375611816
            ],
            [
              -147.2368262381204,
              -85.52559375559575
            ],
            [
              -147.2368262108567,
              -85.52559375507336
            ],
            [
              -147.2368261944817,
              -85.5255937544412
            ],
            [
              -147.23682618080204,
              -85.52559375327698
            ],
            [
              -147.23682616708848,
              -85.52559375147528
            ],
            [
              -147.23682615475354,
              -85.52559374999188
            ],
            [
              -147.2368261369491,
              -85.52559374808529
            ],
            [
              -147.2368261054592,
              -85.52559374490819
            ],
            [
              -147.23682608356404,
              -85.52559374289667
            ],
            [
              -147.23682606715485,
              -85.52559374162708
            ],
            [
              -147.23682603029687,
              -85.52559373993911
            ],
            [
              -147.23682598529115,
              -85.52559373867878
            ],
            [
              -147.23682594169796,
              -85.52559373837416
            ],
            [
              -147.23682591034324,
              -85.52559373774683
            ],
            [
              -147.23682586572482,
              -85.52559373643199
            ],
            [
              -147.23682582712368,
              -85.5255937349052
            ],
            [
              -147.23682580392298,
              -85.52559373395654
            ],
            [
              -147.23682578211782,
              -85.52559373364487
            ],
            [
              -147.23682573582914,
              -85.52559373387233
            ],
            [
              -147.2368257017907,
              -85.52559373398955
            ],
            [
              -147.23682568269217,
              -85.52559373335828
            ],
            [
              -147.2368256662833,
              -85.5255937320887
            ],
            [
              -147.23682566075703,
              -85.52559373060308
            ],
            [
              -147.23682564700974,
              -85.52559372816395
            ],
            [
              -147.23682562513685,
              -85.52559372657738
            ],
            [
              -147.2368256101237,
              -85.5255937259448
            ],
            [
              -147.23682558829597,
              -85.52559372520815
            ],
            [
              -147.2368255364465,
              -85.52559372340377
            ],
            [
              -147.23682551946456,
              -85.52559372269484
            ],
            [
              -147.23682550192908,
              -85.5255937217046
            ],
            [
              -147.23682542586258,
              -85.52559371803622
            ],
            [
              -147.23682537542075,
              -85.52559371699012
            ],
            [
              -147.23682533864215,
              -85.52559371678953
            ],
            [
              -147.23682530727612,
              -85.52559371594974
            ],
            [
              -147.23682526362083,
              -85.52559371447647
            ],
            [
              -147.23682524726277,
              -85.52559371416304
            ],
            [
              -147.236825209066,
              -85.52559371290049
            ],
            [
              -147.23682518038416,
              -85.52559371131612
            ],
            [
              -147.23682515716072,
              -85.52559370994248
            ],
            [
              -147.23682513527652,
              -85.52559370814345
            ],
            [
              -147.2368250988952,
              -85.52559370319044
            ],
            [
              -147.23682508037663,
              -85.52559370041466
            ],
            [
              -147.23682501746796,
              -85.52559368895724
            ],
            [
              -147.23682498007648,
              -85.52559368333294
            ],
            [
              -147.23682496222656,
              -85.52559368057642
            ],
            [
              -147.23682494855254,
              -85.52559367951842
            ],
            [
              -147.23682491848643,
              -85.52559367750955
            ],
            [
              -147.23682486162488,
              -85.52559367431165
            ],
            [
              -147.23682479656046,
              -85.52559366994504
            ],
            [
              -147.23682467393542,
              -85.52559366260849
            ],
            [
              -147.2368246356367,
              -85.5255936594336
            ],
            [
              -147.23682462329617,
              -85.52559365784394
            ],
            [
              -147.23682460546897,
              -85.5255936555124
            ],
            [
              -147.23682457675906,
              -85.52559365339684
            ],
            [
              -147.23682454669873,
              -85.52559365149419
            ],
            [
              -147.23682452074044,
              -85.52559364990896
            ],
            [
              -147.23682450161385,
              -85.52559364874648
            ],
            [
              -147.236824483787,
              -85.52559364641492
            ],
            [
              -147.23682446874528,
              -85.52559364525112
            ],
            [
              -147.23682444281556,
              -85.52559364419707
            ],
            [
              -147.23682439942445,
              -85.52559364331597
            ],
            [
              -147.23682436538488,
              -85.52559364138239
            ],
            [
              -147.2368241866631,
              -85.52559362376395
            ],
            [
              -147.2368241183106,
              -85.5255936181227
            ],
            [
              -147.2368240749844,
              -85.5255936152901
            ],
            [
              -147.236824042182,
              -85.52559361351639
            ],
            [
              -147.23682401215552,
              -85.5255936122512
            ],
            [
              -147.2368239725968,
              -85.52559361098909
            ],
            [
              -147.2368239507915,
              -85.52559361067742
            ],
            [
              -147.2368239316818,
              -85.52559360983366
            ],
            [
              -147.23682391716088,
              -85.52559360857776
            ],
            [
              -147.23682385241327,
              -85.52559360529462
            ],
            [
              -147.23682382155903,
              -85.52559360172049
            ],
            [
              -147.2368238092012,
              -85.52559359981213
            ],
            [
              -147.23682379822282,
              -85.52559359822204
            ],
            [
              -147.23682378315274,
              -85.52559359652705
            ],
            [
              -147.23682376264168,
              -85.52559359494005
            ],
            [
              -147.2368237462219,
              -85.52559359345797
            ],
            [
              -147.23682373114644,
              -85.52559359165672
            ],
            [
              -147.23682372423022,
              -85.52559358964035
            ],
            [
              -147.2368237042808,
              -85.52559358724979
            ],
            [
              -147.23682368262615,
              -85.525593585124
            ],
            [
              -147.23682367104098,
              -85.52559358422243
            ],
            [
              -147.23682364346854,
              -85.52559358180454
            ],
            [
              -147.23682361610355,
              -85.52559357936983
            ],
            [
              -147.23682357923994,
              -85.52559357757563
            ],
            [
              -147.23682355471124,
              -85.52559357726484
            ],
            [
              -147.23682353429618,
              -85.52559357748393
            ],
            [
              -147.23682348942017,
              -85.5255935786671
            ],
            [
              -147.23682347580808,
              -85.52559357877774
            ],
            [
              -147.2368234594502,
              -85.52559357846431
            ],
            [
              -147.23682344308068,
              -85.52559357793841
            ],
            [
              -147.23682343077965,
              -85.52559357709244
            ],
            [
              -147.23682341845037,
              -85.52559357571528
            ],
            [
              -147.23682340065704,
              -85.52559357402116
            ],
            [
              -147.236823377462,
              -85.52559357317872
            ],
            [
              -147.23682335428384,
              -85.525593572655
            ],
            [
              -147.23682333930446,
              -85.52559357265986
            ],
            [
              -147.23682331619423,
              -85.52559357341103
            ],
            [
              -147.2368232903432,
              -85.52559357384436
            ],
            [
              -147.23682327264038,
              -85.52559357385007
            ],
            [
              -147.23682324611633,
              -85.52559357281991
            ],
            [
              -147.236823206857,
              -85.52559356854104
            ],
            [
              -147.23682318867685,
              -85.52559356729533
            ],
            [
              -147.23682315906814,
              -85.52559356683406
            ],
            [
              -147.23682309385842,
              -85.52559356503272
            ],
            [
              -147.23682302567855,
              -85.525593561642
            ],
            [
              -147.2368229993915,
              -85.52559356000981
            ],
            [
              -147.23682288748313,
              -85.52559355251371
            ],
            [
              -147.23682283825104,
              -85.52559354859868
            ],
            [
              -147.2368228053428,
              -85.52559354435962
            ],
            [
              -147.2368227711182,
              -85.52559354097095
            ],
            [
              -147.23682271632046,
              -85.52559353482663
            ],
            [
              -147.23682267944542,
              -85.52559353281993
            ],
            [
              -147.236822596096,
              -85.5255935275348
            ],
            [
              -147.23682252644272,
              -85.5255935237326
            ],
            [
              -147.23682246491506,
              -85.52559351907783
            ],
            [
              -147.23682241555977,
              -85.5255935134368
            ],
            [
              -147.23682236848256,
              -85.52559350257334
            ],
            [
              -147.2368223588799,
              -85.52559349930551
            ],
            [
              -147.23682234235196,
              -85.52559349340684
            ],
            [
              -147.23682233256574,
              -85.5255934886291
            ],
            [
              -147.23682233105143,
              -85.52559348576104
            ],
            [
              -147.23682233085947,
              -85.52559348214888
            ],
            [
              -147.23682231564857,
              -85.52559347779786
            ],
            [
              -147.2368223072409,
              -85.5255934733384
            ],
            [
              -147.2368223068419,
              -85.52559347229314
            ],
            [
              -147.2368222980397,
              -85.52559346775354
            ],
            [
              -147.2368222905272,
              -85.52559346633183
            ],
            [
              -147.23682226860348,
              -85.5255934637891
            ],
            [
              -147.23682225075936,
              -85.5255934611388
            ],
            [
              -147.23682224387167,
              -85.52559345965363
            ],
            [
              -147.23682222736102,
              -85.52559345647171
            ],
            [
              -147.23682221087327,
              -85.52559345371473
            ],
            [
              -147.2368222053302,
              -85.52559345191042
            ],
            [
              -147.23682220518904,
              -85.5255934492544
            ],
            [
              -147.2368222157669,
              -85.52559344330142
            ],
            [
              -147.23682223461137,
              -85.52559343915188
            ],
            [
              -147.2368222330972,
              -85.52559343628381
            ],
            [
              -147.23682222893262,
              -85.52559343479777
            ],
            [
              -147.23682221659237,
              -85.52559343320813
            ],
            [
              -147.23682220147745,
              -85.52559343066319
            ],
            [
              -147.23682215822623,
              -85.52559342366595
            ],
            [
              -147.2368221451257,
              -85.52559342090714
            ],
            [
              -147.23682211765345,
              -85.52559341645384
            ],
            [
              -147.236822102499,
              -85.52559341316523
            ],
            [
              -147.2368221009963,
              -85.52559341050967
            ],
            [
              -147.23682209407994,
              -85.5255934084933
            ],
            [
              -147.2368220804004,
              -85.52559340732905
            ],
            [
              -147.23682205313125,
              -85.52559340670042
            ],
            [
              -147.2368220121824,
              -85.52559340490755
            ],
            [
              -147.23682199714102,
              -85.52559340374374
            ],
            [
              -147.23682198484,
              -85.5255934028978
            ],
            [
              -147.236821963035,
              -85.5255934025861
            ],
            [
              -147.2368219357884,
              -85.52559340238244
            ],
            [
              -147.23682192349867,
              -85.52559340174896
            ],
            [
              -147.2368219057281,
              -85.52559340047979
            ],
            [
              -147.23682189609397,
              -85.52559339857056
            ],
            [
              -147.23682188908757,
              -85.52559339485435
            ],
            [
              -147.23682188616078,
              -85.52559339103057
            ],
            [
              -147.23682187916586,
              -85.52559338752684
            ],
            [
              -147.23682185994278,
              -85.52559338455828
            ],
            [
              -147.23682184208204,
              -85.52559338158926
            ],
            [
              -147.2368218310751,
              -85.52559337946798
            ],
            [
              -147.2368218200286,
              -85.52559337660301
            ],
            [
              -147.23682181845786,
              -85.52559337267255
            ],
            [
              -147.23682181833928,
              -85.5255933704415
            ],
            [
              -147.23682181414694,
              -85.52559336842425
            ],
            [
              -147.23682180035985,
              -85.52559336524145
            ],
            [
              -147.23682178114836,
              -85.52559336248535
            ],
            [
              -147.2368217660449,
              -85.52559336015291
            ],
            [
              -147.23682175233102,
              -85.52559335835123
            ],
            [
              -147.2368217372445,
              -85.5255933563375
            ],
            [
              -147.2368216781627,
              -85.5255933509664
            ],
            [
              -147.23682166150783,
              -85.52559334931853
            ],
            [
              -147.236821640057,
              -85.52559334691338
            ],
            [
              -147.23682162356909,
              -85.5255933441564
            ],
            [
              -147.23682161666997,
              -85.52559334245876
            ],
            [
              -147.23682160973115,
              -85.52559334001742
            ],
            [
              -147.23682160686081,
              -85.52559333725605
            ],
            [
              -147.23682159717055,
              -85.52559333428441
            ],
            [
              -147.23682157529785,
              -85.52559333269787
            ],
            [
              -147.2368215534472,
              -85.52559333153626
            ],
            [
              -147.23682153291938,
              -85.52559332963054
            ],
            [
              -147.2368215150754,
              -85.52559332698024
            ],
            [
              -147.2368215040514,
              -85.52559332454024
            ],
            [
              -147.2368215025768,
              -85.52559332241587
            ],
            [
              -147.23682149963867,
              -85.52559331837962
            ],
            [
              -147.23682147762443,
              -85.52559331413705
            ],
            [
              -147.236821459724,
              -85.52559331042436
            ],
            [
              -147.23682143506002,
              -85.52559330756378
            ],
            [
              -147.23682142138583,
              -85.52559330650578
            ],
            [
              -147.23682140494887,
              -85.52559330470498
            ],
            [
              -147.2368213993945,
              -85.52559330268818
            ],
            [
              -147.23682138839305,
              -85.52559330067314
            ],
            [
              -147.23682137601875,
              -85.52559329844605
            ],
            [
              -147.23682135129246,
              -85.52559329441684
            ],
            [
              -147.2368213265323,
              -85.52559328975019
            ],
            [
              -147.23682132096116,
              -85.52559328741465
            ],
            [
              -147.23682132082564,
              -85.5255932848649
            ],
            [
              -147.23682132587157,
              -85.52559328325839
            ],
            [
              -147.23682134235978,
              -85.52559328007702
            ],
            [
              -147.2368213517566,
              -85.52559327752417
            ],
            [
              -147.23682135162107,
              -85.52559327497438
            ],
            [
              -147.23682133650632,
              -85.52559327242946
            ],
            [
              -147.23682131601205,
              -85.5255932711612
            ],
            [
              -147.23682129011038,
              -85.52559327063835
            ],
            [
              -147.2368212628638,
              -85.52559327043468
            ],
            [
              -147.23682123287122,
              -85.52559326980693
            ],
            [
              -147.23682121240535,
              -85.52559326906984
            ],
            [
              -147.23682118238457,
              -85.52559326791089
            ],
            [
              -147.23682114146945,
              -85.52559326675546
            ],
            [
              -147.23682111826326,
              -85.52559326570055
            ],
            [
              -147.23682110184276,
              -85.52559326421847
            ],
            [
              -147.23682107858576,
              -85.52559326220738
            ],
            [
              -147.23682103756335,
              -85.5255932590334
            ],
            [
              -147.23682100474576,
              -85.52559325649418
            ],
            [
              -147.23682097873697,
              -85.52559325395278
            ],
            [
              -147.2368209663624,
              -85.5255932517257
            ],
            [
              -147.23682096216407,
              -85.5255932496022
            ],
            [
              -147.23682096201162,
              -85.5255932467337
            ],
            [
              -147.23682096444722,
              -85.52559324131458
            ],
            [
              -147.23682098718513,
              -85.52559323355153
            ],
            [
              -147.2368210046282,
              -85.52559322865874
            ],
            [
              -147.23682100062453,
              -85.52559322678246
            ],
            [
              -147.2368209743364,
              -85.52559322240023
            ],
            [
              -147.23682095791045,
              -85.52559322081191
            ],
            [
              -147.23682094152997,
              -85.5255932200735
            ],
            [
              -147.23682091701824,
              -85.52559322008145
            ],
            [
              -147.23682090205574,
              -85.52559322040501
            ],
            [
              -147.236820893953,
              -85.52559322168254
            ],
            [
              -147.2368208926986,
              -85.52559322370155
            ],
            [
              -147.23682090103281,
              -85.52559322677989
            ],
            [
              -147.23682091342982,
              -85.52559322943193
            ],
            [
              -147.23682091895034,
              -85.5255932308113
            ],
            [
              -147.23682092313155,
              -85.52559323261607
            ],
            [
              -147.23682092458924,
              -85.52559323442172
            ],
            [
              -147.23682091241253,
              -85.52559323591305
            ],
            [
              -147.23682087580303,
              -85.52559323889967
            ],
            [
              -147.2368208527207,
              -85.52559324018205
            ],
            [
              -147.2368208323508,
              -85.52559324125106
            ],
            [
              -147.23682082149617,
              -85.52559324199827
            ],
            [
              -147.23682081748433,
              -85.52559324338071
            ],
            [
              -147.23682082168247,
              -85.52559324550421
            ],
            [
              -147.23682083127707,
              -85.52559324666977
            ],
            [
              -147.23682084496818,
              -85.52559324804648
            ],
            [
              -147.2368208532345,
              -85.52559324984992
            ],
            [
              -147.23682085604287,
              -85.52559325144266
            ],
            [
              -147.2368208615745,
              -85.5255932530345
            ],
            [
              -147.23682086705563,
              -85.52559325367018
            ],
            [
              -147.23682088341337,
              -85.52559325398362
            ],
            [
              -147.2368209065465,
              -85.52559325365742
            ],
            [
              -147.2368209256168,
              -85.52559325375748
            ],
            [
              -147.23682094337042,
              -85.52559325470791
            ],
            [
              -147.2368209502076,
              -85.52559325523691
            ],
            [
              -147.23682095570533,
              -85.52559325619131
            ],
            [
              -147.23682095715205,
              -85.5255932577845
            ],
            [
              -147.23682095860957,
              -85.52559325959014
            ],
            [
              -147.23682095052942,
              -85.52559326129261
            ],
            [
              -147.23682091798818,
              -85.5255932639592
            ],
            [
              -147.2368208866904,
              -85.5255932643943
            ],
            [
              -147.2368208635292,
              -85.5255932641893
            ],
            [
              -147.23682083488126,
              -85.52559326324238
            ],
            [
              -147.2368208102735,
              -85.52559326144424
            ],
            [
              -147.2368207907322,
              -85.52559325953479
            ],
            [
              -147.2368207576238,
              -85.52559325685264
            ],
            [
              -147.23682074598844,
              -85.5255932561529
            ],
            [
              -147.23682072684474,
              -85.5255932546717
            ],
            [
              -147.23682071591685,
              -85.5255932540378
            ],
            [
              -147.23682068988532,
              -85.52559325107144
            ],
            [
              -147.23682067486087,
              -85.52559325022635
            ],
            [
              -147.23682065575653,
              -85.52559324948884
            ],
            [
              -147.23682063253324,
              -85.5255932481152
            ],
            [
              -147.23682060791987,
              -85.52559324621082
            ],
            [
              -147.2368205874259,
              -85.52559324494251
            ],
            [
              -147.23682055871038,
              -85.52559324272072
            ],
            [
              -147.23682053271818,
              -85.52559324049804
            ],
            [
              -147.23682051348416,
              -85.52559323731698
            ],
            [
              -147.23682050924666,
              -85.5255932344498
            ],
            [
              -147.23682050362999,
              -85.52559323126435
            ],
            [
              -147.23682049265128,
              -85.52559322967429
            ],
            [
              -147.2368204802599,
              -85.52559322712847
            ],
            [
              -147.2368204760561,
              -85.52559322489873
            ],
            [
              -147.23682048014504,
              -85.52559322079742
            ],
            [
              -147.23682048985077,
              -85.52559321933845
            ],
            [
              -147.23682052180857,
              -85.52559321457844
            ],
            [
              -147.23682055292005,
              -85.52559321063741
            ],
            [
              -147.2368205609437,
              -85.52559320787252
            ],
            [
              -147.23682054998193,
              -85.52559320660114
            ],
            [
              -147.23682052271275,
              -85.52559320597251
            ],
            [
              -147.23682048049835,
              -85.52559320598617
            ],
            [
              -147.23682043142423,
              -85.52559320504588
            ],
            [
              -147.23682034390438,
              -85.52559319816844
            ],
            [
              -147.2368203370222,
              -85.5255931967895
            ],
            [
              -147.23682033559822,
              -85.52559319562128
            ],
            [
              -147.23682034092113,
              -85.52559319328225
            ],
            [
              -147.23682034079127,
              -85.52559319083872
            ],
            [
              -147.2368203324964,
              -85.52559318850406
            ],
            [
              -147.23682031742118,
              -85.52559318670282
            ],
            [
              -147.23682027643844,
              -85.52559318427251
            ],
            [
              -147.23682025724958,
              -85.52559318194137
            ],
            [
              -147.23682024347377,
              -85.52559317897106
            ],
            [
              -147.23682023654092,
              -85.52559317663597
            ],
            [
              -147.2368202241381,
              -85.52559317387768
            ],
            [
              -147.23682020088108,
              -85.5255931718666
            ],
            [
              -147.23682014294522,
              -85.52559316646698
            ],
            [
              -147.2368201401936,
              -85.52559316593666
            ],
            [
              -147.23682013066676,
              -85.52559316604598
            ],
            [
              -147.23682012388056,
              -85.52559316647314
            ],
            [
              -147.23682011580607,
              -85.52559316828187
            ],
            [
              -147.23682010499093,
              -85.52559316977276
            ],
            [
              -147.23682009414773,
              -85.52559317073246
            ],
            [
              -147.236820066935,
              -85.52559317116624
            ],
            [
              -147.23682005055437,
              -85.52559317042784
            ],
            [
              -147.23682003412858,
              -85.5255931688395
            ],
            [
              -147.23682002586776,
              -85.5255931671423
            ],
            [
              -147.2368200161999,
              -85.52559316459562
            ],
            [
              -147.23682000518153,
              -85.52559316226186
            ],
            [
              -147.23681996768116,
              -85.52559315530814
            ],
            [
              -147.23681995262493,
              -85.52559315186186
            ],
            [
              -147.23681995165222,
              -85.52559315006874
            ],
            [
              -147.2368199541853,
              -85.52559314878687
            ],
            [
              -147.23681996600772,
              -85.5255931426197
            ],
            [
              -147.23681996997453,
              -85.52559314038733
            ],
            [
              -147.23681996439194,
              -85.5255931378393
            ],
            [
              -147.23681995615917,
              -85.52559313667331
            ],
            [
              -147.23681993427516,
              -85.52559313487427
            ],
            [
              -147.23681991239098,
              -85.52559313307522
            ],
            [
              -147.23681989590307,
              -85.52559313031826
            ],
            [
              -147.23681988216129,
              -85.52559312798537
            ],
            [
              -147.23681987930786,
              -85.52559312554271
            ],
            [
              -147.23681988460254,
              -85.52559312267246
            ],
            [
              -147.23681989654756,
              -85.52559311682528
            ],
            [
              -147.23681989637254,
              -85.52559311353184
            ],
            [
              -147.23681989220276,
              -85.52559311193953
            ],
            [
              -147.23681987707656,
              -85.52559310918214
            ],
            [
              -147.23681986193338,
              -85.525593106106
            ],
            [
              -147.2368198646664,
              -85.52559310366314
            ],
            [
              -147.23681986677093,
              -85.52559310265421
            ],
            [
              -147.23681988872283,
              -85.5255930977042
            ],
            [
              -147.23681988707284,
              -85.52559309228639
            ],
            [
              -147.23681988146782,
              -85.52559308931339
            ],
            [
              -147.2368198498484,
              -85.52559308369278
            ],
            [
              -147.23681982647813,
              -85.5255930795569
            ],
            [
              -147.23681980445826,
              -85.52559307520808
            ],
            [
              -147.2368197933949,
              -85.52559307202439
            ],
            [
              -147.23681978232582,
              -85.52559306873447
            ],
            [
              -147.2368197657758,
              -85.52559306480886
            ],
            [
              -147.23681973281126,
              -85.5255930595074
            ],
            [
              -147.23681970391505,
              -85.5255930538859
            ],
            [
              -147.23681967360068,
              -85.52559304720245
            ],
            [
              -147.23681961052486,
              -85.52559303904219
            ],
            [
              -147.23681956536092,
              -85.5255930348071
            ],
            [
              -147.23681951616257,
              -85.5255930315295
            ],
            [
              -147.23681948748074,
              -85.52559302994514
            ],
            [
              -147.23681944653202,
              -85.52559302815227
            ],
            [
              -147.23681940418214,
              -85.52559302561615
            ],
            [
              -147.23681936997997,
              -85.52559302265243
            ],
            [
              -147.23681932900274,
              -85.52559302032836
            ],
            [
              -147.23681929216187,
              -85.52559301895913
            ],
            [
              -147.23681924584514,
              -85.52559301865539
            ],
            [
              -147.23681920498663,
              -85.52559301856236
            ],
            [
              -147.23681916271576,
              -85.5255930175136
            ],
            [
              -147.23681911356226,
              -85.52559301508593
            ],
            [
              -147.23681906846608,
              -85.52559301212574
            ],
            [
              -147.23681903567078,
              -85.52559301001149
            ],
            [
              -147.23681901108597,
              -85.52559300863828
            ],
            [
              -147.2368189837829,
              -85.52559300737221
            ],
            [
              -147.23681894914515,
              -85.52559300527358
            ],
            [
              -147.2368189359519,
              -85.52559300420042
            ],
            [
              -147.23681889216658,
              -85.5255930002836
            ],
            [
              -147.2368188565069,
              -85.52559299551424
            ],
            [
              -147.236818823593,
              -85.52559299116896
            ],
            [
              -147.2368187921089,
              -85.52559298809813
            ],
            [
              -147.2368187579293,
              -85.52559298555936
            ],
            [
              -147.23681870734086,
              -85.52559298175099
            ],
            [
              -147.23681865809735,
              -85.52559297762348
            ],
            [
              -147.23681861708076,
              -85.5255929745557
            ],
            [
              -147.2368185308609,
              -85.52559296650918
            ],
            [
              -147.23681850622506,
              -85.52559296417982
            ],
            [
              -147.2368184939295,
              -85.5255929634401
            ],
            [
              -147.2368184625017,
              -85.52559296143167
            ],
            [
              -147.23681841470454,
              -85.5255929588973
            ],
            [
              -147.23681835195055,
              -85.52559295679276
            ],
            [
              -147.23681830555478,
              -85.52559295500166
            ],
            [
              -147.23681825775765,
              -85.52559295246729
            ],
            [
              -147.236818216758,
              -85.52559294971826
            ],
            [
              -147.23681818251646,
              -85.52559294601085
            ],
            [
              -147.2368181482691,
              -85.52559294219719
            ],
            [
              -147.2368181084618,
              -85.52559293626051
            ],
            [
              -147.23681808509184,
              -85.52559293212461
            ],
            [
              -147.23681804532984,
              -85.52559292703785
            ],
            [
              -147.23681800970388,
              -85.52559292290593
            ],
            [
              -147.23681797133744,
              -85.52559291845616
            ],
            [
              -147.23681794939696,
              -85.52559291559471
            ],
            [
              -147.23681792607186,
              -85.52559291230875
            ],
            [
              -147.2368178807837,
              -85.52559290573637
            ],
            [
              -147.2368178273022,
              -85.52559289874166
            ],
            [
              -147.23681778479985,
              -85.52559289333708
            ],
            [
              -147.2368177559941,
              -85.52559288941542
            ],
            [
              -147.23681770400444,
              -85.52559288486383
            ],
            [
              -147.23681765745593,
              -85.5255928802042
            ],
            [
              -147.23681760687893,
              -85.52559287660833
            ],
            [
              -147.23681757271063,
              -85.52559287428205
            ],
            [
              -147.23681754944784,
              -85.52559287216474
            ],
            [
              -147.2368175233937,
              -85.5255928687734
            ],
            [
              -147.2368174685674,
              -85.52559286209787
            ],
            [
              -147.23681743027456,
              -85.52559285902923
            ],
            [
              -147.2368173811044,
              -85.52559285628284
            ],
            [
              -147.2368173101969,
              -85.52559285449965
            ],
            [
              -147.23681724607556,
              -85.52559285228931
            ],
            [
              -147.2368172063868,
              -85.52559284858367
            ],
            [
              -147.23681715847673,
              -85.5255928439245
            ],
            [
              -147.23681712690214,
              -85.5255928391538
            ],
            [
              -147.23681710893396,
              -85.52559283416622
            ],
            [
              -147.2368170895872,
              -85.52559282886037
            ],
            [
              -147.23681706491166,
              -85.52559282578731
            ],
            [
              -147.23681701023236,
              -85.52559282187404
            ],
            [
              -147.23681695432103,
              -85.52559282040473
            ],
            [
              -147.23681691748018,
              -85.5255928190355
            ],
            [
              -147.236816903806,
              -85.52559281797751
            ],
            [
              -147.23681683267264,
              -85.5255928119447
            ],
            [
              -147.23681679845356,
              -85.52559280866225
            ],
            [
              -147.23681678471192,
              -85.52559280632937
            ],
            [
              -147.23681678046862,
              -85.52559280335596
            ],
            [
              -147.23681677620834,
              -85.52559280006383
            ],
            [
              -147.2368167595283,
              -85.52559279369468
            ],
            [
              -147.23681674166727,
              -85.52559279072567
            ],
            [
              -147.2368167101154,
              -85.52559278637995
            ],
            [
              -147.2368166922995,
              -85.52559278426085
            ],
            [
              -147.23681668538347,
              -85.5255927822445
            ],
            [
              -147.23681667702084,
              -85.52559277863496
            ],
            [
              -147.23681666041438,
              -85.52559277364695
            ],
            [
              -147.23681662478842,
              -85.52559276951501
            ],
            [
              -147.23681658788578,
              -85.52559276697714
            ],
            [
              -147.23681655783096,
              -85.52559276518075
            ],
            [
              -147.23681652778743,
              -85.52559276359682
            ],
            [
              -147.23681648548978,
              -85.52559275992586
            ],
            [
              -147.23681647308536,
              -85.52559275925859
            ],
            [
              -147.23681644304764,
              -85.5255927577809
            ],
            [
              -147.23681639805855,
              -85.52559275683929
            ],
            [
              -147.23681635721155,
              -85.52559275695874
            ],
            [
              -147.23681630817705,
              -85.52559275676211
            ],
            [
              -147.23681626866315,
              -85.52559275634992
            ],
            [
              -147.23681623049998,
              -85.52559275572482
            ],
            [
              -147.2368161991062,
              -85.52559275435381
            ],
            [
              -147.2368161649208,
              -85.52559275170881
            ],
            [
              -147.2368160976925,
              -85.52559274227498
            ],
            [
              -147.2368160607045,
              -85.52559273814352
            ],
            [
              -147.23681602517456,
              -85.52559273581765
            ],
            [
              -147.23681598833352,
              -85.52559273444844
            ],
            [
              -147.23681594884832,
              -85.52559273456745
            ],
            [
              -147.23681591757295,
              -85.52559273542751
            ],
            [
              -147.2368158890379,
              -85.52559273660539
            ],
            [
              -147.23681586735137,
              -85.52559273852476
            ],
            [
              -147.23681585114025,
              -85.52559274097358
            ],
            [
              -147.2368158389463,
              -85.5255927421462
            ],
            [
              -147.2368158212774,
              -85.52559274278936
            ],
            [
              -147.23681579948354,
              -85.52559274269016
            ],
            [
              -147.23681576266526,
              -85.52559274174591
            ],
            [
              -147.23681573403442,
              -85.5255927411177
            ],
            [
              -147.2368157054316,
              -85.52559274102072
            ],
            [
              -147.2368156768743,
              -85.52559274177364
            ],
            [
              -147.236815652419,
              -85.52559274284398
            ],
            [
              -147.2368156252855,
              -85.52559274476512
            ],
            [
              -147.2368156049211,
              -85.52559274594039
            ],
            [
              -147.23681556001705,
              -85.52559274659235
            ],
            [
              -147.23681553959054,
              -85.52559274659895
            ],
            [
              -147.23681549599172,
              -85.52559274618808
            ],
            [
              -147.23681547013518,
              -85.52559274651517
            ],
            [
              -147.23681544836393,
              -85.52559274684094
            ],
            [
              -147.23681543207348,
              -85.52559274780239
            ],
            [
              -147.23681540492288,
              -85.52559274940482
            ],
            [
              -147.23681538593178,
              -85.52559275079211
            ],
            [
              -147.23681536557302,
              -85.5255927520736
            ],
            [
              -147.23681532609896,
              -85.5255927524051
            ],
            [
              -147.2368152226052,
              -85.52559275243857
            ],
            [
              -147.2368151762996,
              -85.52559275234731
            ],
            [
              -147.2368151599301,
              -85.52559275182139
            ],
            [
              -147.23681515032453,
              -85.52559275044335
            ],
            [
              -147.23681514890075,
              -85.52559274927515
            ],
            [
              -147.2368151556529,
              -85.52559274821054
            ],
            [
              -147.23681516924805,
              -85.52559274778116
            ],
            [
              -147.2368151991785,
              -85.52559274724028
            ],
            [
              -147.23681522232292,
              -85.52559274712655
            ],
            [
              -147.236815252259,
              -85.5255927466919
            ],
            [
              -147.2368152780929,
              -85.52559274593985
            ],
            [
              -147.23681533099258,
              -85.52559274199176
            ],
            [
              -147.23681538788762,
              -85.52559273634253
            ],
            [
              -147.2368154150097,
              -85.52559273420891
            ],
            [
              -147.23681547206252,
              -85.52559273153439
            ],
            [
              -147.2368154788205,
              -85.52559273057602
            ],
            [
              -147.2368154787471,
              -85.52559272919491
            ],
            [
              -147.23681547459975,
              -85.52559272802758
            ],
            [
              -147.23681546226481,
              -85.52559272654416
            ],
            [
              -147.2368154458955,
              -85.52559272601826
            ],
            [
              -147.23681539136314,
              -85.52559272486722
            ],
            [
              -147.23681533416897,
              -85.52559272488574
            ],
            [
              -147.2368151611633,
              -85.52559272377302
            ],
            [
              -147.23681511213994,
              -85.52559272378888
            ],
            [
              -147.23681506040404,
              -85.5255927240181
            ],
            [
              -147.23681502224682,
              -85.52559272349922
            ],
            [
              -147.23681499087533,
              -85.5255927225532
            ],
            [
              -147.23681495676914,
              -85.52559272139555
            ],
            [
              -147.23681493906082,
              -85.52559272129504
            ],
            [
              -147.23681489685725,
              -85.52559272152116
            ],
            [
              -147.23681485733817,
              -85.52559272100275
            ],
            [
              -147.23681483955633,
              -85.52559271952111
            ],
            [
              -147.23681482042392,
              -85.5255927182524
            ],
            [
              -147.23681479993547,
              -85.52559271709035
            ],
            [
              -147.23681477538983,
              -85.52559271646084
            ],
            [
              -147.23681472775064,
              -85.52559271690122
            ],
            [
              -147.23681458772057,
              -85.52559272130244
            ],
            [
              -147.23681456872947,
              -85.52559272268974
            ],
            [
              -147.23681456199972,
              -85.5255927241793
            ],
            [
              -147.23681456208442,
              -85.52559272577291
            ],
            [
              -147.23681457171273,
              -85.52559272757591
            ],
            [
              -147.23681458264628,
              -85.52559272831608
            ],
            [
              -147.2368146153569,
              -85.52559272883671
            ],
            [
              -147.23681475423382,
              -85.52559272836682
            ],
            [
              -147.2368148087609,
              -85.5255927294116
            ],
            [
              -147.23681485242744,
              -85.52559273109735
            ],
            [
              -147.23681487978115,
              -85.5255927333196
            ],
            [
              -147.2368148989758,
              -85.52559273575697
            ],
            [
              -147.23681491678042,
              -85.52559273766356
            ],
            [
              -147.23681493319478,
              -85.52559273903941
            ],
            [
              -147.23681495369433,
              -85.52559274041391
            ],
            [
              -147.23681498648418,
              -85.52559274242192
            ],
            [
              -147.23681501661787,
              -85.52559274570568
            ],
            [
              -147.23681503042755,
              -85.52559274931346
            ],
            [
              -147.23681503057435,
              -85.52559275207571
            ],
            [
              -147.2368150198213,
              -85.52559275473526
            ],
            [
              -147.23681499679563,
              -85.52559275708002
            ],
            [
              -147.23681495061408,
              -85.52559275932605
            ],
            [
              -147.23681490434268,
              -85.52559275987224
            ],
            [
              -147.2368148621112,
              -85.52559275956716
            ],
            [
              -147.23681483483637,
              -85.5255927588323
            ],
            [
              -147.23681479933447,
              -85.52559275703764
            ],
            [
              -147.23681470925501,
              -85.52559275324207
            ],
            [
              -147.2368146614298,
              -85.5255927501765
            ],
            [
              -147.23681461497193,
              -85.52559274721675
            ],
            [
              -147.23681456997156,
              -85.52559274606264
            ],
            [
              -147.23681453446417,
              -85.52559274416177
            ],
            [
              -147.2368145112012,
              -85.52559274204445
            ],
            [
              -147.2368144974596,
              -85.52559273971156
            ],
            [
              -147.23681448504,
              -85.52559273663454
            ],
            [
              -147.2368144603984,
              -85.52559273419894
            ],
            [
              -147.2368143784163,
              -85.52559272901958
            ],
            [
              -147.2368143483786,
              -85.52559272754192
            ],
            [
              -147.23681431561704,
              -85.52559272606511
            ],
            [
              -147.23681426931722,
              -85.52559272608009
            ],
            [
              -147.23681423662373,
              -85.52559272587817
            ],
            [
              -147.23681420933747,
              -85.52559272493083
            ],
            [
              -147.2368141915669,
              -85.52559272366167
            ],
            [
              -147.23681417105584,
              -85.52559272207466
            ],
            [
              -147.23681413561042,
              -85.52559272134243
            ],
            [
              -147.23681405796768,
              -85.52559272094257
            ],
            [
              -147.23681400079047,
              -85.52559272127979
            ],
            [
              -147.23681396411914,
              -85.52559272309777
            ],
            [
              -147.23681392338483,
              -85.52559272534204
            ],
            [
              -147.23681389625668,
              -85.52559272736941
            ],
            [
              -147.23681387597162,
              -85.52559273003205
            ],
            [
              -147.23681386102592,
              -85.52559273067432
            ],
            [
              -147.23681382971685,
              -85.52559273089693
            ],
            [
              -147.2368137861009,
              -85.52559273016735
            ],
            [
              -147.23681370701712,
              -85.52559272828057
            ],
            [
              -147.23681367703023,
              -85.52559272775905
            ],
            [
              -147.23681364698686,
              -85.52559272617513
            ],
            [
              -147.23681359652826,
              -85.52559272481031
            ],
            [
              -147.23681355700919,
              -85.52559272429188
            ],
            [
              -147.23681353383077,
              -85.52559272376817
            ],
            [
              -147.23681350787263,
              -85.52559272218292
            ],
            [
              -147.23681349003996,
              -85.52559271974513
            ],
            [
              -147.2368134638955,
              -85.52559271465394
            ],
            [
              -147.23681341454474,
              -85.52559270850786
            ],
            [
              -147.23681337904844,
              -85.52559270681947
            ],
            [
              -147.2368133476716,
              -85.52559270576718
            ],
            [
              -147.236813317696,
              -85.52559270545815
            ],
            [
              -147.2368132864205,
              -85.5255927063182
            ],
            [
              -147.23681321841414,
              -85.52559270941757
            ],
            [
              -147.23681318761598,
              -85.52559271065715
            ],
            [
              -147.2368131409493,
              -85.52559271082742
            ],
            [
              -147.23681309734482,
              -85.52559271031033
            ],
            [
              -147.23681305373455,
              -85.52559270968698
            ],
            [
              -147.23681299106525,
              -85.52559270917605
            ],
            [
              -147.23681293387145,
              -85.52559270919454
            ],
            [
              -147.2368128998048,
              -85.5255927087806
            ],
            [
              -147.2368128657157,
              -85.52559270794168
            ],
            [
              -147.23681282482315,
              -85.5255927072112
            ],
            [
              -147.2368128016452,
              -85.52559270668748
            ],
            [
              -147.23681278116223,
              -85.5255927056317
            ],
            [
              -147.23681273485664,
              -85.52559270554043
            ],
            [
              -147.23681269403215,
              -85.52559270608484
            ],
            [
              -147.23681262744122,
              -85.52559270865619
            ],
            [
              -147.23681256091822,
              -85.525592711516
            ],
            [
              -147.23681251807264,
              -85.52559271384678
            ],
            [
              -147.23681247655205,
              -85.52559271499454
            ],
            [
              -147.23681243896067,
              -85.52559271487921
            ],
            [
              -147.23681240624444,
              -85.52559271425234
            ],
            [
              -147.236812350617,
              -85.52559271299542
            ],
            [
              -147.23681230316663,
              -85.52559271186337
            ],
            [
              -147.23681226163123,
              -85.5255927109815
            ],
            [
              -147.23681227588236,
              -85.52559269907698
            ],
            [
              -147.23681229003105,
              -85.52559269881742
            ],
            [
              -147.23681229720532,
              -85.52559269031572
            ],
            [
              -147.23681234295137,
              -85.52559269013092
            ],
            [
              -147.23681234387382,
              -85.52559268698586
            ],
            [
              -147.2368122774245,
              -85.52559268709236
            ],
            [
              -147.236812253516,
              -85.525592688205
            ],
            [
              -147.23681224865172,
              -85.52559269917079
            ],
            [
              -147.23681223807452,
              -85.5255927102659
            ],
            [
              -147.23681222627522,
              -85.52559271023084
            ],
            [
              -147.2368121838221,
              -85.52559271088204
            ],
            [
              -147.23681216097143,
              -85.52559271139937
            ],
            [
              -147.23681214141658,
              -85.52559271242563
            ],
            [
              -147.23681212030183,
              -85.52559271485478
            ],
            [
              -147.23681206168374,
              -85.52559271882596
            ],
            [
              -147.236812024255,
              -85.52559272177035
            ],
            [
              -147.2368119917081,
              -85.5255927243307
            ],
            [
              -147.2368119194798,
              -85.52559272719878
            ],
            [
              -147.23681188305366,
              -85.5255927277044
            ],
            [
              -147.23681179032852,
              -85.52559272982369
            ],
            [
              -147.2368116588097,
              -85.52559273310776
            ],
            [
              -147.23681162776163,
              -85.52559273311779
            ],
            [
              -147.23681159834783,
              -85.5255927331273
            ],
            [
              -147.23681157549038,
              -85.52559273351717
            ],
            [
              -147.23681155919667,
              -85.52559273441487
            ],
            [
              -147.2368115510667,
              -85.52559273518244
            ],
            [
              -147.23681154783907,
              -85.52559273594844
            ],
            [
              -147.23681154790003,
              -85.52559273709582
            ],
            [
              -147.23681155452482,
              -85.52559273875107
            ],
            [
              -147.2368115841215,
              -85.52559274218375
            ],
            [
              -147.23681160379203,
              -85.52559274332481
            ],
            [
              -147.23681162176712,
              -85.525592743319
            ],
            [
              -147.23681163968817,
              -85.52559274229328
            ],
            [
              -147.23681166078262,
              -85.52559273948165
            ],
            [
              -147.2368116803242,
              -85.52559273820043
            ],
            [
              -147.23681170158804,
              -85.52559273857601
            ],
            [
              -147.2368117229533,
              -85.52559274086394
            ],
            [
              -147.23681172310236,
              -85.5255927436687
            ],
            [
              -147.23681172000363,
              -85.52559274685696
            ],
            [
              -147.2368117086867,
              -85.52559274915545
            ],
            [
              -147.2368116842156,
              -85.52559274992831
            ],
            [
              -147.23681166132457,
              -85.52559274968074
            ],
            [
              -147.23681161223337,
              -85.5255927484217
            ],
            [
              -147.2368115877216,
              -85.52559274842963
            ],
            [
              -147.23681157296042,
              -85.52559274741448
            ],
            [
              -147.23681153680667,
              -85.52559274360145
            ],
            [
              -147.23681149414372,
              -85.52559274030048
            ],
            [
              -147.23681147288008,
              -85.5255927399249
            ],
            [
              -147.23681143265267,
              -85.52559273940925
            ],
            [
              -147.23681140440038,
              -85.52559274077827
            ],
            [
              -147.2368113838687,
              -85.52559274392969
            ],
            [
              -147.23681135581515,
              -85.5255927490384
            ],
            [
              -147.23681132233241,
              -85.52559275448884
            ],
            [
              -147.2368112919734,
              -85.52559275721845
            ],
            [
              -147.23681124965353,
              -85.52559276037692
            ],
            [
              -147.23681121923613,
              -85.52559276200164
            ],
            [
              -147.23681114758358,
              -85.52559276669949
            ],
            [
              -147.2368110846009,
              -85.52559277054458
            ],
            [
              -147.23681104654383,
              -85.52559277191679
            ],
            [
              -147.23681100409766,
              -85.52559277269545
            ],
            [
              -147.23681094964513,
              -85.52559277305303
            ],
            [
              -147.23681090396684,
              -85.52559277451272
            ],
            [
              -147.23681088140646,
              -85.52559277465811
            ],
            [
              -147.23681082956804,
              -85.5255927742526
            ],
            [
              -147.23681080477203,
              -85.52559277343988
            ],
            [
              -147.23681076001606,
              -85.52559277175448
            ],
            [
              -147.23681071752455,
              -85.52559277168322
            ],
            [
              -147.23681069791957,
              -85.52559277177457
            ],
            [
              -147.2368106554824,
              -85.52559277272323
            ],
            [
              -147.2368106217467,
              -85.52559277341408
            ],
            [
              -147.23681057712622,
              -85.52559277427845
            ],
            [
              -147.2368105488604,
              -85.52559277539251
            ],
            [
              -147.23681049819643,
              -85.52559277652063
            ],
            [
              -147.2368104378354,
              -85.5255927772133
            ],
            [
              -147.23681040516237,
              -85.52559277739384
            ],
            [
              -147.2368103899694,
              -85.52559277850368
            ],
            [
              -147.23681036940576,
              -85.52559278106014
            ],
            [
              -147.2368103294096,
              -85.52559278693766
            ],
            [
              -147.23681030881005,
              -85.52559278881418
            ],
            [
              -147.23681022731222,
              -85.52559279275026
            ],
            [
              -147.2368101393184,
              -85.52559279745338
            ],
            [
              -147.2368100166461,
              -85.52559280152477
            ],
            [
              -147.2368099337369,
              -85.52559280451413
            ],
            [
              -147.236809802699,
              -85.52559280602593
            ],
            [
              -147.236809778072,
              -85.52559280616255
            ],
            [
              -147.23680969566672,
              -85.52559280696745
            ],
            [
              -147.23680960038877,
              -85.52559280784821
            ],
            [
              -147.2368094859555,
              -85.5255928070353
            ],
            [
              -147.2368093442534,
              -85.52559280559372
            ],
            [
              -147.2368092460712,
              -85.52559280307568
            ],
            [
              -147.23680917241174,
              -85.52559280076215
            ],
            [
              -147.23680910687813,
              -85.52559279759608
            ],
            [
              -147.23680907189237,
              -85.52559279605137
            ],
            [
              -147.23680893218858,
              -85.52559279042812
            ],
            [
              -147.2368088585067,
              -85.52559278768963
            ],
            [
              -147.23680878198851,
              -85.52559278282723
            ],
            [
              -147.23680874367855,
              -85.52559277943989
            ],
            [
              -147.2368086944068,
              -85.52559277478116
            ],
            [
              -147.2368086643463,
              -85.52559277287851
            ],
            [
              -147.23680863437636,
              -85.52559277267572
            ],
            [
              -147.23680861259962,
              -85.52559277289525
            ],
            [
              -147.23680854843929,
              -85.52559277499203
            ],
            [
              -147.2368085181493,
              -85.5255927758239
            ],
            [
              -147.2368083923331,
              -85.52559277934104
            ],
            [
              -147.23680836237443,
              -85.52559277935072
            ],
            [
              -147.2368083351049,
              -85.5255927787221
            ],
            [
              -147.2368082969421,
              -85.52559277809699
            ],
            [
              -147.2368081852325,
              -85.52559277728318
            ],
            [
              -147.23680812522466,
              -85.5255927756027
            ],
            [
              -147.23680809518692,
              -85.52559277412503
            ],
            [
              -147.23680804511187,
              -85.52559276779672
            ],
            [
              -147.23680801975928,
              -85.52559276416267
            ],
            [
              -147.23680798969335,
              -85.52559276215378
            ],
            [
              -147.2368079597176,
              -85.52559276184473
            ]
          ]
        ]
      }
    }
  ]
}